ISO-10303-21;
HEADER;
FILE_DESCRIPTION (( 'STEP AP203' ),
    '1' );
FILE_NAME ('ATGM336H.STEP',
    '2024-11-26T15:50:10',
    ( '' ),
    ( '' ),
    'SwSTEP 2.0',
    'SolidWorks 2023',
    '' );
FILE_SCHEMA (( 'CONFIG_CONTROL_DESIGN' ));
ENDSEC;

DATA;
#1 = DIRECTION ( 'NONE',  ( 0.000000000000000000, 1.000000000000000000, 0.000000000000000000 ) ) ;
#2 = CARTESIAN_POINT ( 'NONE',  ( -44.06303808268222610, 0.6500000000000000222, 3.506718403488664926 ) ) ;
#3 = EDGE_CURVE ( 'NONE', #1755, #4207, #723, .T. ) ;
#4 = CARTESIAN_POINT ( 'NONE',  ( 1.639644902006179956E-14, -0.01000000000000002623, 8.506718403488580549 ) ) ;
#5 = VECTOR ( 'NONE', #4540, 1000.000000000000000 ) ;
#6 = CARTESIAN_POINT ( 'NONE',  ( -34.36303808268226589, 0.000000000000000000, 7.706718403488665992 ) ) ;
#7 = VECTOR ( 'NONE', #3750, 1000.000000000000000 ) ;
#8 = DIRECTION ( 'NONE',  ( 0.000000000000000000, 0.000000000000000000, -1.000000000000000000 ) ) ;
#9 = DIRECTION ( 'NONE',  ( 0.000000000000000000, 0.000000000000000000, -1.000000000000000000 ) ) ;
#10 = ORIENTED_EDGE ( 'NONE', *, *, #751, .T. ) ;
#11 = DIRECTION ( 'NONE',  ( 0.000000000000000000, 1.000000000000000000, 0.000000000000000000 ) ) ;
#12 = CARTESIAN_POINT ( 'NONE',  ( -34.36303808268228011, -0.01000000000000002623, 4.406718403488665281 ) ) ;
#13 = VECTOR ( 'NONE', #3604, 1000.000000000000000 ) ;
#14 = CYLINDRICAL_SURFACE ( 'NONE', #1824, 0.1999999999999987899 ) ;
#15 = EDGE_LOOP ( 'NONE', ( #4670, #3579, #187, #1949 ) ) ;
#16 = ORIENTED_EDGE ( 'NONE', *, *, #5077, .T. ) ;
#17 = CARTESIAN_POINT ( 'NONE',  ( -44.06303808268221900, 0.6500000000000000222, 2.406718403488664837 ) ) ;
#18 = LINE ( 'NONE', #1650, #769 ) ;
#19 = VECTOR ( 'NONE', #4006, 1000.000000000000000 ) ;
#20 = ADVANCED_FACE ( 'NONE', ( #4857 ), #4026, .F. ) ;
#21 = EDGE_CURVE ( 'NONE', #4853, #1761, #1156, .T. ) ;
#22 = ADVANCED_FACE ( 'NONE', ( #3696 ), #3244, .T. ) ;
#23 = ORIENTED_EDGE ( 'NONE', *, *, #821, .T. ) ;
#24 = ORIENTED_EDGE ( 'NONE', *, *, #3900, .F. ) ;
#25 = ADVANCED_FACE ( 'NONE', ( #3671 ), #3719, .F. ) ;
#26 = CARTESIAN_POINT ( 'NONE',  ( 0.000000000000000000, -0.01000000000000002623, 0.000000000000000000 ) ) ;
#27 = ORIENTED_EDGE ( 'NONE', *, *, #3250, .T. ) ;
#28 = PLANE ( 'NONE',  #4098 ) ;
#29 = VERTEX_POINT ( 'NONE', #4891 ) ;
#30 = CARTESIAN_POINT ( 'NONE',  ( -34.36303808268228011, -0.01000000000000002623, 2.206718403488665103 ) ) ;
#31 = CARTESIAN_POINT ( 'NONE',  ( -44.06303808268222610, 0.6500000000000000222, 4.606718403488665459 ) ) ;
#32 = AXIS2_PLACEMENT_3D ( 'NONE', #2804, #1124, #722 ) ;
#33 = EDGE_CURVE ( 'NONE', #47, #4807, #4539, .T. ) ;
#34 = CARTESIAN_POINT ( 'NONE',  ( -44.06303808268223321, -0.01000000000000002623, 5.506718403488664926 ) ) ;
#35 = AXIS2_PLACEMENT_3D ( 'NONE', #2558, #556, #3420 ) ;
#36 = FACE_OUTER_BOUND ( 'NONE', #941, .T. ) ;
#37 = AXIS2_PLACEMENT_3D ( 'NONE', #3908, #3042, #2231 ) ;
#38 = CARTESIAN_POINT ( 'NONE',  ( -34.75155472807056611, -0.01000000000000002623, 11.98732127763674171 ) ) ;
#39 = CARTESIAN_POINT ( 'NONE',  ( -2.063688418356095936E-14, -0.01000000000000002623, 10.70671840348873083 ) ) ;
#40 = ORIENTED_EDGE ( 'NONE', *, *, #2822, .F. ) ;
#41 = FACE_OUTER_BOUND ( 'NONE', #403, .T. ) ;
#42 = AXIS2_PLACEMENT_3D ( 'NONE', #250, #4821, #3259 ) ;
#43 = AXIS2_PLACEMENT_3D ( 'NONE', #2898, #5280, #4551 ) ;
#44 = DIRECTION ( 'NONE',  ( -0.000000000000000000, -0.000000000000000000, -1.000000000000000000 ) ) ;
#45 = CARTESIAN_POINT ( 'NONE',  ( -43.16303808268223463, -0.01000000000000002623, 7.406718403488664393 ) ) ;
#46 = ORIENTED_EDGE ( 'NONE', *, *, #1472, .T. ) ;
#47 = VERTEX_POINT ( 'NONE', #2503 ) ;
#48 = DIRECTION ( 'NONE',  ( -0.000000000000000000, -1.000000000000000000, -0.000000000000000000 ) ) ;
#49 = DIRECTION ( 'NONE',  ( 0.000000000000000000, -1.000000000000000000, 0.000000000000000000 ) ) ;
#50 = VERTEX_POINT ( 'NONE', #3318 ) ;
#51 = ORIENTED_EDGE ( 'NONE', *, *, #4317, .T. ) ;
#52 = CARTESIAN_POINT ( 'NONE',  ( -44.06303808268223321, 0.6500000000000000222, 7.206718403488665103 ) ) ;
#53 = VERTEX_POINT ( 'NONE', #852 ) ;
#54 = ORIENTED_EDGE ( 'NONE', *, *, #520, .F. ) ;
#55 = CARTESIAN_POINT ( 'NONE',  ( -35.26303808268227868, 0.000000000000000000, 4.106718403488663682 ) ) ;
#56 = CARTESIAN_POINT ( 'NONE',  ( -44.06303808268224742, 0.6500000000000000222, 10.10671840348866546 ) ) ;
#57 = VECTOR ( 'NONE', #705, 1000.000000000000000 ) ;
#58 = EDGE_CURVE ( 'NONE', #2111, #3389, #4184, .T. ) ;
#59 = VECTOR ( 'NONE', #2771, 1000.000000000000000 ) ;
#60 = CARTESIAN_POINT ( 'NONE',  ( -43.16303808268222753, 0.000000000000000000, 4.406718403488665281 ) ) ;
#61 = DIRECTION ( 'NONE',  ( -1.000000000000000000, 0.000000000000000000, 9.637352644315616444E-16 ) ) ;
#62 = EDGE_CURVE ( 'NONE', #3079, #1540, #4560, .T. ) ;
#63 = CARTESIAN_POINT ( 'NONE',  ( -34.36303808268225879, 0.6500000000000000222, 11.00671840348866404 ) ) ;
#64 = DIRECTION ( 'NONE',  ( -1.000000000000000000, 0.000000000000000000, 2.312964634635736587E-14 ) ) ;
#65 = ORIENTED_EDGE ( 'NONE', *, *, #1908, .T. ) ;
#66 = CARTESIAN_POINT ( 'NONE',  ( -43.16303808268223463, 0.000000000000000000, 7.406718403488664393 ) ) ;
#67 = EDGE_CURVE ( 'NONE', #1818, #3157, #4078, .T. ) ;
#68 = VECTOR ( 'NONE', #663, 1000.000000000000000 ) ;
#69 = LINE ( 'NONE', #4270, #4876 ) ;
#70 = DIRECTION ( 'NONE',  ( -1.927470528863123289E-15, 0.000000000000000000, -1.000000000000000000 ) ) ;
#71 = ORIENTED_EDGE ( 'NONE', *, *, #4468, .T. ) ;
#72 = VERTEX_POINT ( 'NONE', #2453 ) ;
#73 = VECTOR ( 'NONE', #5020, 1000.000000000000000 ) ;
#74 = FACE_OUTER_BOUND ( 'NONE', #4282, .T. ) ;
#75 = FACE_OUTER_BOUND ( 'NONE', #622, .T. ) ;
#76 = ORIENTED_EDGE ( 'NONE', *, *, #4610, .T. ) ;
#77 = VERTEX_POINT ( 'NONE', #1208 ) ;
#78 = DIRECTION ( 'NONE',  ( -0.000000000000000000, 0.000000000000000000, 1.000000000000000000 ) ) ;
#79 = VERTEX_POINT ( 'NONE', #2885 ) ;
#80 = VERTEX_POINT ( 'NONE', #2477 ) ;
#81 = CARTESIAN_POINT ( 'NONE',  ( -34.36303808268226589, 0.000000000000000000, 9.006718403488664038 ) ) ;
#82 = DIRECTION ( 'NONE',  ( -1.000000000000000000, 0.000000000000000000, -0.000000000000000000 ) ) ;
#83 = ORIENTED_EDGE ( 'NONE', *, *, #751, .F. ) ;
#84 = CARTESIAN_POINT ( 'NONE',  ( 0.000000000000000000, -0.01000000000000002623, 0.000000000000000000 ) ) ;
#85 = EDGE_CURVE ( 'NONE', #5145, #5324, #2095, .T. ) ;
#86 = FACE_OUTER_BOUND ( 'NONE', #4442, .T. ) ;
#87 = EDGE_CURVE ( 'NONE', #599, #4358, #479, .T. ) ;
#88 = DIRECTION ( 'NONE',  ( -9.637352644315616444E-16, 0.000000000000000000, 1.000000000000000000 ) ) ;
#89 = CARTESIAN_POINT ( 'NONE',  ( -44.06303808268222610, 0.6500000000000000222, 4.806718403488665636 ) ) ;
#90 = AXIS2_PLACEMENT_3D ( 'NONE', #1973, #5270, #323 ) ;
#91 = ORIENTED_EDGE ( 'NONE', *, *, #2203, .T. ) ;
#92 = PLANE ( 'NONE',  #1414 ) ;
#93 = CARTESIAN_POINT ( 'NONE',  ( -35.26303808268225026, 0.000000000000000000, 11.80671840348866297 ) ) ;
#94 = CARTESIAN_POINT ( 'NONE',  ( -44.06303808268199873, -0.01000000000000002623, -1.019162487798514148E-12 ) ) ;
#95 = ORIENTED_EDGE ( 'NONE', *, *, #452, .F. ) ;
#96 = ORIENTED_EDGE ( 'NONE', *, *, #5224, .F. ) ;
#97 = CARTESIAN_POINT ( 'NONE',  ( -44.06303808268199873, 0.6500000000000000222, -1.019162487798514148E-12 ) ) ;
#98 = PERSON_AND_ORGANIZATION_ROLE ( 'design_owner' ) ;
#99 = CIRCLE ( 'NONE', #5203, 0.1999999999999987899 ) ;
#100 = LINE ( 'NONE', #3483, #3481 ) ;
#101 = EDGE_LOOP ( 'NONE', ( #4951, #91, #5131, #2129, #3610 ) ) ;
#102 = CARTESIAN_POINT ( 'NONE',  ( 0.000000000000000000, -0.01000000000000002623, 9.606718403488663682 ) ) ;
#103 = ORIENTED_EDGE ( 'NONE', *, *, #1087, .T. ) ;
#104 = ORIENTED_EDGE ( 'NONE', *, *, #3862, .F. ) ;
#105 = CARTESIAN_POINT ( 'NONE',  ( -35.26303808268227158, 0.000000000000000000, 5.506718403488664926 ) ) ;
#106 = LINE ( 'NONE', #2598, #3333 ) ;
#107 = ADVANCED_FACE ( 'NONE', ( #2861 ), #5293, .F. ) ;
#108 = ORIENTED_EDGE ( 'NONE', *, *, #4579, .T. ) ;
#109 = CARTESIAN_POINT ( 'NONE',  ( -34.36303808268227300, -0.01000000000000002623, 6.606718403488665459 ) ) ;
#110 = FACE_OUTER_BOUND ( 'NONE', #2068, .T. ) ;
#111 = CARTESIAN_POINT ( 'NONE',  ( 0.000000000000000000, -0.01000000000000002623, 9.606718403488663682 ) ) ;
#112 = CARTESIAN_POINT ( 'NONE',  ( -35.26303808268225737, -0.01000000000000002623, 11.00671840348866404 ) ) ;
#113 = CARTESIAN_POINT ( 'NONE',  ( -34.36303808268226589, 0.6500000000000000222, 7.206718403488665103 ) ) ;
#114 = EDGE_CURVE ( 'NONE', #4087, #1693, #2047, .T. ) ;
#115 = EDGE_CURVE ( 'NONE', #566, #3371, #5350, .T. ) ;
#116 = EDGE_CURVE ( 'NONE', #3983, #2485, #1695, .T. ) ;
#117 = ADVANCED_FACE ( 'NONE', ( #778 ), #1589, .F. ) ;
#118 = VECTOR ( 'NONE', #5209, 1000.000000000000000 ) ;
#119 = PLANE ( 'NONE',  #4613 ) ;
#120 = LINE ( 'NONE', #2664, #2974 ) ;
#121 = LINE ( 'NONE', #202, #4418 ) ;
#122 = LINE ( 'NONE', #233, #436 ) ;
#123 = ORIENTED_EDGE ( 'NONE', *, *, #867, .F. ) ;
#124 = ORIENTED_EDGE ( 'NONE', *, *, #2740, .F. ) ;
#125 = CARTESIAN_POINT ( 'NONE',  ( -34.36303808268246485, -0.01000000000000002623, 7.948049182388579355E-13 ) ) ;
#126 = CARTESIAN_POINT ( 'NONE',  ( -44.06303808268224032, 0.000000000000000000, 8.306718403488664748 ) ) ;
#127 = AXIS2_PLACEMENT_3D ( 'NONE', #1611, #2066, #2907 ) ;
#128 = VECTOR ( 'NONE', #467, 1000.000000000000000 ) ;
#129 = CARTESIAN_POINT ( 'NONE',  ( 0.000000000000000000, -0.01000000000000002623, 5.506718403488664926 ) ) ;
#130 = ORIENTED_EDGE ( 'NONE', *, *, #2039, .F. ) ;
#131 = DIRECTION ( 'NONE',  ( 0.000000000000000000, 1.000000000000000000, 0.000000000000000000 ) ) ;
#132 = EDGE_LOOP ( 'NONE', ( #40, #2080, #698, #4061, #2481, #2950 ) ) ;
#133 = VERTEX_POINT ( 'NONE', #1235 ) ;
#134 = EDGE_CURVE ( 'NONE', #3355, #4443, #829, .T. ) ;
#135 = DIRECTION ( 'NONE',  ( 0.000000000000000000, 1.000000000000000000, -0.000000000000000000 ) ) ;
#136 = CARTESIAN_POINT ( 'NONE',  ( -44.06303808268223321, -0.01000000000000002623, 6.306718403488664748 ) ) ;
#137 = VERTEX_POINT ( 'NONE', #4583 ) ;
#138 = CARTESIAN_POINT ( 'NONE',  ( -43.70131370585286845, -1.010000000000000009, 2.027399959825791687 ) ) ;
#139 = DIRECTION ( 'NONE',  ( -1.000000000000000000, 0.000000000000000000, 9.637352644315616444E-16 ) ) ;
#140 = EDGE_CURVE ( 'NONE', #3128, #204, #5111, .T. ) ;
#141 = PLANE ( 'NONE',  #4879 ) ;
#142 = DIRECTION ( 'NONE',  ( 0.000000000000000000, 0.000000000000000000, 1.000000000000000000 ) ) ;
#143 = ADVANCED_FACE ( 'NONE', ( #3805 ), #3829, .F. ) ;
#144 = DIRECTION ( 'NONE',  ( 0.000000000000000000, -0.000000000000000000, -1.000000000000000000 ) ) ;
#145 = CARTESIAN_POINT ( 'NONE',  ( 0.000000000000000000, -0.01000000000000002623, 0.000000000000000000 ) ) ;
#146 = DIRECTION ( 'NONE',  ( 0.000000000000000000, 0.000000000000000000, 1.000000000000000000 ) ) ;
#147 = LINE ( 'NONE', #4349, #2425 ) ;
#148 = ORIENTED_EDGE ( 'NONE', *, *, #3797, .F. ) ;
#149 = EDGE_LOOP ( 'NONE', ( #4366, #1703, #5228, #2726, #1088 ) ) ;
#150 = DIRECTION ( 'NONE',  ( 2.312964634635743529E-14, 0.000000000000000000, 1.000000000000000000 ) ) ;
#151 = PERSON_AND_ORGANIZATION ( #437, #2236 ) ;
#152 = LINE ( 'NONE', #4248, #4174 ) ;
#153 = ORIENTED_EDGE ( 'NONE', *, *, #3933, .F. ) ;
#154 = DIRECTION ( 'NONE',  ( 0.000000000000000000, -0.000000000000000000, -1.000000000000000000 ) ) ;
#155 = EDGE_LOOP ( 'NONE', ( #4430, #1324, #3520, #1125, #4158 ) ) ;
#156 = ORIENTED_EDGE ( 'NONE', *, *, #4831, .F. ) ;
#157 = LINE ( 'NONE', #5172, #2791 ) ;
#158 = DIRECTION ( 'NONE',  ( 0.000000000000000000, 1.000000000000000000, 0.000000000000000000 ) ) ;
#159 = CC_DESIGN_APPROVAL ( #3156, ( #1116 ) ) ;
#160 = ORIENTED_EDGE ( 'NONE', *, *, #2673, .F. ) ;
#161 = DIRECTION ( 'NONE',  ( -0.000000000000000000, -1.000000000000000000, -0.000000000000000000 ) ) ;
#162 = EDGE_LOOP ( 'NONE', ( #4519, #542, #1737, #1304, #5085, #5290, #1203, #3544, #1720, #3653, #5187, #5074, #2511, #4494, #2869, #4180, #4251, #1787, #2708, #2562 ) ) ;
#163 = CARTESIAN_POINT ( 'NONE',  ( -34.36303808268228011, 0.000000000000000000, 3.006718403488664482 ) ) ;
#164 = DIRECTION ( 'NONE',  ( -1.000000000000000000, 0.000000000000000000, -0.000000000000000000 ) ) ;
#165 = DIRECTION ( 'NONE',  ( 1.000000000000000000, 0.000000000000000000, 1.927470528863108300E-15 ) ) ;
#166 = PLANE ( 'NONE',  #3663 ) ;
#167 = DIRECTION ( 'NONE',  ( -0.000000000000000000, -1.000000000000000000, 0.000000000000000000 ) ) ;
#168 = CARTESIAN_POINT ( 'NONE',  ( -43.16303808268224174, 0.000000000000000000, 8.506718403488664038 ) ) ;
#169 = DIRECTION ( 'NONE',  ( -1.000000000000000000, 0.000000000000000000, -0.000000000000000000 ) ) ;
#170 = LINE ( 'NONE', #203, #174 ) ;
#171 = ORIENTED_EDGE ( 'NONE', *, *, #4206, .T. ) ;
#172 = ORIENTED_EDGE ( 'NONE', *, *, #752, .T. ) ;
#173 = CARTESIAN_POINT ( 'NONE',  ( -34.75155472807056611, -1.010000000000000009, 11.98732127763674171 ) ) ;
#174 = VECTOR ( 'NONE', #5130, 1000.000000000000000 ) ;
#175 = CARTESIAN_POINT ( 'NONE',  ( -34.36303808268225879, 0.000000000000000000, 11.40671840348866617 ) ) ;
#176 = ORIENTED_EDGE ( 'NONE', *, *, #550, .F. ) ;
#177 = DIRECTION ( 'NONE',  ( -0.000000000000000000, -1.000000000000000000, 0.000000000000000000 ) ) ;
#178 = ORIENTED_EDGE ( 'NONE', *, *, #4988, .F. ) ;
#179 = ORIENTED_EDGE ( 'NONE', *, *, #62, .F. ) ;
#180 = VECTOR ( 'NONE', #4329, 1000.000000000000000 ) ;
#181 = CARTESIAN_POINT ( 'NONE',  ( 0.000000000000000000, -0.01000000000000002623, 11.00671840348866404 ) ) ;
#182 = CARTESIAN_POINT ( 'NONE',  ( 2.897680555657349984E-15, -0.01000000000000002623, 3.006718403488622293 ) ) ;
#183 = ADVANCED_FACE ( 'NONE', ( #5040 ), #2988, .F. ) ;
#184 = EDGE_CURVE ( 'NONE', #2678, #4998, #69, .T. ) ;
#185 = EDGE_CURVE ( 'NONE', #928, #568, #2370, .T. ) ;
#186 = EDGE_CURVE ( 'NONE', #5017, #647, #1725, .T. ) ;
#187 = ORIENTED_EDGE ( 'NONE', *, *, #1784, .F. ) ;
#188 = CARTESIAN_POINT ( 'NONE',  ( -43.16303808268223463, 0.000000000000000000, 6.306718403488663860 ) ) ;
#190 = ORIENTED_EDGE ( 'NONE', *, *, #821, .F. ) ;
#189 = VECTOR ( 'NONE', #924, 1000.000000000000000 ) ;
#191 = CARTESIAN_POINT ( 'NONE',  ( -34.75155472807056611, -0.01000000000000002623, 11.98732127763674171 ) ) ;
#192 = EDGE_CURVE ( 'NONE', #443, #1532, #3041, .T. ) ;
#193 = VECTOR ( 'NONE', #2482, 1000.000000000000000 ) ;
#194 = CARTESIAN_POINT ( 'NONE',  ( -43.16303808268223463, -0.01000000000000002623, 5.506718403488664926 ) ) ;
#195 = EDGE_CURVE ( 'NONE', #1028, #1580, #2346, .T. ) ;
#196 = CARTESIAN_POINT ( 'NONE',  ( -34.36303808268226589, 0.000000000000000000, 7.906718403488666169 ) ) ;
#197 = VECTOR ( 'NONE', #5344, 1000.000000000000000 ) ;
#198 = AXIS2_PLACEMENT_3D ( 'NONE', #1918, #2773, #370 ) ;
#199 = DIRECTION ( 'NONE',  ( 0.000000000000000000, 1.000000000000000000, 0.000000000000000000 ) ) ;
#200 = AXIS2_PLACEMENT_3D ( 'NONE', #3302, #5305, #2384 ) ;
#201 = CARTESIAN_POINT ( 'NONE',  ( -34.36303808268227300, 0.000000000000000000, 4.606718403488665459 ) ) ;
#202 = CARTESIAN_POINT ( 'NONE',  ( -38.71872036012467078, -1.010000000000000009, 11.98732127763674171 ) ) ;
#203 = CARTESIAN_POINT ( 'NONE',  ( -1.639644902006208986E-14, -0.01000000000000002623, 8.506718403488731539 ) ) ;
#204 = VERTEX_POINT ( 'NONE', #3074 ) ;
#205 = ORIENTED_EDGE ( 'NONE', *, *, #5258, .T. ) ;
#206 = CARTESIAN_POINT ( 'NONE',  ( -34.36303808268228011, 0.000000000000000000, 2.606718403488665459 ) ) ;
#207 = VECTOR ( 'NONE', #3422, 1000.000000000000000 ) ;
#208 = CIRCLE ( 'NONE', #3239, 0.1999999999999996503 ) ;
#209 = CARTESIAN_POINT ( 'NONE',  ( -43.16303808268224884, 0.000000000000000000, 11.00671840348866404 ) ) ;
#210 = EDGE_LOOP ( 'NONE', ( #4001, #1132, #4249, #1678 ) ) ;
#211 = DIRECTION ( 'NONE',  ( 0.000000000000000000, 1.000000000000000000, 0.000000000000000000 ) ) ;
#212 = ORIENTED_EDGE ( 'NONE', *, *, #2902, .T. ) ;
#213 = AXIS2_PLACEMENT_3D ( 'NONE', #3203, #284, #3178 ) ;
#214 = ORIENTED_EDGE ( 'NONE', *, *, #4223, .F. ) ;
#215 = FACE_OUTER_BOUND ( 'NONE', #2706, .T. ) ;
#216 = CARTESIAN_POINT ( 'NONE',  ( -43.16303808268222042, -0.01000000000000002623, 2.206718403488665103 ) ) ;
#217 = VECTOR ( 'NONE', #4687, 1000.000000000000000 ) ;
#218 = ADVANCED_FACE ( 'NONE', ( #3368 ), #4640, .T. ) ;
#219 = ORIENTED_EDGE ( 'NONE', *, *, #1821, .F. ) ;
#220 = CIRCLE ( 'NONE', #43, 0.1999999999999996503 ) ;
#221 = DIRECTION ( 'NONE',  ( -9.637352644315616444E-16, 0.000000000000000000, 1.000000000000000000 ) ) ;
#222 = ORIENTED_EDGE ( 'NONE', *, *, #1282, .F. ) ;
#223 = DIRECTION ( 'NONE',  ( -2.312964634635736587E-14, 0.000000000000000000, 1.000000000000000000 ) ) ;
#224 = PLANE ( 'NONE',  #2717 ) ;
#225 = LINE ( 'NONE', #3551, #477 ) ;
#226 = CARTESIAN_POINT ( 'NONE',  ( -43.70131370585286845, -0.01000000000000002623, 11.98732127763674171 ) ) ;
#227 = VECTOR ( 'NONE', #2454, 1000.000000000000000 ) ;
#228 = EDGE_CURVE ( 'NONE', #4227, #3079, #4697, .T. ) ;
#229 = LINE ( 'NONE', #3907, #2690 ) ;
#230 = AXIS2_PLACEMENT_3D ( 'NONE', #904, #3773, #2090 ) ;
#231 = FACE_OUTER_BOUND ( 'NONE', #5306, .T. ) ;
#232 = DIRECTION ( 'NONE',  ( -0.000000000000000000, -0.000000000000000000, -1.000000000000000000 ) ) ;
#233 = CARTESIAN_POINT ( 'NONE',  ( 0.000000000000000000, -0.01000000000000002623, 8.806718403488666524 ) ) ;
#234 = VERTEX_POINT ( 'NONE', #4217 ) ;
#235 = ORIENTED_EDGE ( 'NONE', *, *, #4423, .T. ) ;
#236 = EDGE_CURVE ( 'NONE', #4301, #3180, #2583, .T. ) ;
#237 = DIRECTION ( 'NONE',  ( 0.000000000000000000, 0.000000000000000000, -1.000000000000000000 ) ) ;
#238 = EDGE_LOOP ( 'NONE', ( #3761, #2600, #806, #4752 ) ) ;
#239 = LINE ( 'NONE', #3485, #3082 ) ;
#240 = ORIENTED_EDGE ( 'NONE', *, *, #915, .F. ) ;
#241 = ORIENTED_EDGE ( 'NONE', *, *, #1033, .F. ) ;
#242 = CARTESIAN_POINT ( 'NONE',  ( 0.000000000000000000, -0.01000000000000002623, 0.000000000000000000 ) ) ;
#243 = CARTESIAN_POINT ( 'NONE',  ( -35.26303808268228579, 0.000000000000000000, 2.206718403488665103 ) ) ;
#244 = ORIENTED_EDGE ( 'NONE', *, *, #517, .T. ) ;
#245 = PLANE ( 'NONE',  #2254 ) ;
#246 = ORIENTED_EDGE ( 'NONE', *, *, #1546, .F. ) ;
#247 = DIRECTION ( 'NONE',  ( 0.000000000000000000, -1.000000000000000000, 0.000000000000000000 ) ) ;
#248 = FACE_OUTER_BOUND ( 'NONE', #4804, .T. ) ;
#249 = LOCAL_TIME ( 19, 20, 10.00000000000000000, #484 ) ;
#250 = CARTESIAN_POINT ( 'NONE',  ( -44.06303808268223321, 0.6500000000000000222, 5.906718403488665281 ) ) ;
#251 = LINE ( 'NONE', #2391, #2110 ) ;
#252 = ADVANCED_FACE ( 'NONE', ( #528 ), #2174, .F. ) ;
#253 = ADVANCED_FACE ( 'NONE', ( #1018 ), #990, .F. ) ;
#254 = ADVANCED_FACE ( 'NONE', ( #2639 ), #119, .F. ) ;
#255 = DIRECTION ( 'NONE',  ( 0.000000000000000000, -1.000000000000000000, 0.000000000000000000 ) ) ;
#256 = EDGE_CURVE ( 'NONE', #3193, #3157, #2126, .T. ) ;
#257 = DIRECTION ( 'NONE',  ( 0.000000000000000000, 0.000000000000000000, 1.000000000000000000 ) ) ;
#258 = DIRECTION ( 'NONE',  ( 0.000000000000000000, 0.000000000000000000, 1.000000000000000000 ) ) ;
#259 = LINE ( 'NONE', #664, #4502 ) ;
#260 = ORIENTED_EDGE ( 'NONE', *, *, #3229, .F. ) ;
#261 = ORIENTED_EDGE ( 'NONE', *, *, #4206, .F. ) ;
#262 = LINE ( 'NONE', #3563, #721 ) ;
#263 = ORIENTED_EDGE ( 'NONE', *, *, #2460, .T. ) ;
#264 = PLANE ( 'NONE',  #2045 ) ;
#265 = VERTEX_POINT ( 'NONE', #1798 ) ;
#266 = ORIENTED_EDGE ( 'NONE', *, *, #2605, .T. ) ;
#267 = DIRECTION ( 'NONE',  ( 1.000000000000000000, -0.000000000000000000, 0.000000000000000000 ) ) ;
#268 = DIRECTION ( 'NONE',  ( 0.000000000000000000, 0.000000000000000000, 1.000000000000000000 ) ) ;
#269 = VECTOR ( 'NONE', #504, 1000.000000000000000 ) ;
#270 = ORIENTED_EDGE ( 'NONE', *, *, #5107, .T. ) ;
#271 = EDGE_LOOP ( 'NONE', ( #1682, #2073, #2003, #3452 ) ) ;
#272 = FACE_OUTER_BOUND ( 'NONE', #3211, .T. ) ;
#273 = EDGE_LOOP ( 'NONE', ( #5220, #3348, #750, #4080 ) ) ;
#274 = DIRECTION ( 'NONE',  ( 0.000000000000000000, 0.000000000000000000, 1.000000000000000000 ) ) ;
#275 = CARTESIAN_POINT ( 'NONE',  ( 0.000000000000000000, -0.01000000000000002623, 4.406718403488665281 ) ) ;
#276 = EDGE_CURVE ( 'NONE', #5036, #2752, #5096, .T. ) ;
#277 = VECTOR ( 'NONE', #2393, 1000.000000000000000 ) ;
#278 = AXIS2_PLACEMENT_3D ( 'NONE', #4929, #355, #4498 ) ;
#279 = CARTESIAN_POINT ( 'NONE',  ( -34.36303808268245064, 0.6500000000000000222, 7.948049182388551082E-13 ) ) ;
#280 = CARTESIAN_POINT ( 'NONE',  ( -44.06303808268223321, 0.000000000000000000, 6.306718403488664748 ) ) ;
#281 = EDGE_CURVE ( 'NONE', #5219, #2029, #1393, .T. ) ;
#282 = VECTOR ( 'NONE', #3449, 1000.000000000000000 ) ;
#283 = LINE ( 'NONE', #4425, #899 ) ;
#284 = DIRECTION ( 'NONE',  ( 0.000000000000000000, 1.000000000000000000, -0.000000000000000000 ) ) ;
#285 = CARTESIAN_POINT ( 'NONE',  ( -35.92667611258123372, -1.010000000000000009, 11.99219922775913005 ) ) ;
#286 = ORIENTED_EDGE ( 'NONE', *, *, #5216, .F. ) ;
#287 = VECTOR ( 'NONE', #1559, 1000.000000000000000 ) ;
#288 = EDGE_CURVE ( 'NONE', #3128, #928, #1315, .T. ) ;
#289 = DIRECTION ( 'NONE',  ( 1.000000000000000000, -0.000000000000000000, 0.000000000000000000 ) ) ;
#290 = ADVANCED_FACE ( 'NONE', ( #2716 ), #2287, .F. ) ;
#291 = EDGE_CURVE ( 'NONE', #1059, #1849, #2805, .T. ) ;
#292 = EDGE_CURVE ( 'NONE', #974, #1239, #2255, .T. ) ;
#293 = ORIENTED_EDGE ( 'NONE', *, *, #3402, .F. ) ;
#294 = CARTESIAN_POINT ( 'NONE',  ( -43.70131370585286845, -1.010000000000000009, 11.98732127763674171 ) ) ;
#295 = ORIENTED_EDGE ( 'NONE', *, *, #4070, .F. ) ;
#296 = ORIENTED_EDGE ( 'NONE', *, *, #2441, .F. ) ;
#297 = DIRECTION ( 'NONE',  ( 1.000000000000000000, -0.000000000000000000, 1.927470528863108300E-15 ) ) ;
#298 = DIRECTION ( 'NONE',  ( -1.000000000000000000, -0.000000000000000000, -0.000000000000000000 ) ) ;
#299 = VECTOR ( 'NONE', #5182, 1000.000000000000000 ) ;
#300 = EDGE_CURVE ( 'NONE', #4004, #1398, #208, .T. ) ;
#301 = ORIENTED_EDGE ( 'NONE', *, *, #1143, .T. ) ;
#302 = ORIENTED_EDGE ( 'NONE', *, *, #5166, .T. ) ;
#303 = CARTESIAN_POINT ( 'NONE',  ( -34.36303808268227300, 0.000000000000000000, 5.006718403488666702 ) ) ;
#304 = ORIENTED_EDGE ( 'NONE', *, *, #3976, .F. ) ;
#305 = CARTESIAN_POINT ( 'NONE',  ( -34.36303808268227300, 0.000000000000000000, 5.206718403488665103 ) ) ;
#306 = FACE_OUTER_BOUND ( 'NONE', #3486, .T. ) ;
#307 = VECTOR ( 'NONE', #3095, 1000.000000000000000 ) ;
#308 = VECTOR ( 'NONE', #3736, 1000.000000000000000 ) ;
#309 = DIRECTION ( 'NONE',  ( 0.000000000000000000, 0.000000000000000000, 1.000000000000000000 ) ) ;
#310 = EDGE_CURVE ( 'NONE', #4616, #3347, #283, .T. ) ;
#311 = CARTESIAN_POINT ( 'NONE',  ( 0.000000000000000000, -0.01000000000000002623, 4.406718403488665281 ) ) ;
#312 = DIRECTION ( 'NONE',  ( -0.000000000000000000, -1.000000000000000000, 0.000000000000000000 ) ) ;
#313 = ORIENTED_EDGE ( 'NONE', *, *, #2008, .T. ) ;
#314 = PLANE ( 'NONE',  #555 ) ;
#315 = LINE ( 'NONE', #745, #321 ) ;
#316 = ORIENTED_EDGE ( 'NONE', *, *, #2167, .F. ) ;
#317 = AXIS2_PLACEMENT_3D ( 'NONE', #1405, #3107, #4784 ) ;
#318 = FACE_OUTER_BOUND ( 'NONE', #949, .T. ) ;
#319 = EDGE_CURVE ( 'NONE', #2752, #2155, #229, .T. ) ;
#320 = DESIGN_CONTEXT ( 'detailed design', #1256, 'design' ) ;
#321 = VECTOR ( 'NONE', #2396, 1000.000000000000000 ) ;
#322 = CARTESIAN_POINT ( 'NONE',  ( 0.000000000000000000, -0.01000000000000002623, 0.000000000000000000 ) ) ;
#323 = DIRECTION ( 'NONE',  ( 0.000000000000000000, 0.000000000000000000, -1.000000000000000000 ) ) ;
#324 = ORIENTED_EDGE ( 'NONE', *, *, #1837, .T. ) ;
#325 = ORIENTED_EDGE ( 'NONE', *, *, #2424, .F. ) ;
#326 = CARTESIAN_POINT ( 'NONE',  ( -34.36303808268226589, 0.6500000000000000222, 9.406718403488666169 ) ) ;
#327 = CARTESIAN_POINT ( 'NONE',  ( -39.70735580523984254, -1.010000000000000009, 11.98732127763674171 ) ) ;
#328 = ORIENTED_EDGE ( 'NONE', *, *, #115, .F. ) ;
#329 = VERTEX_POINT ( 'NONE', #5157 ) ;
#330 = LINE ( 'NONE', #1221, #4361 ) ;
#331 = COORDINATED_UNIVERSAL_TIME_OFFSET ( 3, 30, .AHEAD. ) ;
#332 = ORIENTED_EDGE ( 'NONE', *, *, #3863, .F. ) ;
#333 = CARTESIAN_POINT ( 'NONE',  ( -35.26303808268227158, -0.01000000000000002623, 5.506718403488664926 ) ) ;
#334 = CARTESIAN_POINT ( 'NONE',  ( -7.138115719156294425E-15, -0.01000000000000002623, 7.406718403488698144 ) ) ;
#335 = CARTESIAN_POINT ( 'NONE',  ( -34.36303808268226589, -0.01000000000000002623, 7.706718403488665992 ) ) ;
#336 = LINE ( 'NONE', #3199, #4183 ) ;
#337 = AXIS2_PLACEMENT_3D ( 'NONE', #2654, #3089, #4007 ) ;
#338 = DIRECTION ( 'NONE',  ( -0.000000000000000000, -1.000000000000000000, -0.000000000000000000 ) ) ;
#339 = ORIENTED_EDGE ( 'NONE', *, *, #1360, .T. ) ;
#340 = DIRECTION ( 'NONE',  ( 0.000000000000000000, 0.000000000000000000, -1.000000000000000000 ) ) ;
#341 = FACE_OUTER_BOUND ( 'NONE', #4975, .T. ) ;
#342 = ORIENTED_EDGE ( 'NONE', *, *, #5045, .F. ) ;
#343 = DIRECTION ( 'NONE',  ( -0.000000000000000000, 0.000000000000000000, 1.000000000000000000 ) ) ;
#344 = EDGE_CURVE ( 'NONE', #265, #3956, #362, .T. ) ;
#345 = ORIENTED_EDGE ( 'NONE', *, *, #3081, .T. ) ;
#346 = LINE ( 'NONE', #294, #3258 ) ;
#347 = ORIENTED_EDGE ( 'NONE', *, *, #5319, .T. ) ;
#348 = ORIENTED_EDGE ( 'NONE', *, *, #1739, .F. ) ;
#349 = CARTESIAN_POINT ( 'NONE',  ( -34.36303808268227300, -0.01000000000000002623, 0.000000000000000000 ) ) ;
#350 = CARTESIAN_POINT ( 'NONE',  ( -43.16303808268224174, 0.000000000000000000, 8.506718403488664038 ) ) ;
#351 = ORIENTED_EDGE ( 'NONE', *, *, #3628, .F. ) ;
#352 = ORIENTED_EDGE ( 'NONE', *, *, #2253, .F. ) ;
#353 = DIRECTION ( 'NONE',  ( -1.000000000000000000, 0.000000000000000000, 0.000000000000000000 ) ) ;
#354 = ORIENTED_EDGE ( 'NONE', *, *, #624, .T. ) ;
#355 = DIRECTION ( 'NONE',  ( -0.000000000000000000, -1.000000000000000000, -0.000000000000000000 ) ) ;
#356 = PLANE ( 'NONE',  #3678 ) ;
#357 = ADVANCED_FACE ( 'NONE', ( #1529 ), #630, .F. ) ;
#358 = EDGE_CURVE ( 'NONE', #50, #890, #3555, .T. ) ;
#359 = EDGE_CURVE ( 'NONE', #4140, #3538, #1966, .T. ) ;
#360 = DIRECTION ( 'NONE',  ( -1.000000000000000000, 0.000000000000000000, 0.000000000000000000 ) ) ;
#361 = CARTESIAN_POINT ( 'NONE',  ( 0.000000000000000000, -0.01000000000000002623, 0.000000000000000000 ) ) ;
#362 = CIRCLE ( 'NONE', #536, 0.1999999999999987899 ) ;
#363 = EDGE_CURVE ( 'NONE', #3279, #2248, #99, .T. ) ;
#364 = EDGE_CURVE ( 'NONE', #3351, #1599, #4400, .T. ) ;
#365 = DIRECTION ( 'NONE',  ( 0.000000000000000000, 0.000000000000000000, 1.000000000000000000 ) ) ;
#366 = VERTEX_POINT ( 'NONE', #1066 ) ;
#367 = CARTESIAN_POINT ( 'NONE',  ( 0.000000000000000000, -0.01000000000000002623, 9.906718403488664393 ) ) ;
#368 = LINE ( 'NONE', #1692, #1620 ) ;
#369 = EDGE_LOOP ( 'NONE', ( #2429, #2222, #1627, #2520, #4956, #2914 ) ) ;
#370 = DIRECTION ( 'NONE',  ( 0.000000000000000000, -0.000000000000000000, -1.000000000000000000 ) ) ;
#371 = DIRECTION ( 'NONE',  ( 0.000000000000000000, 0.000000000000000000, -1.000000000000000000 ) ) ;
#372 = VECTOR ( 'NONE', #267, 1000.000000000000000 ) ;
#373 = CARTESIAN_POINT ( 'NONE',  ( -44.06303808268223321, -0.01000000000000002623, 7.406718403488665281 ) ) ;
#374 = ORIENTED_EDGE ( 'NONE', *, *, #3875, .T. ) ;
#375 = ORIENTED_EDGE ( 'NONE', *, *, #846, .F. ) ;
#376 = CARTESIAN_POINT ( 'NONE',  ( -34.36303808268226589, 0.6500000000000000222, 8.106718403488665459 ) ) ;
#377 = LINE ( 'NONE', #1565, #5088 ) ;
#378 = ORIENTED_EDGE ( 'NONE', *, *, #4091, .T. ) ;
#379 = ORIENTED_EDGE ( 'NONE', *, *, #1145, .F. ) ;
#380 = LINE ( 'NONE', #4471, #3924 ) ;
#381 = ORIENTED_EDGE ( 'NONE', *, *, #4856, .F. ) ;
#382 = FACE_OUTER_BOUND ( 'NONE', #1537, .T. ) ;
#383 = CARTESIAN_POINT ( 'NONE',  ( -39.70735580523984254, -1.010000000000000009, 11.98732127763674171 ) ) ;
#384 = EDGE_CURVE ( 'NONE', #4783, #4558, #3609, .T. ) ;
#385 = VECTOR ( 'NONE', #4420, 1000.000000000000000 ) ;
#386 = CARTESIAN_POINT ( 'NONE',  ( -44.06303808268221900, 0.6500000000000000222, 2.806718403488664748 ) ) ;
#387 = AXIS2_PLACEMENT_3D ( 'NONE', #2089, #2929, #2420 ) ;
#388 = LINE ( 'NONE', #168, #2713 ) ;
#389 = VECTOR ( 'NONE', #1038, 1000.000000000000000 ) ;
#390 = DIRECTION ( 'NONE',  ( 0.000000000000000000, 0.000000000000000000, -1.000000000000000000 ) ) ;
#391 = CARTESIAN_POINT ( 'NONE',  ( -35.26303808268226447, 0.000000000000000000, 7.706718403488665992 ) ) ;
#392 = DIRECTION ( 'NONE',  ( -0.000000000000000000, -0.000000000000000000, 1.000000000000000000 ) ) ;
#393 = VERTEX_POINT ( 'NONE', #4376 ) ;
#394 = CARTESIAN_POINT ( 'NONE',  ( -42.49940005278327959, -1.010000000000000009, 11.99219922775913005 ) ) ;
#395 = CARTESIAN_POINT ( 'NONE',  ( 0.000000000000000000, -0.01000000000000002623, 11.00671840348866404 ) ) ;
#396 = EDGE_CURVE ( 'NONE', #2328, #29, #1041, .T. ) ;
#397 = DIRECTION ( 'NONE',  ( -0.000000000000000000, -0.000000000000000000, 1.000000000000000000 ) ) ;
#398 = ORIENTED_EDGE ( 'NONE', *, *, #1617, .F. ) ;
#399 = ORIENTED_EDGE ( 'NONE', *, *, #1807, .F. ) ;
#400 = CARTESIAN_POINT ( 'NONE',  ( -44.06303808268224032, -0.01000000000000002623, 8.506718403488665814 ) ) ;
#401 = DIRECTION ( 'NONE',  ( 1.000000000000000000, -0.000000000000000000, 0.000000000000000000 ) ) ;
#402 = VECTOR ( 'NONE', #211, 1000.000000000000000 ) ;
#403 = EDGE_LOOP ( 'NONE', ( #5287, #2266, #4048, #1310 ) ) ;
#404 = VERTEX_POINT ( 'NONE', #4346 ) ;
#405 = DIRECTION ( 'NONE',  ( -1.000000000000000000, 0.000000000000000000, 0.000000000000000000 ) ) ;
#406 = ORIENTED_EDGE ( 'NONE', *, *, #4859, .F. ) ;
#407 = CARTESIAN_POINT ( 'NONE',  ( -44.06303808268223321, -0.01000000000000002623, 5.506718403488664926 ) ) ;
#408 = LINE ( 'NONE', #4043, #1606 ) ;
#409 = DIRECTION ( 'NONE',  ( 0.000000000000000000, 0.000000000000000000, 1.000000000000000000 ) ) ;
#410 = PLANE ( 'NONE',  #1582 ) ;
#411 = LINE ( 'NONE', #38, #2715 ) ;
#412 = CARTESIAN_POINT ( 'NONE',  ( -34.36303808268240090, -0.01000000000000002623, 7.948049182388564208E-13 ) ) ;
#413 = ORIENTED_EDGE ( 'NONE', *, *, #1145, .T. ) ;
#414 = CARTESIAN_POINT ( 'NONE',  ( -44.06303808268222610, 0.000000000000000000, 5.206718403488665103 ) ) ;
#415 = EDGE_CURVE ( 'NONE', #1239, #4054, #1476, .T. ) ;
#416 = CC_DESIGN_APPROVAL ( #3791, ( #3275 ) ) ;
#417 = EDGE_CURVE ( 'NONE', #1707, #532, #2798, .T. ) ;
#418 = EDGE_CURVE ( 'NONE', #4626, #5329, #1858, .T. ) ;
#419 = EDGE_CURVE ( 'NONE', #2922, #2566, #3150, .T. ) ;
#420 = CARTESIAN_POINT ( 'NONE',  ( -44.06303808268224742, 0.000000000000000000, 9.606718403488663682 ) ) ;
#421 = CARTESIAN_POINT ( 'NONE',  ( -34.36303808268228011, -0.01000000000000002623, 5.206718403488665103 ) ) ;
#422 = ORIENTED_EDGE ( 'NONE', *, *, #62, .T. ) ;
#423 = ORIENTED_EDGE ( 'NONE', *, *, #3132, .T. ) ;
#424 = EDGE_CURVE ( 'NONE', #3157, #2649, #1259, .T. ) ;
#425 = CARTESIAN_POINT ( 'NONE',  ( -38.71872036012467078, -1.010000000000000009, 2.027399959825791687 ) ) ;
#426 = LINE ( 'NONE', #1213, #4053 ) ;
#427 = ORIENTED_EDGE ( 'NONE', *, *, #3392, .F. ) ;
#428 = ORIENTED_EDGE ( 'NONE', *, *, #1616, .T. ) ;
#429 = DIRECTION ( 'NONE',  ( 0.000000000000000000, 0.000000000000000000, 1.000000000000000000 ) ) ;
#430 = ORIENTED_EDGE ( 'NONE', *, *, #1144, .F. ) ;
#431 = ORIENTED_EDGE ( 'NONE', *, *, #291, .F. ) ;
#432 = DIRECTION ( 'NONE',  ( 0.000000000000000000, -1.000000000000000000, 0.000000000000000000 ) ) ;
#433 = LINE ( 'NONE', #4118, #4630 ) ;
#434 = EDGE_CURVE ( 'NONE', #393, #4352, #4454, .T. ) ;
#435 = DIRECTION ( 'NONE',  ( 1.000000000000000000, 0.000000000000000000, 0.000000000000000000 ) ) ;
#436 = VECTOR ( 'NONE', #4379, 1000.000000000000000 ) ;
#437 = PERSON ( 'UNSPECIFIED', 'UNSPECIFIED', 'UNSPECIFIED', ('UNSPECIFIED'), ('UNSPECIFIED'), ('UNSPECIFIED') ) ;
#438 = PLANE ( 'NONE',  #1226 ) ;
#439 = VECTOR ( 'NONE', #4942, 1000.000000000000000 ) ;
#440 = VECTOR ( 'NONE', #1351, 1000.000000000000000 ) ;
#441 = LINE ( 'NONE', #1665, #4620 ) ;
#442 = DIRECTION ( 'NONE',  ( 0.000000000000000000, 0.000000000000000000, 1.000000000000000000 ) ) ;
#443 = VERTEX_POINT ( 'NONE', #5318 ) ;
#444 = FACE_OUTER_BOUND ( 'NONE', #149, .T. ) ;
#445 = CARTESIAN_POINT ( 'NONE',  ( -44.06303808268224032, -0.01000000000000002623, 7.706718403488665992 ) ) ;
#446 = VECTOR ( 'NONE', #950, 1000.000000000000000 ) ;
#447 = CARTESIAN_POINT ( 'NONE',  ( -42.49940005278327959, -0.01000000000000002623, 11.99219922775913005 ) ) ;
#448 = VERTEX_POINT ( 'NONE', #2418 ) ;
#449 = EDGE_LOOP ( 'NONE', ( #260, #222, #1279, #1269, #613, #3217, #3760, #706, #3892, #3061, #1105, #4228, #776, #4244, #2214, #4350, #5271, #3252, #3898, #5027, #172, #378 ) ) ;
#450 = CARTESIAN_POINT ( 'NONE',  ( -35.26303808268227868, -0.01000000000000002623, 5.206718403488664215 ) ) ;
#451 = DIRECTION ( 'NONE',  ( 0.000000000000000000, -0.000000000000000000, -1.000000000000000000 ) ) ;
#452 = EDGE_CURVE ( 'NONE', #4741, #3454, #1202, .T. ) ;
#453 = VECTOR ( 'NONE', #1408, 1000.000000000000000 ) ;
#454 = ORIENTED_EDGE ( 'NONE', *, *, #2841, .T. ) ;
#455 = ORIENTED_EDGE ( 'NONE', *, *, #463, .T. ) ;
#456 = FACE_OUTER_BOUND ( 'NONE', #601, .T. ) ;
#457 = EDGE_LOOP ( 'NONE', ( #4652, #1931, #616, #2569 ) ) ;
#458 = EDGE_LOOP ( 'NONE', ( #3047, #398, #1623, #3618 ) ) ;
#459 = DIRECTION ( 'NONE',  ( 0.000000000000000000, 0.000000000000000000, -1.000000000000000000 ) ) ;
#460 = LINE ( 'NONE', #3871, #1689 ) ;
#461 = AXIS2_PLACEMENT_3D ( 'NONE', #5033, #1306, #139 ) ;
#462 = AXIS2_PLACEMENT_3D ( 'NONE', #802, #3390, #828 ) ;
#463 = EDGE_CURVE ( 'NONE', #827, #2695, #1228, .T. ) ;
#464 = VECTOR ( 'NONE', #677, 1000.000000000000000 ) ;
#465 = VERTEX_POINT ( 'NONE', #6 ) ;
#466 = ADVANCED_FACE ( 'NONE', ( #4479 ), #3743, .F. ) ;
#467 = DIRECTION ( 'NONE',  ( -0.000000000000000000, -1.000000000000000000, -0.000000000000000000 ) ) ;
#468 = VECTOR ( 'NONE', #5124, 1000.000000000000000 ) ;
#469 = AXIS2_PLACEMENT_3D ( 'NONE', #2312, #312, #2364 ) ;
#470 = DIRECTION ( 'NONE',  ( 1.000000000000000000, 0.000000000000000000, 9.637352644315616444E-16 ) ) ;
#471 = CIRCLE ( 'NONE', #387, 0.1999999999999996503 ) ;
#472 = ADVANCED_FACE ( 'NONE', ( #2088 ), #438, .T. ) ;
#473 = CARTESIAN_POINT ( 'NONE',  ( -35.26303808268227158, 0.000000000000000000, 4.406718403488665281 ) ) ;
#474 = CARTESIAN_POINT ( 'NONE',  ( -34.75155472807056611, -0.01000000000000002623, 4.406718403488665281 ) ) ;
#475 = ORIENTED_EDGE ( 'NONE', *, *, #988, .F. ) ;
#476 = CARTESIAN_POINT ( 'NONE',  ( -44.06303808268224742, 0.6500000000000000222, 9.206718403488665103 ) ) ;
#477 = VECTOR ( 'NONE', #5205, 1000.000000000000000 ) ;
#478 = AXIS2_PLACEMENT_3D ( 'NONE', #2572, #571, #3057 ) ;
#479 = LINE ( 'NONE', #395, #4877 ) ;
#480 = CARTESIAN_POINT ( 'NONE',  ( -44.06303808268224032, 0.6500000000000000222, 8.106718403488665459 ) ) ;
#481 = ORIENTED_EDGE ( 'NONE', *, *, #3720, .T. ) ;
#482 = ORIENTED_EDGE ( 'NONE', *, *, #2501, .F. ) ;
#483 = DIRECTION ( 'NONE',  ( 1.000000000000000000, 0.000000000000000000, 0.000000000000000000 ) ) ;
#484 = COORDINATED_UNIVERSAL_TIME_OFFSET ( 3, 30, .AHEAD. ) ;
#485 = ORIENTED_EDGE ( 'NONE', *, *, #5152, .T. ) ;
#486 = ORIENTED_EDGE ( 'NONE', *, *, #115, .T. ) ;
#487 = CARTESIAN_POINT ( 'NONE',  ( -35.26303808268226447, 0.000000000000000000, 6.606718403488665459 ) ) ;
#488 = VERTEX_POINT ( 'NONE', #1663 ) ;
#489 = ORIENTED_EDGE ( 'NONE', *, *, #1382, .F. ) ;
#490 = LINE ( 'NONE', #2138, #3309 ) ;
#491 = LINE ( 'NONE', #1790, #3501 ) ;
#492 = VECTOR ( 'NONE', #131, 1000.000000000000000 ) ;
#493 = ADVANCED_FACE ( 'NONE', ( #3312 ), #3662, .T. ) ;
#494 = EDGE_CURVE ( 'NONE', #743, #5036, #1609, .T. ) ;
#495 = VERTEX_POINT ( 'NONE', #3263 ) ;
#496 = VECTOR ( 'NONE', #442, 1000.000000000000000 ) ;
#497 = CARTESIAN_POINT ( 'NONE',  ( -35.92667611258123372, -0.01000000000000002623, 11.98732127763674171 ) ) ;
#498 = DIRECTION ( 'NONE',  ( 0.000000000000000000, 0.000000000000000000, 1.000000000000000000 ) ) ;
#499 = FACE_OUTER_BOUND ( 'NONE', #4910, .T. ) ;
#500 = DIRECTION ( 'NONE',  ( -0.000000000000000000, -1.000000000000000000, -0.000000000000000000 ) ) ;
#501 = ORIENTED_EDGE ( 'NONE', *, *, #3560, .F. ) ;
#502 = LINE ( 'NONE', #394, #3574 ) ;
#503 = CARTESIAN_POINT ( 'NONE',  ( -42.49940005278327959, -1.010000000000000009, 11.99219922775913005 ) ) ;
#504 = DIRECTION ( 'NONE',  ( 1.000000000000000000, 0.000000000000000000, -1.927470528863123289E-15 ) ) ;
#505 = ORIENTED_EDGE ( 'NONE', *, *, #4492, .F. ) ;
#506 = ORIENTED_EDGE ( 'NONE', *, *, #4294, .F. ) ;
#507 = EDGE_CURVE ( 'NONE', #4358, #3973, #4909, .T. ) ;
#508 = VECTOR ( 'NONE', #3428, 1000.000000000000000 ) ;
#509 = CARTESIAN_POINT ( 'NONE',  ( -43.16303808268222042, 0.000000000000000000, 2.206718403488665103 ) ) ;
#510 = DIRECTION ( 'NONE',  ( -0.000000000000000000, -1.000000000000000000, -0.000000000000000000 ) ) ;
#511 = ORIENTED_EDGE ( 'NONE', *, *, #3066, .T. ) ;
#512 = DIRECTION ( 'NONE',  ( -0.000000000000000000, 0.000000000000000000, 1.000000000000000000 ) ) ;
#513 = VERTEX_POINT ( 'NONE', #5286 ) ;
#514 = ORIENTED_EDGE ( 'NONE', *, *, #4195, .F. ) ;
#515 = CARTESIAN_POINT ( 'NONE',  ( -44.06303808268223321, 0.000000000000000000, 6.606718403488665459 ) ) ;
#516 = CARTESIAN_POINT ( 'NONE',  ( -34.36303808268227300, 0.6500000000000000222, 5.706718403488665103 ) ) ;
#517 = EDGE_CURVE ( 'NONE', #3651, #4275, #3284, .T. ) ;
#518 = ADVANCED_FACE ( 'NONE', ( #36 ), #410, .F. ) ;
#519 = CARTESIAN_POINT ( 'NONE',  ( -34.36303808268228011, -0.01000000000000002623, 1.956718403488664881 ) ) ;
#520 = EDGE_CURVE ( 'NONE', #3279, #3576, #797, .T. ) ;
#521 = EDGE_CURVE ( 'NONE', #4595, #1679, #4555, .T. ) ;
#522 = CARTESIAN_POINT ( 'NONE',  ( 0.000000000000000000, -0.01000000000000002623, 7.706718403488665992 ) ) ;
#523 = DIRECTION ( 'NONE',  ( 0.000000000000000000, 0.000000000000000000, 1.000000000000000000 ) ) ;
#524 = LINE ( 'NONE', #934, #4686 ) ;
#525 = VECTOR ( 'NONE', #2400, 1000.000000000000000 ) ;
#526 = FACE_OUTER_BOUND ( 'NONE', #273, .T. ) ;
#527 = EDGE_CURVE ( 'NONE', #890, #831, #845, .T. ) ;
#528 = FACE_OUTER_BOUND ( 'NONE', #2542, .T. ) ;
#529 = CARTESIAN_POINT ( 'NONE',  ( 0.000000000000000000, -0.01000000000000002623, 9.606718403488663682 ) ) ;
#530 = LINE ( 'NONE', #633, #2221 ) ;
#531 = DIRECTION ( 'NONE',  ( -1.000000000000000000, 0.000000000000000000, 1.927470528863123289E-15 ) ) ;
#532 = VERTEX_POINT ( 'NONE', #2065 ) ;
#533 = ORIENTED_EDGE ( 'NONE', *, *, #752, .F. ) ;
#534 = CARTESIAN_POINT ( 'NONE',  ( 3.957789346532068147E-15, -0.01000000000000002623, 4.106718403488621938 ) ) ;
#535 = PERSON_AND_ORGANIZATION ( #437, #2236 ) ;
#536 = AXIS2_PLACEMENT_3D ( 'NONE', #4849, #1452, #715 ) ;
#537 = VECTOR ( 'NONE', #459, 1000.000000000000000 ) ;
#538 = DIRECTION ( 'NONE',  ( 0.000000000000000000, 0.000000000000000000, -1.000000000000000000 ) ) ;
#539 = ORIENTED_EDGE ( 'NONE', *, *, #981, .F. ) ;
#540 = DIRECTION ( 'NONE',  ( 0.000000000000000000, 0.000000000000000000, -1.000000000000000000 ) ) ;
#541 = VERTEX_POINT ( 'NONE', #2494 ) ;
#542 = ORIENTED_EDGE ( 'NONE', *, *, #1868, .T. ) ;
#543 = FACE_OUTER_BOUND ( 'NONE', #2235, .T. ) ;
#544 = DIRECTION ( 'NONE',  ( 1.000000000000000000, -0.000000000000000000, 0.000000000000000000 ) ) ;
#545 = AXIS2_PLACEMENT_3D ( 'NONE', #3294, #3349, #1240 ) ;
#546 = EDGE_CURVE ( 'NONE', #584, #3820, #1690, .T. ) ;
#547 = ORIENTED_EDGE ( 'NONE', *, *, #1781, .T. ) ;
#548 = VECTOR ( 'NONE', #2498, 1000.000000000000000 ) ;
#549 = LINE ( 'NONE', #2140, #5053 ) ;
#550 = EDGE_CURVE ( 'NONE', #3866, #5023, #3636, .T. ) ;
#551 = CARTESIAN_POINT ( 'NONE',  ( 2.897680555657349984E-15, -0.01000000000000002623, 3.006718403488622293 ) ) ;
#552 = DIRECTION ( 'NONE',  ( 0.000000000000000000, 1.000000000000000000, 0.000000000000000000 ) ) ;
#553 = CARTESIAN_POINT ( 'NONE',  ( -34.36303808268226589, 0.6500000000000000222, 8.306718403488662972 ) ) ;
#554 = DIRECTION ( 'NONE',  ( 0.000000000000000000, 1.000000000000000000, 0.000000000000000000 ) ) ;
#555 = AXIS2_PLACEMENT_3D ( 'NONE', #1478, #662, #257 ) ;
#556 = DIRECTION ( 'NONE',  ( 0.000000000000000000, -1.000000000000000000, 0.000000000000000000 ) ) ;
#557 = CARTESIAN_POINT ( 'NONE',  ( -34.36303808268227300, 0.6500000000000000222, 4.806718403488665636 ) ) ;
#558 = CARTESIAN_POINT ( 'NONE',  ( -34.36303808268226589, 0.6500000000000000222, 7.206718403488665103 ) ) ;
#559 = LINE ( 'NONE', #2208, #1390 ) ;
#560 = VERTEX_POINT ( 'NONE', #4177 ) ;
#561 = ORIENTED_EDGE ( 'NONE', *, *, #3066, .F. ) ;
#562 = CARTESIAN_POINT ( 'NONE',  ( -44.06303808268223321, 0.000000000000000000, 6.606718403488665459 ) ) ;
#563 = CARTESIAN_POINT ( 'NONE',  ( 0.000000000000000000, 0.000000000000000000, 0.000000000000000000 ) ) ;
#564 = VECTOR ( 'NONE', #1061, 1000.000000000000000 ) ;
#565 = LINE ( 'NONE', #612, #2519 ) ;
#566 = VERTEX_POINT ( 'NONE', #1362 ) ;
#567 = DIRECTION ( 'NONE',  ( 0.000000000000000000, 0.000000000000000000, -1.000000000000000000 ) ) ;
#568 = VERTEX_POINT ( 'NONE', #954 ) ;
#569 = ORIENTED_EDGE ( 'NONE', *, *, #4027, .F. ) ;
#570 = DIRECTION ( 'NONE',  ( 1.000000000000000000, -0.000000000000000000, 0.000000000000000000 ) ) ;
#571 = DIRECTION ( 'NONE',  ( -1.000000000000000000, 0.000000000000000000, 0.000000000000000000 ) ) ;
#572 = CARTESIAN_POINT ( 'NONE',  ( 0.000000000000000000, -0.01000000000000002623, 8.806718403488666524 ) ) ;
#573 = CARTESIAN_POINT ( 'NONE',  ( -44.06303808268223321, -0.01000000000000002623, 7.406718403488665281 ) ) ;
#574 = CIRCLE ( 'NONE', #768, 0.1999999999999996503 ) ;
#575 = PLANE ( 'NONE',  #461 ) ;
#576 = PLANE ( 'NONE',  #4104 ) ;
#577 = LINE ( 'NONE', #226, #3233 ) ;
#578 = DIRECTION ( 'NONE',  ( -0.000000000000000000, 1.000000000000000000, -0.000000000000000000 ) ) ;
#579 = DIRECTION ( 'NONE',  ( -2.312964634635736587E-14, 0.000000000000000000, 1.000000000000000000 ) ) ;
#580 = CARTESIAN_POINT ( 'NONE',  ( -43.70131370585286845, -0.01000000000000002623, 2.027399959825791687 ) ) ;
#581 = DIRECTION ( 'NONE',  ( 0.000000000000000000, 1.000000000000000000, 0.000000000000000000 ) ) ;
#582 = ORIENTED_EDGE ( 'NONE', *, *, #300, .T. ) ;
#583 = ADVANCED_FACE ( 'NONE', ( #2553 ), #2196, .F. ) ;
#584 = VERTEX_POINT ( 'NONE', #5065 ) ;
#585 = CARTESIAN_POINT ( 'NONE',  ( -34.36303808268225879, 0.6500000000000000222, 10.50671840348866404 ) ) ;
#586 = COORDINATED_UNIVERSAL_TIME_OFFSET ( 3, 30, .AHEAD. ) ;
#587 = EDGE_CURVE ( 'NONE', #79, #1247, #3014, .T. ) ;
#588 = ADVANCED_FACE ( 'NONE', ( #1740 ), #2927, .T. ) ;
#589 = EDGE_CURVE ( 'NONE', #5329, #3622, #3415, .T. ) ;
#590 = PLANE ( 'NONE',  #4162 ) ;
#591 = EDGE_CURVE ( 'NONE', #4719, #3167, #932, .T. ) ;
#592 = EDGE_LOOP ( 'NONE', ( #2838, #716, #4862, #2049 ) ) ;
#593 = PLANE ( 'NONE',  #747 ) ;
#594 = ORIENTED_EDGE ( 'NONE', *, *, #1472, .F. ) ;
#595 = VERTEX_POINT ( 'NONE', #901 ) ;
#596 = DIRECTION ( 'NONE',  ( 0.000000000000000000, 1.000000000000000000, -0.000000000000000000 ) ) ;
#597 = DIRECTION ( 'NONE',  ( -0.000000000000000000, -1.000000000000000000, 0.000000000000000000 ) ) ;
#598 = CIRCLE ( 'NONE', #682, 0.2000000000000005107 ) ;
#599 = VERTEX_POINT ( 'NONE', #4662 ) ;
#600 = CARTESIAN_POINT ( 'NONE',  ( -43.70131370585286845, -0.01000000000000002623, 11.98732127763674171 ) ) ;
#601 = EDGE_LOOP ( 'NONE', ( #4754, #3595, #2863, #71 ) ) ;
#602 = CARTESIAN_POINT ( 'NONE',  ( -43.70131370585286845, -1.010000000000000009, 2.027399959825791687 ) ) ;
#603 = LINE ( 'NONE', #4212, #1423 ) ;
#604 = FACE_OUTER_BOUND ( 'NONE', #1840, .T. ) ;
#605 = CARTESIAN_POINT ( 'NONE',  ( 2.897680555657349984E-15, -0.01000000000000002623, 3.006718403488622293 ) ) ;
#606 = LINE ( 'NONE', #3830, #1853 ) ;
#607 = CARTESIAN_POINT ( 'NONE',  ( -42.49940005278327959, -1.010000000000000009, 2.021237579218202463 ) ) ;
#608 = DIRECTION ( 'NONE',  ( -0.000000000000000000, 0.000000000000000000, 1.000000000000000000 ) ) ;
#609 = ORIENTED_EDGE ( 'NONE', *, *, #3282, .F. ) ;
#610 = ORIENTED_EDGE ( 'NONE', *, *, #624, .F. ) ;
#611 = LINE ( 'NONE', #4703, #4008 ) ;
#612 = CARTESIAN_POINT ( 'NONE',  ( -38.71872036012467078, -0.01000000000000002623, 2.021237579218202463 ) ) ;
#613 = ORIENTED_EDGE ( 'NONE', *, *, #3900, .T. ) ;
#614 = CARTESIAN_POINT ( 'NONE',  ( 0.000000000000000000, -0.01000000000000002623, 11.00671840348866404 ) ) ;
#615 = EDGE_LOOP ( 'NONE', ( #2656, #3753, #51, #1052, #2596, #5110, #5170, #5352 ) ) ;
#616 = ORIENTED_EDGE ( 'NONE', *, *, #1956, .T. ) ;
#617 = CARTESIAN_POINT ( 'NONE',  ( -35.26303808268227158, -0.01000000000000002623, 7.406718403488664393 ) ) ;
#618 = CARTESIAN_POINT ( 'NONE',  ( -34.36303808268226589, 0.000000000000000000, 8.806718403488666524 ) ) ;
#619 = ORIENTED_EDGE ( 'NONE', *, *, #1644, .F. ) ;
#620 = CARTESIAN_POINT ( 'NONE',  ( -34.36303808268225879, 0.6500000000000000222, 11.80671840348866475 ) ) ;
#622 = EDGE_LOOP ( 'NONE', ( #3625, #3202, #3154, #5276, #754 ) ) ;
#621 = AXIS2_PLACEMENT_3D ( 'NONE', #4168, #2082, #2543 ) ;
#623 = DIRECTION ( 'NONE',  ( -1.000000000000000000, 0.000000000000000000, 0.000000000000000000 ) ) ;
#624 = EDGE_CURVE ( 'NONE', #2111, #1522, #2606, .T. ) ;
#625 = AXIS2_PLACEMENT_3D ( 'NONE', #2350, #1129, #4439 ) ;
#626 = EDGE_CURVE ( 'NONE', #1593, #3320, #1795, .T. ) ;
#627 = CARTESIAN_POINT ( 'NONE',  ( -34.36303808268227300, 0.000000000000000000, 5.506718403488664926 ) ) ;
#628 = DIRECTION ( 'NONE',  ( -0.000000000000000000, 0.000000000000000000, 1.000000000000000000 ) ) ;
#629 = VECTOR ( 'NONE', #1579, 1000.000000000000000 ) ;
#630 = PLANE ( 'NONE',  #3554 ) ;
#631 = VECTOR ( 'NONE', #2436, 1000.000000000000000 ) ;
#632 = LINE ( 'NONE', #5128, #5226 ) ;
#633 = CARTESIAN_POINT ( 'NONE',  ( 5.017898137406786311E-15, -0.01000000000000002623, 5.206718403488622471 ) ) ;
#634 = CARTESIAN_POINT ( 'NONE',  ( -44.06303808268224032, 0.000000000000000000, 7.706718403488665992 ) ) ;
#635 = ORIENTED_EDGE ( 'NONE', *, *, #1951, .T. ) ;
#636 = ORIENTED_EDGE ( 'NONE', *, *, #684, .T. ) ;
#637 = DIRECTION ( 'NONE',  ( 0.000000000000000000, 1.000000000000000000, 0.000000000000000000 ) ) ;
#638 = VECTOR ( 'NONE', #3504, 1000.000000000000000 ) ;
#639 = EDGE_LOOP ( 'NONE', ( #2995, #3980, #2970, #1508, #3979, #3948, #1075, #1299 ) ) ;
#640 = CARTESIAN_POINT ( 'NONE',  ( -34.36303808268226589, -0.01000000000000002623, 8.506718403488665814 ) ) ;
#641 = ORIENTED_EDGE ( 'NONE', *, *, #1644, .T. ) ;
#642 = VECTOR ( 'NONE', #1767, 1000.000000000000000 ) ;
#643 = ORIENTED_EDGE ( 'NONE', *, *, #3071, .F. ) ;
#644 = FACE_OUTER_BOUND ( 'NONE', #1975, .T. ) ;
#645 = CARTESIAN_POINT ( 'NONE',  ( -43.70131370585286845, -0.01000000000000002623, 6.306718403488663860 ) ) ;
#646 = VECTOR ( 'NONE', #2036, 1000.000000000000000 ) ;
#647 = VERTEX_POINT ( 'NONE', #4261 ) ;
#648 = AXIS2_PLACEMENT_3D ( 'NONE', #1032, #1082, #700 ) ;
#649 = CARTESIAN_POINT ( 'NONE',  ( -44.06303808268221900, -0.01000000000000002623, 2.206718403488665103 ) ) ;
#650 = ORIENTED_EDGE ( 'NONE', *, *, #4176, .F. ) ;
#651 = DIRECTION ( 'NONE',  ( -0.000000000000000000, -1.000000000000000000, -0.000000000000000000 ) ) ;
#652 = DIRECTION ( 'NONE',  ( 0.000000000000000000, 1.000000000000000000, -0.000000000000000000 ) ) ;
#653 = ADVANCED_FACE ( 'NONE', ( #1717 ), #3798, .T. ) ;
#654 = EDGE_CURVE ( 'NONE', #3885, #1536, #2121, .T. ) ;
#655 = ADVANCED_FACE ( 'NONE', ( #86 ), #575, .T. ) ;
#656 = EDGE_CURVE ( 'NONE', #3399, #5058, #2523, .T. ) ;
#657 = LINE ( 'NONE', #2310, #3243 ) ;
#658 = LINE ( 'NONE', #713, #3749 ) ;
#659 = AXIS2_PLACEMENT_3D ( 'NONE', #4650, #947, #540 ) ;
#660 = CARTESIAN_POINT ( 'NONE',  ( -43.16303808268222753, -0.01000000000000002623, 3.306718403488665192 ) ) ;
#661 = AXIS2_PLACEMENT_3D ( 'NONE', #4050, #1940, #3179 ) ;
#662 = DIRECTION ( 'NONE',  ( -1.000000000000000000, 0.000000000000000000, 0.000000000000000000 ) ) ;
#663 = DIRECTION ( 'NONE',  ( 1.000000000000000000, -0.000000000000000000, 9.637352644315616444E-16 ) ) ;
#664 = CARTESIAN_POINT ( 'NONE',  ( -5.017898137406858886E-15, -0.01000000000000002623, 5.206718403488697966 ) ) ;
#665 = ORIENTED_EDGE ( 'NONE', *, *, #1821, .T. ) ;
#666 = ORIENTED_EDGE ( 'NONE', *, *, #2668, .F. ) ;
#667 = PLANE ( 'NONE',  #979 ) ;
#668 = ORIENTED_EDGE ( 'NONE', *, *, #4529, .T. ) ;
#669 = ADVANCED_FACE ( 'NONE', ( #3877 ), #3440, .F. ) ;
#670 = PLANE ( 'NONE',  #1614 ) ;
#671 = ORIENTED_EDGE ( 'NONE', *, *, #2107, .T. ) ;
#672 = ORIENTED_EDGE ( 'NONE', *, *, #1383, .F. ) ;
#673 = CARTESIAN_POINT ( 'NONE',  ( -34.36303808268228011, -0.01000000000000002623, 4.106718403488664570 ) ) ;
#674 = CARTESIAN_POINT ( 'NONE',  ( -34.36303808268226589, 0.6500000000000000222, 8.106718403488665459 ) ) ;
#675 = ORIENTED_EDGE ( 'NONE', *, *, #4391, .T. ) ;
#676 = VERTEX_POINT ( 'NONE', #2579 ) ;
#677 = DIRECTION ( 'NONE',  ( 0.000000000000000000, 0.000000000000000000, -1.000000000000000000 ) ) ;
#678 = EDGE_LOOP ( 'NONE', ( #1728, #1892, #5304, #1436 ) ) ;
#679 = CARTESIAN_POINT ( 'NONE',  ( -35.92667611258123372, -0.01000000000000002623, 2.021237579218202463 ) ) ;
#680 = LINE ( 'NONE', #2332, #3767 ) ;
#681 = CC_DESIGN_PERSON_AND_ORGANIZATION_ASSIGNMENT ( #883, #4647, ( #2599 ) ) ;
#682 = AXIS2_PLACEMENT_3D ( 'NONE', #1874, #4337, #268 ) ;
#683 = ADVANCED_FACE ( 'NONE', ( #4234 ), #1388, .F. ) ;
#684 = EDGE_CURVE ( 'NONE', #3347, #2264, #2165, .T. ) ;
#685 = ADVANCED_FACE ( 'NONE', ( #110 ), #3469, .T. ) ;
#686 = CARTESIAN_POINT ( 'NONE',  ( -34.75155472807056611, -0.01000000000000002623, 7.406718403488664393 ) ) ;
#687 = EDGE_CURVE ( 'NONE', #1239, #3600, #3067, .T. ) ;
#688 = DIRECTION ( 'NONE',  ( -1.000000000000000000, 0.000000000000000000, 0.000000000000000000 ) ) ;
#689 = CARTESIAN_POINT ( 'NONE',  ( -39.70735580523984254, -1.010000000000000009, 2.021237579218202463 ) ) ;
#690 = PLANE ( 'NONE',  #1763 ) ;
#691 = CARTESIAN_POINT ( 'NONE',  ( -43.16303808268224884, -0.01000000000000002623, 0.000000000000000000 ) ) ;
#692 = ORIENTED_EDGE ( 'NONE', *, *, #2440, .F. ) ;
#693 = DIRECTION ( 'NONE',  ( -1.000000000000000000, 0.000000000000000000, 0.000000000000000000 ) ) ;
#694 = ADVANCED_FACE ( 'NONE', ( #4222 ), #3864, .F. ) ;
#695 = ORIENTED_EDGE ( 'NONE', *, *, #1065, .F. ) ;
#696 = CARTESIAN_POINT ( 'NONE',  ( -39.70735580523984254, -0.01000000000000002623, 11.98732127763674171 ) ) ;
#697 = VERTEX_POINT ( 'NONE', #3429 ) ;
#698 = ORIENTED_EDGE ( 'NONE', *, *, #4683, .F. ) ;
#699 = DIRECTION ( 'NONE',  ( 0.000000000000000000, 1.000000000000000000, 0.000000000000000000 ) ) ;
#700 = DIRECTION ( 'NONE',  ( 0.000000000000000000, 0.000000000000000000, -1.000000000000000000 ) ) ;
#701 = VECTOR ( 'NONE', #1697, 1000.000000000000000 ) ;
#702 = EDGE_CURVE ( 'NONE', #3168, #1652, #100, .T. ) ;
#703 = ORIENTED_EDGE ( 'NONE', *, *, #3139, .F. ) ;
#704 = ORIENTED_EDGE ( 'NONE', *, *, #364, .F. ) ;
#705 = DIRECTION ( 'NONE',  ( 1.000000000000000000, -0.000000000000000000, 9.637352644315616444E-16 ) ) ;
#706 = ORIENTED_EDGE ( 'NONE', *, *, #1065, .T. ) ;
#707 = CARTESIAN_POINT ( 'NONE',  ( -34.75155472807056611, -0.01000000000000002623, 11.98732127763674171 ) ) ;
#708 = DIRECTION ( 'NONE',  ( 0.000000000000000000, -0.000000000000000000, 1.000000000000000000 ) ) ;
#709 = EDGE_CURVE ( 'NONE', #5303, #3031, #152, .T. ) ;
#710 = VECTOR ( 'NONE', #3844, 1000.000000000000000 ) ;
#711 = EDGE_CURVE ( 'NONE', #4833, #928, #3917, .T. ) ;
#712 = CARTESIAN_POINT ( 'NONE',  ( -34.36303808268228011, -0.01000000000000002623, 2.206718403488665103 ) ) ;
#713 = CARTESIAN_POINT ( 'NONE',  ( -44.06303808268224032, 0.6500000000000000222, 7.906718403488666169 ) ) ;
#714 = VECTOR ( 'NONE', #2937, 1000.000000000000000 ) ;
#715 = DIRECTION ( 'NONE',  ( 0.000000000000000000, 0.000000000000000000, 1.000000000000000000 ) ) ;
#716 = ORIENTED_EDGE ( 'NONE', *, *, #3185, .F. ) ;
#717 = DIRECTION ( 'NONE',  ( -1.000000000000000000, 0.000000000000000000, -0.000000000000000000 ) ) ;
#718 = VECTOR ( 'NONE', #3386, 1000.000000000000000 ) ;
#719 = CARTESIAN_POINT ( 'NONE',  ( 2.063688418356066591E-14, -0.01000000000000002623, 10.70671840348857984 ) ) ;
#720 = ORIENTED_EDGE ( 'NONE', *, *, #656, .T. ) ;
#721 = VECTOR ( 'NONE', #4405, 1000.000000000000000 ) ;
#722 = DIRECTION ( 'NONE',  ( 0.000000000000000000, 0.000000000000000000, 1.000000000000000000 ) ) ;
#723 = LINE ( 'NONE', #2374, #1076 ) ;
#724 = CARTESIAN_POINT ( 'NONE',  ( -35.26303808268225737, 0.000000000000000000, 9.606718403488663682 ) ) ;
#725 = ORIENTED_EDGE ( 'NONE', *, *, #1321, .T. ) ;
#726 = ORIENTED_EDGE ( 'NONE', *, *, #1888, .F. ) ;
#727 = CYLINDRICAL_SURFACE ( 'NONE', #4858, 0.1999999999999987899 ) ;
#728 = PLANE ( 'NONE',  #1034 ) ;
#729 = AXIS2_PLACEMENT_3D ( 'NONE', #1449, #628, #3879 ) ;
#730 = AXIS2_PLACEMENT_3D ( 'NONE', #2205, #4666, #144 ) ;
#731 = VECTOR ( 'NONE', #3941, 1000.000000000000000 ) ;
#732 = ORIENTED_EDGE ( 'NONE', *, *, #2053, .T. ) ;
#733 = ORIENTED_EDGE ( 'NONE', *, *, #4757, .T. ) ;
#734 = CARTESIAN_POINT ( 'NONE',  ( -43.16303808268224174, -0.01000000000000002623, 0.000000000000000000 ) ) ;
#735 = ORIENTED_EDGE ( 'NONE', *, *, #3796, .T. ) ;
#736 = CARTESIAN_POINT ( 'NONE',  ( 0.000000000000000000, -0.01000000000000002623, 4.406718403488665281 ) ) ;
#737 = DIRECTION ( 'NONE',  ( -0.000000000000000000, -0.000000000000000000, 1.000000000000000000 ) ) ;
#738 = VECTOR ( 'NONE', #1039, 1000.000000000000000 ) ;
#739 = VECTOR ( 'NONE', #2220, 1000.000000000000000 ) ;
#740 = FACE_OUTER_BOUND ( 'NONE', #1371, .T. ) ;
#741 = CARTESIAN_POINT ( 'NONE',  ( -44.06303808268224032, 0.000000000000000000, 8.106718403488665459 ) ) ;
#742 = DIRECTION ( 'NONE',  ( -2.312964634635743529E-14, 0.000000000000000000, 1.000000000000000000 ) ) ;
#743 = VERTEX_POINT ( 'NONE', #1783 ) ;
#744 = FACE_OUTER_BOUND ( 'NONE', #1875, .T. ) ;
#745 = CARTESIAN_POINT ( 'NONE',  ( -43.70131370585286845, -0.01000000000000002623, 11.98732127763674171 ) ) ;
#746 = ORIENTED_EDGE ( 'NONE', *, *, #1882, .T. ) ;
#747 = AXIS2_PLACEMENT_3D ( 'NONE', #4678, #3950, #3569 ) ;
#748 = DIRECTION ( 'NONE',  ( 0.000000000000000000, 0.000000000000000000, 1.000000000000000000 ) ) ;
#749 = VECTOR ( 'NONE', #963, 1000.000000000000000 ) ;
#750 = ORIENTED_EDGE ( 'NONE', *, *, #4796, .F. ) ;
#751 = EDGE_CURVE ( 'NONE', #1599, #4786, #5113, .T. ) ;
#752 = EDGE_CURVE ( 'NONE', #3973, #5057, #3512, .T. ) ;
#753 = DIRECTION ( 'NONE',  ( -0.000000000000000000, 0.000000000000000000, 1.000000000000000000 ) ) ;
#754 = ORIENTED_EDGE ( 'NONE', *, *, #5158, .T. ) ;
#755 = ORIENTED_EDGE ( 'NONE', *, *, #1810, .F. ) ;
#756 = ADVANCED_FACE ( 'NONE', ( #4734 ), #970, .T. ) ;
#757 = CARTESIAN_POINT ( 'NONE',  ( -35.26303808268227868, 0.000000000000000000, 3.306718403488665192 ) ) ;
#758 = CYLINDRICAL_SURFACE ( 'NONE', #2842, 0.1999999999999987899 ) ;
#759 = EDGE_CURVE ( 'NONE', #1849, #234, #3051, .T. ) ;
#760 = ORIENTED_EDGE ( 'NONE', *, *, #3657, .T. ) ;
#761 = ORIENTED_EDGE ( 'NONE', *, *, #85, .F. ) ;
#762 = LINE ( 'NONE', #4870, #3490 ) ;
#763 = EDGE_CURVE ( 'NONE', #1169, #2785, #5106, .T. ) ;
#764 = ORIENTED_EDGE ( 'NONE', *, *, #396, .F. ) ;
#765 = DIRECTION ( 'NONE',  ( 0.000000000000000000, 0.000000000000000000, 1.000000000000000000 ) ) ;
#766 = DIRECTION ( 'NONE',  ( 0.000000000000000000, 1.000000000000000000, 0.000000000000000000 ) ) ;
#767 = ADVANCED_FACE ( 'NONE', ( #3887 ), #590, .T. ) ;
#768 = AXIS2_PLACEMENT_3D ( 'NONE', #4827, #3971, #258 ) ;
#769 = VECTOR ( 'NONE', #401, 1000.000000000000000 ) ;
#770 = PLANE ( 'NONE',  #3587 ) ;
#771 = LINE ( 'NONE', #5235, #2633 ) ;
#772 = CARTESIAN_POINT ( 'NONE',  ( -44.06303808268224742, 0.000000000000000000, 9.906718403488664393 ) ) ;
#773 = ORIENTED_EDGE ( 'NONE', *, *, #5077, .F. ) ;
#774 = FACE_OUTER_BOUND ( 'NONE', #4545, .T. ) ;
#775 = CARTESIAN_POINT ( 'NONE',  ( -34.36303808268228011, 0.000000000000000000, 4.106718403488664570 ) ) ;
#776 = ORIENTED_EDGE ( 'NONE', *, *, #1641, .T. ) ;
#777 = CARTESIAN_POINT ( 'NONE',  ( -44.06303808268224742, -0.01000000000000002623, 9.906718403488664393 ) ) ;
#778 = FACE_OUTER_BOUND ( 'NONE', #1699, .T. ) ;
#779 = LINE ( 'NONE', #1622, #227 ) ;
#780 = ORIENTED_EDGE ( 'NONE', *, *, #2441, .T. ) ;
#781 = ORIENTED_EDGE ( 'NONE', *, *, #3575, .T. ) ;
#782 = EDGE_CURVE ( 'NONE', #5058, #3358, #3001, .T. ) ;
#783 = CARTESIAN_POINT ( 'NONE',  ( -44.06303808268199873, -0.01000000000000002623, -1.019162487798514148E-12 ) ) ;
#784 = DIRECTION ( 'NONE',  ( 1.000000000000000000, 0.000000000000000000, 9.637352644315616444E-16 ) ) ;
#785 = EDGE_LOOP ( 'NONE', ( #2210, #2830, #219, #455, #2721 ) ) ;
#786 = ORIENTED_EDGE ( 'NONE', *, *, #1895, .F. ) ;
#787 = VECTOR ( 'NONE', #3077, 1000.000000000000000 ) ;
#788 = CARTESIAN_POINT ( 'NONE',  ( -44.06303808268222610, -0.01000000000000002623, 4.106718403488664570 ) ) ;
#789 = EDGE_LOOP ( 'NONE', ( #489, #1110, #1919, #733 ) ) ;
#790 = LINE ( 'NONE', #4088, #878 ) ;
#791 = DIRECTION ( 'NONE',  ( -0.000000000000000000, -1.000000000000000000, -0.000000000000000000 ) ) ;
#792 = LINE ( 'NONE', #2443, #646 ) ;
#793 = LINE ( 'NONE', #1201, #1943 ) ;
#794 = VECTOR ( 'NONE', #255, 1000.000000000000000 ) ;
#795 = VECTOR ( 'NONE', #223, 1000.000000000000000 ) ;
#796 = EDGE_CURVE ( 'NONE', #4340, #1333, #944, .T. ) ;
#797 = LINE ( 'NONE', #2447, #2959 ) ;
#798 = ORIENTED_EDGE ( 'NONE', *, *, #1525, .T. ) ;
#799 = CARTESIAN_POINT ( 'NONE',  ( -34.75155472807056611, -0.01000000000000002623, 2.206718403488665992 ) ) ;
#800 = CARTESIAN_POINT ( 'NONE',  ( -44.06303808268223321, 0.6500000000000000222, 0.000000000000000000 ) ) ;
#801 = ORIENTED_EDGE ( 'NONE', *, *, #1633, .F. ) ;
#802 = CARTESIAN_POINT ( 'NONE',  ( 0.000000000000000000, -0.01000000000000002623, 2.206718403488665103 ) ) ;
#803 = CARTESIAN_POINT ( 'NONE',  ( -35.26303808268226447, -0.01000000000000002623, 8.806718403488666524 ) ) ;
#804 = AXIS2_PLACEMENT_3D ( 'NONE', #242, #1081, #3517 ) ;
#805 = CARTESIAN_POINT ( 'NONE',  ( -43.70131370585286845, -0.01000000000000002623, 11.98732127763674171 ) ) ;
#806 = ORIENTED_EDGE ( 'NONE', *, *, #4590, .F. ) ;
#807 = ORIENTED_EDGE ( 'NONE', *, *, #2225, .T. ) ;
#808 = CARTESIAN_POINT ( 'NONE',  ( -34.36303808268227300, 0.6500000000000000222, 6.106718403488664570 ) ) ;
#809 = PLANE ( 'NONE',  #4915 ) ;
#810 = ORIENTED_EDGE ( 'NONE', *, *, #1551, .T. ) ;
#811 = ORIENTED_EDGE ( 'NONE', *, *, #684, .F. ) ;
#812 = CARTESIAN_POINT ( 'NONE',  ( -43.70131370585286845, -0.01000000000000002623, 7.706718403488665992 ) ) ;
#813 = EDGE_LOOP ( 'NONE', ( #4308, #3447, #1057, #3680 ) ) ;
#814 = DIRECTION ( 'NONE',  ( 0.000000000000000000, 1.000000000000000000, 0.000000000000000000 ) ) ;
#815 = DIRECTION ( 'NONE',  ( 0.000000000000000000, 1.000000000000000000, 0.000000000000000000 ) ) ;
#816 = VECTOR ( 'NONE', #4022, 1000.000000000000000 ) ;
#817 = ADVANCED_FACE ( 'NONE', ( #2592 ), #3838, .F. ) ;
#818 = CARTESIAN_POINT ( 'NONE',  ( -44.06303808268224742, 0.000000000000000000, 9.606718403488663682 ) ) ;
#819 = EDGE_CURVE ( 'NONE', #1897, #4504, #1374, .T. ) ;
#820 = EDGE_CURVE ( 'NONE', #5119, #1707, #4304, .T. ) ;
#821 = EDGE_CURVE ( 'NONE', #3600, #1496, #565, .T. ) ;
#822 = VECTOR ( 'NONE', #435, 1000.000000000000000 ) ;
#823 = EDGE_CURVE ( 'NONE', #4358, #2317, #5136, .T. ) ;
#824 = DIRECTION ( 'NONE',  ( -0.000000000000000000, -0.000000000000000000, 1.000000000000000000 ) ) ;
#825 = PLANE ( 'NONE',  #2286 ) ;
#826 = CARTESIAN_POINT ( 'NONE',  ( -38.71872036012467078, -0.01000000000000002623, 11.99219922775913005 ) ) ;
#827 = VERTEX_POINT ( 'NONE', #2263 ) ;
#828 = DIRECTION ( 'NONE',  ( 1.000000000000000000, 0.000000000000000000, 0.000000000000000000 ) ) ;
#829 = LINE ( 'NONE', #4486, #2084 ) ;
#830 = LINE ( 'NONE', #853, #3718 ) ;
#831 = VERTEX_POINT ( 'NONE', #209 ) ;
#832 = ORIENTED_EDGE ( 'NONE', *, *, #5197, .T. ) ;
#833 = DIRECTION ( 'NONE',  ( 0.000000000000000000, 1.000000000000000000, -0.000000000000000000 ) ) ;
#834 = DIRECTION ( 'NONE',  ( 0.000000000000000000, 1.000000000000000000, 0.000000000000000000 ) ) ;
#835 = EDGE_CURVE ( 'NONE', #5023, #3168, #1867, .T. ) ;
#836 = ORIENTED_EDGE ( 'NONE', *, *, #4294, .T. ) ;
#837 = VERTEX_POINT ( 'NONE', #3464 ) ;
#838 = LINE ( 'NONE', #102, #4982 ) ;
#839 = ORIENTED_EDGE ( 'NONE', *, *, #2762, .F. ) ;
#840 = ORIENTED_EDGE ( 'NONE', *, *, #85, .T. ) ;
#841 = LINE ( 'NONE', #2490, #189 ) ;
#842 = DIRECTION ( 'NONE',  ( 0.000000000000000000, -1.000000000000000000, 0.000000000000000000 ) ) ;
#843 = LINE ( 'NONE', #1576, #907 ) ;
#844 = ADVANCED_FACE ( 'NONE', ( #3957 ), #1009, .F. ) ;
#845 = LINE ( 'NONE', #2040, #629 ) ;
#846 = EDGE_CURVE ( 'NONE', #513, #4368, #1904, .T. ) ;
#847 = CARTESIAN_POINT ( 'NONE',  ( -44.06303808268223321, 0.6500000000000000222, 6.806718403488664748 ) ) ;
#848 = CARTESIAN_POINT ( 'NONE',  ( -44.06303808268221900, -0.01000000000000002623, 1.956718403488664881 ) ) ;
#849 = ORIENTED_EDGE ( 'NONE', *, *, #5080, .F. ) ;
#850 = LINE ( 'NONE', #4182, #2096 ) ;
#851 = VECTOR ( 'NONE', #1677, 1000.000000000000000 ) ;
#852 = CARTESIAN_POINT ( 'NONE',  ( -43.16303808268224884, -0.01000000000000002623, 10.70671840348866333 ) ) ;
#853 = CARTESIAN_POINT ( 'NONE',  ( -34.75155472807056611, -0.01000000000000002623, 11.98732127763674171 ) ) ;
#854 = ORIENTED_EDGE ( 'NONE', *, *, #5333, .F. ) ;
#855 = ORIENTED_EDGE ( 'NONE', *, *, #920, .T. ) ;
#856 = FACE_OUTER_BOUND ( 'NONE', #4188, .T. ) ;
#857 = DIRECTION ( 'NONE',  ( 1.000000000000000000, 0.000000000000000000, 0.000000000000000000 ) ) ;
#858 = ADVANCED_FACE ( 'NONE', ( #4393 ), #4791, .T. ) ;
#859 = ADVANCED_FACE ( 'NONE', ( #3092 ), #2329, .F. ) ;
#860 = ORIENTED_EDGE ( 'NONE', *, *, #4947, .F. ) ;
#861 = EDGE_LOOP ( 'NONE', ( #3724, #3143, #1845, #4592 ) ) ;
#862 = DIRECTION ( 'NONE',  ( -0.000000000000000000, -1.000000000000000000, -0.000000000000000000 ) ) ;
#863 = ORIENTED_EDGE ( 'NONE', *, *, #3692, .F. ) ;
#864 = ORIENTED_EDGE ( 'NONE', *, *, #4765, .F. ) ;
#865 = CARTESIAN_POINT ( 'NONE',  ( -34.36303808268227300, -0.01000000000000002623, 6.306718403488664748 ) ) ;
#866 = DIRECTION ( 'NONE',  ( 0.000000000000000000, 0.000000000000000000, 1.000000000000000000 ) ) ;
#867 = EDGE_CURVE ( 'NONE', #4087, #1078, #2707, .T. ) ;
#868 = CARTESIAN_POINT ( 'NONE',  ( -34.36303808268226589, 0.6500000000000000222, 7.906718403488666169 ) ) ;
#869 = VECTOR ( 'NONE', #3476, 1000.000000000000000 ) ;
#870 = ADVANCED_FACE ( 'NONE', ( #272 ), #245, .T. ) ;
#871 = CARTESIAN_POINT ( 'NONE',  ( -44.06303808268224032, 0.000000000000000000, 8.506718403488665814 ) ) ;
#872 = AXIS2_PLACEMENT_3D ( 'NONE', #129, #2648, #5079 ) ;
#873 = DIRECTION ( 'NONE',  ( -2.312964634635743529E-14, 0.000000000000000000, 1.000000000000000000 ) ) ;
#874 = LINE ( 'NONE', #3365, #1528 ) ;
#875 = ORIENTED_EDGE ( 'NONE', *, *, #292, .F. ) ;
#876 = PLANE ( 'NONE',  #462 ) ;
#877 = DIRECTION ( 'NONE',  ( 1.000000000000000000, 0.000000000000000000, 0.000000000000000000 ) ) ;
#878 = VECTOR ( 'NONE', #1961, 1000.000000000000000 ) ;
#879 = CARTESIAN_POINT ( 'NONE',  ( 0.000000000000000000, -0.01000000000000002623, 6.606718403488665459 ) ) ;
#880 = VERTEX_POINT ( 'NONE', #4742 ) ;
#881 = ORIENTED_EDGE ( 'NONE', *, *, #3296, .F. ) ;
#882 = CARTESIAN_POINT ( 'NONE',  ( -34.36303808268226589, 0.6500000000000000222, 8.306718403488662972 ) ) ;
#883 = PERSON_AND_ORGANIZATION ( #437, #2236 ) ;
#884 = EDGE_CURVE ( 'NONE', #3754, #2243, #4314, .T. ) ;
#885 = AXIS2_PLACEMENT_3D ( 'NONE', #1319, #4618, #1294 ) ;
#886 = ORIENTED_EDGE ( 'NONE', *, *, #2271, .F. ) ;
#887 = ORIENTED_EDGE ( 'NONE', *, *, #4918, .F. ) ;
#888 = LINE ( 'NONE', #1680, #4119 ) ;
#889 = ORIENTED_EDGE ( 'NONE', *, *, #2601, .F. ) ;
#890 = VERTEX_POINT ( 'NONE', #2731 ) ;
#891 = FACE_OUTER_BOUND ( 'NONE', #3784, .T. ) ;
#892 = LINE ( 'NONE', #925, #4021 ) ;
#893 = VECTOR ( 'NONE', #3337, 1000.000000000000000 ) ;
#894 = VECTOR ( 'NONE', #11, 1000.000000000000000 ) ;
#895 = AXIS2_PLACEMENT_3D ( 'NONE', #1542, #3194, #4496 ) ;
#896 = ORIENTED_EDGE ( 'NONE', *, *, #3592, .T. ) ;
#897 = DIRECTION ( 'NONE',  ( 0.000000000000000000, -0.000000000000000000, -1.000000000000000000 ) ) ;
#898 = VECTOR ( 'NONE', #3584, 1000.000000000000000 ) ;
#899 = VECTOR ( 'NONE', #4774, 1000.000000000000000 ) ;
#900 = EDGE_CURVE ( 'NONE', #5297, #4219, #3493, .T. ) ;
#901 = CARTESIAN_POINT ( 'NONE',  ( -44.06303808268224742, 0.6500000000000000222, 9.406718403488666169 ) ) ;
#902 = VECTOR ( 'NONE', #2661, 1000.000000000000000 ) ;
#903 = LINE ( 'NONE', #2554, #5050 ) ;
#904 = CARTESIAN_POINT ( 'NONE',  ( -44.06303808268221900, 0.6500000000000000222, 2.606718403488665459 ) ) ;
#905 = EDGE_LOOP ( 'NONE', ( #1960, #4159, #3716, #2399, #692, #5190, #3370, #1785 ) ) ;
#906 = CARTESIAN_POINT ( 'NONE',  ( -34.36303808268225879, -0.01000000000000002623, 11.80671840348866475 ) ) ;
#907 = VECTOR ( 'NONE', #4932, 1000.000000000000000 ) ;
#908 = VECTOR ( 'NONE', #4930, 1000.000000000000000 ) ;
#909 = DIRECTION ( 'NONE',  ( -0.000000000000000000, -0.000000000000000000, 1.000000000000000000 ) ) ;
#910 = CARTESIAN_POINT ( 'NONE',  ( -34.36303808268227300, 0.6500000000000000222, 0.000000000000000000 ) ) ;
#911 = ORIENTED_EDGE ( 'NONE', *, *, #3165, .F. ) ;
#912 = VERTEX_POINT ( 'NONE', #4767 ) ;
#913 = CARTESIAN_POINT ( 'NONE',  ( 0.000000000000000000, -0.01000000000000002623, 0.000000000000000000 ) ) ;
#914 = FACE_OUTER_BOUND ( 'NONE', #3601, .T. ) ;
#915 = EDGE_CURVE ( 'NONE', #5353, #3730, #1036, .T. ) ;
#916 = CARTESIAN_POINT ( 'NONE',  ( -44.06303808268223321, 0.6500000000000000222, 7.206718403488665103 ) ) ;
#917 = EDGE_CURVE ( 'NONE', #5006, #532, #1112, .T. ) ;
#918 = ORIENTED_EDGE ( 'NONE', *, *, #4309, .F. ) ;
#919 = EDGE_LOOP ( 'NONE', ( #3679, #807, #2868, #1899, #1749 ) ) ;
#920 = EDGE_CURVE ( 'NONE', #5297, #4871, #2685, .T. ) ;
#921 = CARTESIAN_POINT ( 'NONE',  ( -35.26303808268227868, -0.01000000000000002623, 4.406718403488665281 ) ) ;
#922 = ORIENTED_EDGE ( 'NONE', *, *, #2774, .F. ) ;
#923 = ORIENTED_EDGE ( 'NONE', *, *, #3564, .F. ) ;
#924 = DIRECTION ( 'NONE',  ( 1.000000000000000000, 0.000000000000000000, 0.000000000000000000 ) ) ;
#925 = CARTESIAN_POINT ( 'NONE',  ( -35.26303808268226447, 0.000000000000000000, 7.406718403488664393 ) ) ;
#926 = CIRCLE ( 'NONE', #90, 0.2000000000000005107 ) ;
#927 = EDGE_CURVE ( 'NONE', #5163, #912, #2223, .T. ) ;
#928 = VERTEX_POINT ( 'NONE', #4339 ) ;
#929 = CIRCLE ( 'NONE', #1183, 0.2000000000000005107 ) ;
#930 = CARTESIAN_POINT ( 'NONE',  ( -42.49940005278327959, -1.010000000000000009, 2.021237579218202463 ) ) ;
#931 = EDGE_CURVE ( 'NONE', #80, #560, #5199, .T. ) ;
#932 = LINE ( 'NONE', #4604, #3223 ) ;
#933 = FACE_OUTER_BOUND ( 'NONE', #5044, .T. ) ;
#934 = CARTESIAN_POINT ( 'NONE',  ( -43.16303808268224174, -0.01000000000000002623, 0.000000000000000000 ) ) ;
#935 = CARTESIAN_POINT ( 'NONE',  ( 0.000000000000000000, -0.01000000000000002623, 9.906718403488664393 ) ) ;
#936 = CARTESIAN_POINT ( 'NONE',  ( -34.36303808268225879, 0.6500000000000000222, 11.20671840348866510 ) ) ;
#937 = CARTESIAN_POINT ( 'NONE',  ( -34.36303808268225879, 0.000000000000000000, 9.906718403488664393 ) ) ;
#938 = DIRECTION ( 'NONE',  ( 0.000000000000000000, -1.000000000000000000, 0.000000000000000000 ) ) ;
#939 = DIRECTION ( 'NONE',  ( -0.000000000000000000, -0.000000000000000000, 1.000000000000000000 ) ) ;
#940 = ORIENTED_EDGE ( 'NONE', *, *, #983, .F. ) ;
#941 = EDGE_LOOP ( 'NONE', ( #3303, #3570, #4459, #1750, #4893 ) ) ;
#942 = CARTESIAN_POINT ( 'NONE',  ( -34.75155472807056611, -0.01000000000000002623, 2.027399959825791687 ) ) ;
#943 = APPROVAL_DATE_TIME ( #2917, #3385 ) ;
#944 = LINE ( 'NONE', #2213, #1827 ) ;
#945 = ADVANCED_FACE ( 'NONE', ( #1497 ), #3927, .F. ) ;
#946 = ORIENTED_EDGE ( 'NONE', *, *, #5166, .F. ) ;
#947 = DIRECTION ( 'NONE',  ( -0.000000000000000000, -1.000000000000000000, -0.000000000000000000 ) ) ;
#948 = ORIENTED_EDGE ( 'NONE', *, *, #1260, .F. ) ;
#949 = EDGE_LOOP ( 'NONE', ( #2810, #2684, #2848, #4899 ) ) ;
#950 = DIRECTION ( 'NONE',  ( 0.000000000000000000, 1.000000000000000000, 0.000000000000000000 ) ) ;
#951 = DIRECTION ( 'NONE',  ( 0.000000000000000000, 1.000000000000000000, 0.000000000000000000 ) ) ;
#952 = ORIENTED_EDGE ( 'NONE', *, *, #2603, .F. ) ;
#953 = CARTESIAN_POINT ( 'NONE',  ( 1.639644902006179956E-14, -0.01000000000000002623, 8.506718403488580549 ) ) ;
#954 = CARTESIAN_POINT ( 'NONE',  ( -34.36303808268225879, 0.000000000000000000, 10.10671840348866546 ) ) ;
#955 = CARTESIAN_POINT ( 'NONE',  ( -34.36303808268228011, -0.01000000000000002623, 0.000000000000000000 ) ) ;
#956 = CARTESIAN_POINT ( 'NONE',  ( -34.36303808268226589, 0.6500000000000000222, 7.906718403488666169 ) ) ;
#957 = VECTOR ( 'NONE', #4299, 1000.000000000000000 ) ;
#958 = CARTESIAN_POINT ( 'NONE',  ( -43.70131370585286845, -0.01000000000000002623, 4.406718403488665281 ) ) ;
#959 = EDGE_CURVE ( 'NONE', #1247, #4853, #1155, .T. ) ;
#960 = VECTOR ( 'NONE', #44, 1000.000000000000000 ) ;
#961 = DIRECTION ( 'NONE',  ( 0.000000000000000000, 0.000000000000000000, -1.000000000000000000 ) ) ;
#962 = PLANE ( 'NONE',  #37 ) ;
#963 = DIRECTION ( 'NONE',  ( 0.000000000000000000, 1.000000000000000000, 0.000000000000000000 ) ) ;
#964 = CARTESIAN_POINT ( 'NONE',  ( -44.06303808268224742, 0.000000000000000000, 9.606718403488663682 ) ) ;
#965 = ORIENTED_EDGE ( 'NONE', *, *, #3961, .F. ) ;
#966 = ORIENTED_EDGE ( 'NONE', *, *, #344, .T. ) ;
#967 = LINE ( 'NONE', #1834, #4959 ) ;
#968 = MECHANICAL_CONTEXT ( 'NONE', #5294, 'mechanical' ) ;
#969 = AXIS2_PLACEMENT_3D ( 'NONE', #2006, #3654, #1223 ) ;
#970 = PLANE ( 'NONE',  #3468 ) ;
#971 = ORIENTED_EDGE ( 'NONE', *, *, #3232, .F. ) ;
#972 = CARTESIAN_POINT ( 'NONE',  ( -34.36303808268227300, -0.01000000000000002623, 5.506718403488664926 ) ) ;
#973 = ORIENTED_EDGE ( 'NONE', *, *, #494, .F. ) ;
#974 = VERTEX_POINT ( 'NONE', #3578 ) ;
#975 = CARTESIAN_POINT ( 'NONE',  ( -34.75155472807056611, -0.01000000000000002623, 8.506718403488664038 ) ) ;
#976 = LINE ( 'NONE', #4284, #1866 ) ;
#977 = VECTOR ( 'NONE', #4564, 1000.000000000000000 ) ;
#978 = EDGE_LOOP ( 'NONE', ( #1558, #1278, #2994, #1152, #481, #2437, #1464, #3571, #4057, #650, #3028, #2058, #2192, #801, #4631, #1489, #46, #3891, #4702, #3868, #2979, #1195, #539, #4153, #1180, #2158, #4445, #3707, #10, #2858, #2151, #2887, #732, #3465, #2808, #301, #2800, #2456, #966, #511 ) ) ;
#979 = AXIS2_PLACEMENT_3D ( 'NONE', #3641, #3668, #4000 ) ;
#980 = DIRECTION ( 'NONE',  ( 0.000000000000000000, 1.000000000000000000, 0.000000000000000000 ) ) ;
#981 = EDGE_CURVE ( 'NONE', #4275, #2130, #1521, .T. ) ;
#982 = DIRECTION ( 'NONE',  ( 0.000000000000000000, 1.000000000000000000, 0.000000000000000000 ) ) ;
#983 = EDGE_CURVE ( 'NONE', #3389, #1467, #380, .T. ) ;
#984 = ADVANCED_FACE ( 'NONE', ( #3218 ), #4011, .T. ) ;
#985 = FACE_OUTER_BOUND ( 'NONE', #2462, .T. ) ;
#986 = EDGE_CURVE ( 'NONE', #1078, #1731, #762, .T. ) ;
#987 = DIRECTION ( 'NONE',  ( 0.000000000000000000, -1.000000000000000000, 0.000000000000000000 ) ) ;
#988 = EDGE_CURVE ( 'NONE', #3433, #1994, #2355, .T. ) ;
#989 = VECTOR ( 'NONE', #4049, 1000.000000000000000 ) ;
#990 = PLANE ( 'NONE',  #1422 ) ;
#992 = LINE ( 'NONE', #1747, #4365 ) ;
#991 = VECTOR ( 'NONE', #1063, 1000.000000000000000 ) ;
#993 = MANIFOLD_SOLID_BREP ( 'Boss-Extrude11', #2546 ) ;
#994 = CARTESIAN_POINT ( 'NONE',  ( -44.06303808268222610, 0.000000000000000000, 4.806718403488665636 ) ) ;
#995 = CARTESIAN_POINT ( 'NONE',  ( -44.06303808268225453, -0.01000000000000002623, 11.80671840348866475 ) ) ;
#996 = EDGE_LOOP ( 'NONE', ( #1592, #1483, #3127, #3998, #1008, #4166, #345, #2180 ) ) ;
#997 = ORIENTED_EDGE ( 'NONE', *, *, #186, .F. ) ;
#998 = LINE ( 'NONE', #1484, #1062 ) ;
#999 = PERSON_AND_ORGANIZATION_ROLE ( 'creator' ) ;
#1000 = VECTOR ( 'NONE', #1660, 1000.000000000000000 ) ;
#1001 = DIRECTION ( 'NONE',  ( 0.000000000000000000, 0.000000000000000000, -1.000000000000000000 ) ) ;
#1002 = ORIENTED_EDGE ( 'NONE', *, *, #3630, .F. ) ;
#1003 = CARTESIAN_POINT ( 'NONE',  ( -34.75155472807056611, -0.01000000000000002623, 6.606718403488665459 ) ) ;
#1004 = EDGE_LOOP ( 'NONE', ( #3378, #1070, #374, #1512 ) ) ;
#1005 = EDGE_LOOP ( 'NONE', ( #3210, #4470, #2091, #2818 ) ) ;
#1006 = CARTESIAN_POINT ( 'NONE',  ( -34.36303808268225879, -0.01000000000000002623, 0.000000000000000000 ) ) ;
#1007 = LINE ( 'NONE', #243, #2925 ) ;
#1008 = ORIENTED_EDGE ( 'NONE', *, *, #3902, .T. ) ;
#1009 = PLANE ( 'NONE',  #4589 ) ;
#1010 = VECTOR ( 'NONE', #1732, 1000.000000000000000 ) ;
#1011 = EDGE_LOOP ( 'NONE', ( #4300, #2892, #4327, #1639, #5240, #2864, #2217, #2811 ) ) ;
#1012 = DIRECTION ( 'NONE',  ( 0.000000000000000000, 0.000000000000000000, -1.000000000000000000 ) ) ;
#1013 = VECTOR ( 'NONE', #4642, 1000.000000000000000 ) ;
#1014 = DIRECTION ( 'NONE',  ( 1.000000000000000000, 0.000000000000000000, 0.000000000000000000 ) ) ;
#1015 = CARTESIAN_POINT ( 'NONE',  ( -34.36303808268227300, 0.000000000000000000, 6.106718403488664570 ) ) ;
#1016 = LINE ( 'NONE', #4321, #3147 ) ;
#1017 = EDGE_CURVE ( 'NONE', #5219, #5119, #4115, .T. ) ;
#1018 = FACE_OUTER_BOUND ( 'NONE', #813, .T. ) ;
#1019 = DIRECTION ( 'NONE',  ( -0.000000000000000000, -1.000000000000000000, 0.000000000000000000 ) ) ;
#1020 = CARTESIAN_POINT ( 'NONE',  ( -43.70131370585286845, -0.01000000000000002623, 2.027399959825791687 ) ) ;
#1021 = CARTESIAN_POINT ( 'NONE',  ( -38.71872036012467078, -1.010000000000000009, 11.98732127763674171 ) ) ;
#1022 = EDGE_LOOP ( 'NONE', ( #5335, #1727, #2076, #1222, #3326, #665, #2303, #2816 ) ) ;
#1023 = ORIENTED_EDGE ( 'NONE', *, *, #228, .F. ) ;
#1024 = CARTESIAN_POINT ( 'NONE',  ( -35.92667611258123372, -1.010000000000000009, 2.021237579218202463 ) ) ;
#1025 = DIRECTION ( 'NONE',  ( 0.000000000000000000, -1.000000000000000000, 0.000000000000000000 ) ) ;
#1026 = VERTEX_POINT ( 'NONE', #303 ) ;
#1027 = PLANE ( 'NONE',  #317 ) ;
#1028 = VERTEX_POINT ( 'NONE', #788 ) ;
#1029 = ORIENTED_EDGE ( 'NONE', *, *, #4424, .F. ) ;
#1030 = EDGE_CURVE ( 'NONE', #3455, #465, #1168, .T. ) ;
#1031 = DIRECTION ( 'NONE',  ( 0.000000000000000000, 1.000000000000000000, 0.000000000000000000 ) ) ;
#1032 = CARTESIAN_POINT ( 'NONE',  ( -34.36303808268228011, 0.6500000000000000222, 3.706718403488665547 ) ) ;
#1033 = EDGE_CURVE ( 'NONE', #1287, #1921, #3624, .T. ) ;
#1034 = AXIS2_PLACEMENT_3D ( 'NONE', #2075, #1241, #2025 ) ;
#1035 = ORIENTED_EDGE ( 'NONE', *, *, #3634, .T. ) ;
#1036 = LINE ( 'NONE', #4812, #1588 ) ;
#1037 = ORIENTED_EDGE ( 'NONE', *, *, #3165, .T. ) ;
#1038 = DIRECTION ( 'NONE',  ( 1.000000000000000000, 0.000000000000000000, -9.637352644315616444E-16 ) ) ;
#1039 = DIRECTION ( 'NONE',  ( 0.000000000000000000, 0.000000000000000000, 1.000000000000000000 ) ) ;
#1040 = PLANE ( 'NONE',  #3842 ) ;
#1041 = LINE ( 'NONE', #660, #4255 ) ;
#1042 = CARTESIAN_POINT ( 'NONE',  ( -35.92667611258123372, -1.010000000000000009, 11.99219922775913005 ) ) ;
#1043 = CARTESIAN_POINT ( 'NONE',  ( -34.36303808268228011, 0.6500000000000000222, 2.806718403488665192 ) ) ;
#1044 = DIRECTION ( 'NONE',  ( 0.000000000000000000, -1.000000000000000000, 0.000000000000000000 ) ) ;
#1045 = ORIENTED_EDGE ( 'NONE', *, *, #3381, .F. ) ;
#1046 = ORIENTED_EDGE ( 'NONE', *, *, #3631, .T. ) ;
#1047 = CARTESIAN_POINT ( 'NONE',  ( 1.639644902006179956E-14, -0.01000000000000002623, 8.506718403488580549 ) ) ;
#1048 = ORIENTED_EDGE ( 'NONE', *, *, #4372, .F. ) ;
#1049 = EDGE_CURVE ( 'NONE', #3674, #974, #2845, .T. ) ;
#1050 = EDGE_CURVE ( 'NONE', #2510, #1532, #2817, .T. ) ;
#1051 = DIRECTION ( 'NONE',  ( 0.000000000000000000, 0.000000000000000000, 1.000000000000000000 ) ) ;
#1052 = ORIENTED_EDGE ( 'NONE', *, *, #1360, .F. ) ;
#1053 = ORIENTED_EDGE ( 'NONE', *, *, #5258, .F. ) ;
#1054 = LINE ( 'NONE', #4787, #4090 ) ;
#1055 = LINE ( 'NONE', #3162, #3703 ) ;
#1056 = VECTOR ( 'NONE', #3995, 1000.000000000000000 ) ;
#1057 = ORIENTED_EDGE ( 'NONE', *, *, #521, .F. ) ;
#1058 = DIRECTION ( 'NONE',  ( 0.000000000000000000, 0.000000000000000000, -1.000000000000000000 ) ) ;
#1059 = VERTEX_POINT ( 'NONE', #1655 ) ;
#1060 = PLANE ( 'NONE',  #1227 ) ;
#1061 = DIRECTION ( 'NONE',  ( -0.000000000000000000, -1.000000000000000000, -0.000000000000000000 ) ) ;
#1062 = VECTOR ( 'NONE', #2294, 1000.000000000000000 ) ;
#1063 = DIRECTION ( 'NONE',  ( -0.000000000000000000, 1.000000000000000000, -0.000000000000000000 ) ) ;
#1064 = PLANE ( 'NONE',  #5134 ) ;
#1065 = EDGE_CURVE ( 'NONE', #2155, #3885, #330, .T. ) ;
#1066 = CARTESIAN_POINT ( 'NONE',  ( -35.26303808268225737, -0.01000000000000002623, 11.80671840348866297 ) ) ;
#1067 = CARTESIAN_POINT ( 'NONE',  ( -44.06303808268223321, -0.01000000000000002623, 0.000000000000000000 ) ) ;
#1068 = DIRECTION ( 'NONE',  ( 0.000000000000000000, 0.000000000000000000, -1.000000000000000000 ) ) ;
#1069 = DIRECTION ( 'NONE',  ( -0.000000000000000000, -1.000000000000000000, -0.000000000000000000 ) ) ;
#1070 = ORIENTED_EDGE ( 'NONE', *, *, #823, .T. ) ;
#1071 = ORIENTED_EDGE ( 'NONE', *, *, #2499, .F. ) ;
#1072 = CARTESIAN_POINT ( 'NONE',  ( -43.16303808268222753, -0.01000000000000002623, 5.206718403488664215 ) ) ;
#1073 = VECTOR ( 'NONE', #2766, 1000.000000000000000 ) ;
#1074 = CC_DESIGN_DATE_AND_TIME_ASSIGNMENT ( #3373, #4246, ( #2599 ) ) ;
#1075 = ORIENTED_EDGE ( 'NONE', *, *, #4492, .T. ) ;
#1076 = VECTOR ( 'NONE', #5269, 1000.000000000000000 ) ;
#1077 = CARTESIAN_POINT ( 'NONE',  ( -34.36303808268228011, 0.000000000000000000, 2.206718403488665103 ) ) ;
#1078 = VERTEX_POINT ( 'NONE', #812 ) ;
#1079 = AXIS2_PLACEMENT_3D ( 'NONE', #63, #4099, #3364 ) ;
#1080 = ORIENTED_EDGE ( 'NONE', *, *, #5302, .T. ) ;
#1081 = DIRECTION ( 'NONE',  ( 0.000000000000000000, -1.000000000000000000, 0.000000000000000000 ) ) ;
#1082 = DIRECTION ( 'NONE',  ( -0.000000000000000000, -1.000000000000000000, 0.000000000000000000 ) ) ;
#1083 = AXIS2_PLACEMENT_3D ( 'NONE', #4396, #3094, #2687 ) ;
#1084 = ADVANCED_FACE ( 'NONE', ( #2030 ), #2056, .F. ) ;
#1085 = ADVANCED_FACE ( 'NONE', ( #5277 ), #4039, .T. ) ;
#1086 = EDGE_CURVE ( 'NONE', #1921, #4684, #2464, .T. ) ;
#1087 = EDGE_CURVE ( 'NONE', #541, #495, #1851, .T. ) ;
#1088 = ORIENTED_EDGE ( 'NONE', *, *, #1017, .T. ) ;
#1089 = CARTESIAN_POINT ( 'NONE',  ( -7.138115719156294425E-15, -0.01000000000000002623, 7.406718403488698144 ) ) ;
#1090 = EDGE_LOOP ( 'NONE', ( #3788, #887, #1325, #3484 ) ) ;
#1091 = DIRECTION ( 'NONE',  ( 0.000000000000000000, 0.000000000000000000, -1.000000000000000000 ) ) ;
#1092 = CARTESIAN_POINT ( 'NONE',  ( -35.26303808268227158, 0.000000000000000000, 5.206718403488664215 ) ) ;
#1093 = CARTESIAN_POINT ( 'NONE',  ( -43.16303808268224884, 0.000000000000000000, 11.00671840348866404 ) ) ;
#1094 = ADVANCED_FACE ( 'NONE', ( #4839 ), #5358, .T. ) ;
#1095 = DIRECTION ( 'NONE',  ( 0.000000000000000000, -1.000000000000000000, 0.000000000000000000 ) ) ;
#1096 = VECTOR ( 'NONE', #1997, 1000.000000000000000 ) ;
#1097 = DIRECTION ( 'NONE',  ( -0.000000000000000000, -1.000000000000000000, -0.000000000000000000 ) ) ;
#1098 = CARTESIAN_POINT ( 'NONE',  ( 0.000000000000000000, -0.01000000000000002623, 0.000000000000000000 ) ) ;
#1099 = LINE ( 'NONE', #4378, #3096 ) ;
#1100 = EDGE_LOOP ( 'NONE', ( #1406, #1757, #2686, #124 ) ) ;
#1101 = DIRECTION ( 'NONE',  ( -1.000000000000000000, 0.000000000000000000, 0.000000000000000000 ) ) ;
#1102 = ORIENTED_EDGE ( 'NONE', *, *, #3002, .F. ) ;
#1103 = EDGE_CURVE ( 'NONE', #488, #77, #1245, .T. ) ;
#1104 = DIRECTION ( 'NONE',  ( 1.000000000000000000, 0.000000000000000000, 0.000000000000000000 ) ) ;
#1105 = ORIENTED_EDGE ( 'NONE', *, *, #3068, .T. ) ;
#1106 = ORIENTED_EDGE ( 'NONE', *, *, #87, .T. ) ;
#1107 = CARTESIAN_POINT ( 'NONE',  ( -44.06303808268224742, -0.01000000000000002623, 10.70671840348866510 ) ) ;
#1108 = CARTESIAN_POINT ( 'NONE',  ( -42.49940005278327959, -0.01000000000000002623, 2.021237579218202463 ) ) ;
#1109 = ADVANCED_FACE ( 'NONE', ( #1135 ), #2786, .F. ) ;
#1110 = ORIENTED_EDGE ( 'NONE', *, *, #4889, .T. ) ;
#1111 = EDGE_LOOP ( 'NONE', ( #95, #2757, #1674, #3141 ) ) ;
#1112 = LINE ( 'NONE', #1444, #464 ) ;
#1113 = VERTEX_POINT ( 'NONE', #1756 ) ;
#1114 = CYLINDRICAL_SURFACE ( 'NONE', #1575, 0.1999999999999996503 ) ;
#1115 = LINE ( 'NONE', #1880, #2899 ) ;
#1116 = SECURITY_CLASSIFICATION ( '', '', #4303 ) ;
#1117 = DIRECTION ( 'NONE',  ( -0.000000000000000000, 1.000000000000000000, -0.000000000000000000 ) ) ;
#1118 = LINE ( 'NONE', #3994, #1596 ) ;
#1119 = DIRECTION ( 'NONE',  ( 0.000000000000000000, 0.000000000000000000, -1.000000000000000000 ) ) ;
#1120 = ORIENTED_EDGE ( 'NONE', *, *, #3182, .T. ) ;
#1121 = CARTESIAN_POINT ( 'NONE',  ( 0.000000000000000000, -0.01000000000000002623, 8.806718403488666524 ) ) ;
#1122 = CARTESIAN_POINT ( 'NONE',  ( -35.26303808268228579, 0.000000000000000000, 3.006718403488663593 ) ) ;
#1123 = EDGE_LOOP ( 'NONE', ( #755, #423, #381, #352 ) ) ;
#1124 = DIRECTION ( 'NONE',  ( -1.000000000000000000, 0.000000000000000000, 0.000000000000000000 ) ) ;
#1125 = ORIENTED_EDGE ( 'NONE', *, *, #1162, .T. ) ;
#1126 = CARTESIAN_POINT ( 'NONE',  ( -35.92667611258123372, -1.010000000000000009, 2.027399959825791687 ) ) ;
#1127 = ORIENTED_EDGE ( 'NONE', *, *, #228, .T. ) ;
#1128 = ORIENTED_EDGE ( 'NONE', *, *, #1782, .T. ) ;
#1129 = DIRECTION ( 'NONE',  ( -0.000000000000000000, -1.000000000000000000, 0.000000000000000000 ) ) ;
#1130 = LINE ( 'NONE', #4896, #2670 ) ;
#1131 = VECTOR ( 'NONE', #3369, 1000.000000000000000 ) ;
#1132 = ORIENTED_EDGE ( 'NONE', *, *, #3298, .T. ) ;
#1133 = VECTOR ( 'NONE', #2239, 1000.000000000000000 ) ;
#1134 = ORIENTED_EDGE ( 'NONE', *, *, #5107, .F. ) ;
#1135 = FACE_OUTER_BOUND ( 'NONE', #5112, .T. ) ;
#1136 = ORIENTED_EDGE ( 'NONE', *, *, #1711, .F. ) ;
#1137 = LINE ( 'NONE', #4873, #2952 ) ;
#1138 = DIRECTION ( 'NONE',  ( 1.000000000000000000, 0.000000000000000000, 0.000000000000000000 ) ) ;
#1139 = VECTOR ( 'NONE', #5255, 1000.000000000000000 ) ;
#1140 = LINE ( 'NONE', #4746, #738 ) ;
#1141 = DIRECTION ( 'NONE',  ( 1.000000000000000000, 0.000000000000000000, -9.637352644315616444E-16 ) ) ;
#1142 = VECTOR ( 'NONE', #297, 1000.000000000000000 ) ;
#1143 = EDGE_CURVE ( 'NONE', #4626, #79, #2594, .T. ) ;
#1144 = EDGE_CURVE ( 'NONE', #72, #4040, #2920, .T. ) ;
#1145 = EDGE_CURVE ( 'NONE', #5058, #5005, #4226, .T. ) ;
#1146 = DIRECTION ( 'NONE',  ( 0.000000000000000000, 0.000000000000000000, -1.000000000000000000 ) ) ;
#1147 = EDGE_CURVE ( 'NONE', #3031, #4058, #4567, .T. ) ;
#1148 = ORIENTED_EDGE ( 'NONE', *, *, #1313, .F. ) ;
#1149 = CARTESIAN_POINT ( 'NONE',  ( -44.06303808268222610, 0.000000000000000000, 4.806718403488665636 ) ) ;
#1150 = AXIS2_PLACEMENT_3D ( 'NONE', #522, #3037, #164 ) ;
#1151 = DIRECTION ( 'NONE',  ( -0.000000000000000000, 0.000000000000000000, 1.000000000000000000 ) ) ;
#1152 = ORIENTED_EDGE ( 'NONE', *, *, #931, .T. ) ;
#1153 = VECTOR ( 'NONE', #3048, 1000.000000000000000 ) ;
#1154 = PLANE ( 'NONE',  #32 ) ;
#1155 = CIRCLE ( 'NONE', #5307, 0.2000000000000005107 ) ;
#1156 = LINE ( 'NONE', #420, #3240 ) ;
#1157 = DIRECTION ( 'NONE',  ( -0.000000000000000000, -0.000000000000000000, 1.000000000000000000 ) ) ;
#1158 = ORIENTED_EDGE ( 'NONE', *, *, #5078, .F. ) ;
#1159 = ORIENTED_EDGE ( 'NONE', *, *, #4931, .F. ) ;
#1160 = CARTESIAN_POINT ( 'NONE',  ( -34.36303808268225879, 0.000000000000000000, 10.70671840348866510 ) ) ;
#1161 = FACE_OUTER_BOUND ( 'NONE', #3035, .T. ) ;
#1162 = EDGE_CURVE ( 'NONE', #4871, #3538, #838, .T. ) ;
#1163 = CIRCLE ( 'NONE', #1511, 0.1999999999999987899 ) ;
#1164 = AXIS2_PLACEMENT_3D ( 'NONE', #2149, #167, #961 ) ;
#1165 = VECTOR ( 'NONE', #873, 1000.000000000000000 ) ;
#1166 = ORIENTED_EDGE ( 'NONE', *, *, #4526, .T. ) ;
#1167 = ORIENTED_EDGE ( 'NONE', *, *, #3071, .T. ) ;
#1168 = LINE ( 'NONE', #4444, #4872 ) ;
#1169 = VERTEX_POINT ( 'NONE', #52 ) ;
#1170 = FACE_OUTER_BOUND ( 'NONE', #1329, .T. ) ;
#1171 = CARTESIAN_POINT ( 'NONE',  ( -44.06303808268224742, 0.000000000000000000, 10.70671840348866510 ) ) ;
#1172 = AXIS2_PLACEMENT_3D ( 'NONE', #2113, #1302, #82 ) ;
#1173 = LINE ( 'NONE', #4986, #3151 ) ;
#1174 = DIRECTION ( 'NONE',  ( 0.000000000000000000, 0.000000000000000000, 1.000000000000000000 ) ) ;
#1175 = EDGE_CURVE ( 'NONE', #4437, #4626, #2989, .T. ) ;
#1176 = CARTESIAN_POINT ( 'NONE',  ( 0.000000000000000000, -0.01000000000000002623, 3.306718403488665192 ) ) ;
#1177 = EDGE_LOOP ( 'NONE', ( #5246, #2306, #4716, #2779 ) ) ;
#1178 = LINE ( 'NONE', #2828, #731 ) ;
#1179 = LINE ( 'NONE', #1969, #4042 ) ;
#1180 = ORIENTED_EDGE ( 'NONE', *, *, #4819, .T. ) ;
#1181 = VECTOR ( 'NONE', #4892, 1000.000000000000000 ) ;
#1182 = CARTESIAN_POINT ( 'NONE',  ( -34.75155472807056611, -0.01000000000000002623, 11.98732127763674171 ) ) ;
#1183 = AXIS2_PLACEMENT_3D ( 'NONE', #2496, #2930, #1205 ) ;
#1184 = DIRECTION ( 'NONE',  ( 0.000000000000000000, 1.000000000000000000, 0.000000000000000000 ) ) ;
#1185 = CARTESIAN_POINT ( 'NONE',  ( -34.75155472807056611, -0.01000000000000002623, 11.98732127763674171 ) ) ;
#1186 = ORIENTED_EDGE ( 'NONE', *, *, #656, .F. ) ;
#1187 = ORIENTED_EDGE ( 'NONE', *, *, #1946, .T. ) ;
#1188 = CARTESIAN_POINT ( 'NONE',  ( -35.26303808268227868, 0.000000000000000000, 4.106718403488663682 ) ) ;
#1189 = CARTESIAN_POINT ( 'NONE',  ( -43.70131370585286845, -0.01000000000000002623, 2.206718403488665992 ) ) ;
#1190 = ADVANCED_FACE ( 'NONE', ( #2568 ), #3005, .T. ) ;
#1191 = VERTEX_POINT ( 'NONE', #2156 ) ;
#1192 = ORIENTED_EDGE ( 'NONE', *, *, #1252, .T. ) ;
#1193 = DIRECTION ( 'NONE',  ( 0.000000000000000000, 0.000000000000000000, 1.000000000000000000 ) ) ;
#1194 = DATE_TIME_ROLE ( 'classification_date' ) ;
#1195 = ORIENTED_EDGE ( 'NONE', *, *, #3282, .T. ) ;
#1196 = LINE ( 'NONE', #2819, #2173 ) ;
#1197 = DIRECTION ( 'NONE',  ( -0.000000000000000000, -1.000000000000000000, -0.000000000000000000 ) ) ;
#1198 = ADVANCED_FACE ( 'NONE', ( #3814 ), #3328, .F. ) ;
#1199 = CIRCLE ( 'NONE', #2407, 0.1999999999999987899 ) ;
#1200 = CARTESIAN_POINT ( 'NONE',  ( -35.26303808268226447, -0.01000000000000002623, 0.000000000000000000 ) ) ;
#1201 = CARTESIAN_POINT ( 'NONE',  ( -43.70131370585286845, -0.01000000000000002623, 11.98732127763674171 ) ) ;
#1202 = LINE ( 'NONE', #4990, #4771 ) ;
#1203 = ORIENTED_EDGE ( 'NONE', *, *, #3163, .T. ) ;
#1204 = LINE ( 'NONE', #2449, #3411 ) ;
#1205 = DIRECTION ( 'NONE',  ( 0.000000000000000000, 0.000000000000000000, -1.000000000000000000 ) ) ;
#1206 = VERTEX_POINT ( 'NONE', #2186 ) ;
#1207 = CARTESIAN_POINT ( 'NONE',  ( -44.06303808268224742, -0.01000000000000002623, 0.000000000000000000 ) ) ;
#1208 = CARTESIAN_POINT ( 'NONE',  ( -34.36303808268227300, 0.000000000000000000, 6.306718403488664748 ) ) ;
#1209 = CARTESIAN_POINT ( 'NONE',  ( -44.06303808268222610, 0.000000000000000000, 3.706718403488665547 ) ) ;
#1210 = ORIENTED_EDGE ( 'NONE', *, *, #3875, .F. ) ;
#1211 = EDGE_LOOP ( 'NONE', ( #2658, #4677, #4828, #4946 ) ) ;
#1212 = CYLINDRICAL_SURFACE ( 'NONE', #2359, 0.2000000000000000944 ) ;
#1213 = CARTESIAN_POINT ( 'NONE',  ( 3.957789346532068147E-15, -0.01000000000000002623, 4.106718403488621938 ) ) ;
#1214 = EDGE_CURVE ( 'NONE', #3820, #488, #2513, .T. ) ;
#1215 = EDGE_CURVE ( 'NONE', #4868, #4813, #1786, .T. ) ;
#1216 = ADVANCED_FACE ( 'NONE', ( #2539 ), #3731, .F. ) ;
#1217 = ORIENTED_EDGE ( 'NONE', *, *, #3628, .T. ) ;
#1218 = VERTEX_POINT ( 'NONE', #487 ) ;
#1219 = VECTOR ( 'NONE', #2560, 1000.000000000000000 ) ;
#1220 = EDGE_CURVE ( 'NONE', #3341, #1921, #888, .T. ) ;
#1221 = CARTESIAN_POINT ( 'NONE',  ( -34.75155472807056611, -0.01000000000000002623, 11.98732127763674171 ) ) ;
#1222 = ORIENTED_EDGE ( 'NONE', *, *, #2902, .F. ) ;
#1223 = DIRECTION ( 'NONE',  ( 0.000000000000000000, 0.000000000000000000, 1.000000000000000000 ) ) ;
#1224 = LINE ( 'NONE', #4524, #3251 ) ;
#1225 = CARTESIAN_POINT ( 'NONE',  ( 0.000000000000000000, -0.01000000000000002623, 3.306718403488665192 ) ) ;
#1226 = AXIS2_PLACEMENT_3D ( 'NONE', #2472, #2013, #742 ) ;
#1227 = AXIS2_PLACEMENT_3D ( 'NONE', #4369, #247, #4265 ) ;
#1228 = LINE ( 'NONE', #4071, #2870 ) ;
#1229 = CARTESIAN_POINT ( 'NONE',  ( -43.70131370585286845, -1.010000000000000009, 11.98732127763674171 ) ) ;
#1230 = CARTESIAN_POINT ( 'NONE',  ( -43.70131370585286845, -0.01000000000000002623, 11.98732127763674171 ) ) ;
#1231 = ORIENTED_EDGE ( 'NONE', *, *, #1927, .F. ) ;
#1232 = FACE_OUTER_BOUND ( 'NONE', #132, .T. ) ;
#1233 = AXIS2_PLACEMENT_3D ( 'NONE', #1433, #637, #3859 ) ;
#1234 = ADVANCED_FACE ( 'NONE', ( #456 ), #4141, .F. ) ;
#1235 = CARTESIAN_POINT ( 'NONE',  ( -44.06303808268222610, 0.000000000000000000, 4.606718403488665459 ) ) ;
#1236 = VECTOR ( 'NONE', #2957, 1000.000000000000000 ) ;
#1237 = DIRECTION ( 'NONE',  ( 0.000000000000000000, 1.000000000000000000, -0.000000000000000000 ) ) ;
#1238 = ORIENTED_EDGE ( 'NONE', *, *, #2963, .T. ) ;
#1239 = VERTEX_POINT ( 'NONE', #1327 ) ;
#1240 = DIRECTION ( 'NONE',  ( 0.000000000000000000, -0.000000000000000000, 1.000000000000000000 ) ) ;
#1241 = DIRECTION ( 'NONE',  ( -1.000000000000000000, 0.000000000000000000, 0.000000000000000000 ) ) ;
#1242 = CC_DESIGN_PERSON_AND_ORGANIZATION_ASSIGNMENT ( #3810, #98, ( #4935 ) ) ;
#1243 = ORIENTED_EDGE ( 'NONE', *, *, #4820, .F. ) ;
#1244 = VERTEX_POINT ( 'NONE', #1298 ) ;
#1245 = LINE ( 'NONE', #4414, #57 ) ;
#1246 = ORIENTED_EDGE ( 'NONE', *, *, #3720, .F. ) ;
#1247 = VERTEX_POINT ( 'NONE', #3353 ) ;
#1248 = DIRECTION ( 'NONE',  ( 1.000000000000000000, 0.000000000000000000, 0.000000000000000000 ) ) ;
#1249 = DIRECTION ( 'NONE',  ( 0.000000000000000000, 1.000000000000000000, 0.000000000000000000 ) ) ;
#1250 = ADVANCED_FACE ( 'NONE', ( #1277 ), #2079, .F. ) ;
#1251 = EDGE_CURVE ( 'NONE', #1026, #3730, #1791, .T. ) ;
#1252 = EDGE_CURVE ( 'NONE', #1755, #3944, #4759, .T. ) ;
#1253 = ADVANCED_FACE ( 'NONE', ( #4736 ), #1027, .F. ) ;
#1254 = AXIS2_PLACEMENT_3D ( 'NONE', #361, #1095, #3967 ) ;
#1255 = VECTOR ( 'NONE', #1933, 1000.000000000000000 ) ;
#1256 = APPLICATION_CONTEXT ( 'configuration controlled 3d designs of mechanical parts and assemblies' ) ;
#1257 = CARTESIAN_POINT ( 'NONE',  ( -34.36303808268228011, -0.01000000000000002623, 3.006718403488664482 ) ) ;
#1258 = VECTOR ( 'NONE', #309, 1000.000000000000000 ) ;
#1259 = LINE ( 'NONE', #772, #4077 ) ;
#1260 = EDGE_CURVE ( 'NONE', #1404, #2752, #4386, .T. ) ;
#1261 = CARTESIAN_POINT ( 'NONE',  ( -34.75155472807056611, -0.01000000000000002623, 10.70671840348866333 ) ) ;
#1262 = DIRECTION ( 'NONE',  ( -1.000000000000000000, 0.000000000000000000, 0.000000000000000000 ) ) ;
#1263 = ORIENTED_EDGE ( 'NONE', *, *, #2632, .F. ) ;
#1264 = DIRECTION ( 'NONE',  ( -1.000000000000000000, 0.000000000000000000, 0.000000000000000000 ) ) ;
#1265 = DIRECTION ( 'NONE',  ( 0.000000000000000000, 1.000000000000000000, 0.000000000000000000 ) ) ;
#1266 = VECTOR ( 'NONE', #1353, 1000.000000000000000 ) ;
#1267 = CARTESIAN_POINT ( 'NONE',  ( 0.000000000000000000, -0.01000000000000002623, 7.706718403488665992 ) ) ;
#1268 = EDGE_LOOP ( 'NONE', ( #3764, #2422, #2722, #3807 ) ) ;
#1269 = ORIENTED_EDGE ( 'NONE', *, *, #4195, .T. ) ;
#1270 = CARTESIAN_POINT ( 'NONE',  ( -44.06303808268221900, 0.6500000000000000222, 2.806718403488664748 ) ) ;
#1271 = CALENDAR_DATE ( 2024, 26, 11 ) ;
#1272 = EDGE_CURVE ( 'NONE', #595, #265, #2215, .T. ) ;
#1273 = AXIS2_PLACEMENT_3D ( 'NONE', #4852, #2719, #1506 ) ;
#1274 = ADVANCED_FACE ( 'NONE', ( #3053 ), #593, .F. ) ;
#1275 = EDGE_LOOP ( 'NONE', ( #3375, #2259, #431, #4409 ) ) ;
#1276 = VERTEX_POINT ( 'NONE', #4708 ) ;
#1277 = FACE_OUTER_BOUND ( 'NONE', #3780, .T. ) ;
#1278 = ORIENTED_EDGE ( 'NONE', *, *, #3566, .T. ) ;
#1279 = ORIENTED_EDGE ( 'NONE', *, *, #2171, .T. ) ;
#1280 = FACE_OUTER_BOUND ( 'NONE', #1123, .T. ) ;
#1281 = LINE ( 'NONE', #4629, #739 ) ;
#1282 = EDGE_CURVE ( 'NONE', #2936, #5108, #1376, .T. ) ;
#1283 = PLANE ( 'NONE',  #5233 ) ;
#1284 = DIRECTION ( 'NONE',  ( -1.000000000000000000, 0.000000000000000000, 0.000000000000000000 ) ) ;
#1285 = DIRECTION ( 'NONE',  ( -1.000000000000000000, 0.000000000000000000, 2.312964634635736587E-14 ) ) ;
#1286 = CARTESIAN_POINT ( 'NONE',  ( -34.36303808268228011, 0.6500000000000000222, 1.956718403488664881 ) ) ;
#1287 = VERTEX_POINT ( 'NONE', #640 ) ;
#1288 = CARTESIAN_POINT ( 'NONE',  ( -44.06303808268223321, 0.000000000000000000, 6.306718403488664748 ) ) ;
#1289 = VECTOR ( 'NONE', #5143, 1000.000000000000000 ) ;
#1290 = DIRECTION ( 'NONE',  ( 0.000000000000000000, 1.000000000000000000, -0.000000000000000000 ) ) ;
#1291 = LINE ( 'NONE', #2097, #1654 ) ;
#1292 = EDGE_LOOP ( 'NONE', ( #1970, #5336, #1136, #5215, #881 ) ) ;
#1293 = ORIENTED_EDGE ( 'NONE', *, *, #4689, .T. ) ;
#1294 = DIRECTION ( 'NONE',  ( 1.000000000000000000, 0.000000000000000000, 9.637352644315541502E-16 ) ) ;
#1295 = DIRECTION ( 'NONE',  ( 0.000000000000000000, 0.000000000000000000, 1.000000000000000000 ) ) ;
#1296 = ORIENTED_EDGE ( 'NONE', *, *, #3131, .T. ) ;
#1297 = EDGE_LOOP ( 'NONE', ( #923, #1514, #104, #3276, #4225, #4256, #1667, #2377, #811, #5024, #4768, #533, #3093, #3267, #1802, #2696 ) ) ;
#1298 = CARTESIAN_POINT ( 'NONE',  ( -35.26303808268228579, 0.000000000000000000, 2.206718403488665103 ) ) ;
#1299 = ORIENTED_EDGE ( 'NONE', *, *, #1908, .F. ) ;
#1300 = ORIENTED_EDGE ( 'NONE', *, *, #3906, .T. ) ;
#1301 = LINE ( 'NONE', #2159, #2087 ) ;
#1302 = DIRECTION ( 'NONE',  ( 0.000000000000000000, 0.000000000000000000, -1.000000000000000000 ) ) ;
#1303 = ADVANCED_FACE ( 'NONE', ( #3867 ), #3514, .T. ) ;
#1304 = ORIENTED_EDGE ( 'NONE', *, *, #2672, .T. ) ;
#1305 = DIRECTION ( 'NONE',  ( -0.000000000000000000, -1.000000000000000000, -0.000000000000000000 ) ) ;
#1306 = DIRECTION ( 'NONE',  ( -9.637352644315616444E-16, 0.000000000000000000, -1.000000000000000000 ) ) ;
#1307 = AXIS2_PLACEMENT_3D ( 'NONE', #1847, #4718, #1058 ) ;
#1308 = CARTESIAN_POINT ( 'NONE',  ( -43.16303808268224174, -0.01000000000000002623, 7.706718403488665992 ) ) ;
#1309 = LINE ( 'NONE', #1230, #2132 ) ;
#1310 = ORIENTED_EDGE ( 'NONE', *, *, #1776, .T. ) ;
#1311 = CARTESIAN_POINT ( 'NONE',  ( -44.06303808268221900, 0.000000000000000000, 3.006718403488664482 ) ) ;
#1312 = ADVANCED_FACE ( 'NONE', ( #1811 ), #670, .F. ) ;
#1313 = EDGE_CURVE ( 'NONE', #4108, #880, #3336, .T. ) ;
#1314 = ADVANCED_FACE ( 'NONE', ( #4333 ), #264, .F. ) ;
#1315 = LINE ( 'NONE', #3586, #2114 ) ;
#1316 = DIRECTION ( 'NONE',  ( -1.000000000000000000, 0.000000000000000000, 0.000000000000000000 ) ) ;
#1317 = ORIENTED_EDGE ( 'NONE', *, *, #2064, .T. ) ;
#1318 = ORIENTED_EDGE ( 'NONE', *, *, #931, .F. ) ;
#1319 = CARTESIAN_POINT ( 'NONE',  ( -2.897680555657400471E-15, -0.01000000000000002623, 3.006718403488697344 ) ) ;
#1320 =( LENGTH_UNIT ( ) NAMED_UNIT ( * ) SI_UNIT ( .MILLI., .METRE. ) );
#1321 = EDGE_CURVE ( 'NONE', #234, #3596, #3453, .T. ) ;
#1322 = VECTOR ( 'NONE', #4082, 1000.000000000000000 ) ;
#1323 = DIRECTION ( 'NONE',  ( -1.000000000000000000, 0.000000000000000000, 0.000000000000000000 ) ) ;
#1324 = ORIENTED_EDGE ( 'NONE', *, *, #4364, .T. ) ;
#1325 = ORIENTED_EDGE ( 'NONE', *, *, #3949, .F. ) ;
#1326 = EDGE_CURVE ( 'NONE', #4595, #2264, #239, .T. ) ;
#1327 = CARTESIAN_POINT ( 'NONE',  ( -39.70735580523984254, -0.01000000000000002623, 2.027399959825791687 ) ) ;
#1328 = VERTEX_POINT ( 'NONE', #1003 ) ;
#1329 = EDGE_LOOP ( 'NONE', ( #4585, #3843, #3183, #3023, #1431 ) ) ;
#1330 = LINE ( 'NONE', #865, #446 ) ;
#1331 = CARTESIAN_POINT ( 'NONE',  ( -34.75155472807056611, -0.01000000000000002623, 3.306718403488666080 ) ) ;
#1332 = VECTOR ( 'NONE', #2276, 1000.000000000000000 ) ;
#1333 = VERTEX_POINT ( 'NONE', #1437 ) ;
#1334 = LINE ( 'NONE', #2224, #3325 ) ;
#1335 = VECTOR ( 'NONE', #1141, 1000.000000000000000 ) ;
#1336 = CARTESIAN_POINT ( 'NONE',  ( 0.000000000000000000, -0.01000000000000002623, 0.000000000000000000 ) ) ;
#1337 = VECTOR ( 'NONE', #1338, 1000.000000000000000 ) ;
#1338 = DIRECTION ( 'NONE',  ( -0.000000000000000000, -1.000000000000000000, -0.000000000000000000 ) ) ;
#1339 = LINE ( 'NONE', #956, #1926 ) ;
#1340 = FACE_OUTER_BOUND ( 'NONE', #2209, .T. ) ;
#1341 = VECTOR ( 'NONE', #1138, 1000.000000000000000 ) ;
#1342 = EDGE_CURVE ( 'NONE', #1972, #5164, #2725, .T. ) ;
#1343 = DIRECTION ( 'NONE',  ( 0.000000000000000000, 0.000000000000000000, -1.000000000000000000 ) ) ;
#1344 = PLANE ( 'NONE',  #4611 ) ;
#1345 = DIRECTION ( 'NONE',  ( 0.000000000000000000, -1.000000000000000000, 0.000000000000000000 ) ) ;
#1346 = CARTESIAN_POINT ( 'NONE',  ( -34.36303808268226589, 0.000000000000000000, 6.606718403488665459 ) ) ;
#1347 = ORIENTED_EDGE ( 'NONE', *, *, #358, .F. ) ;
#1348 = VERTEX_POINT ( 'NONE', #2265 ) ;
#1349 = DIRECTION ( 'NONE',  ( -2.312964634635736587E-14, 0.000000000000000000, 1.000000000000000000 ) ) ;
#1350 = CARTESIAN_POINT ( 'NONE',  ( -44.06303808268221900, 0.000000000000000000, 3.006718403488664482 ) ) ;
#1351 = DIRECTION ( 'NONE',  ( -0.000000000000000000, -0.000000000000000000, 1.000000000000000000 ) ) ;
#1352 = ORIENTED_EDGE ( 'NONE', *, *, #1713, .F. ) ;
#1353 = DIRECTION ( 'NONE',  ( -2.312964634635743529E-14, 0.000000000000000000, 1.000000000000000000 ) ) ;
#1354 = EDGE_LOOP ( 'NONE', ( #96, #4920, #1957, #3911 ) ) ;
#1355 = ORIENTED_EDGE ( 'NONE', *, *, #1661, .F. ) ;
#1356 = CARTESIAN_POINT ( 'NONE',  ( -43.70131370585286845, -0.01000000000000002623, 11.98732127763674171 ) ) ;
#1357 = DIRECTION ( 'NONE',  ( 1.000000000000000000, -0.000000000000000000, 0.000000000000000000 ) ) ;
#1358 = VECTOR ( 'NONE', #5138, 1000.000000000000000 ) ;
#1359 = ORIENTED_EDGE ( 'NONE', *, *, #4433, .F. ) ;
#1360 = EDGE_CURVE ( 'NONE', #4307, #676, #3919, .T. ) ;
#1361 = LINE ( 'NONE', #1386, #217 ) ;
#1362 = CARTESIAN_POINT ( 'NONE',  ( -34.36303808268228011, 0.000000000000000000, 3.506718403488664926 ) ) ;
#1363 = PLANE ( 'NONE',  #2547 ) ;
#1364 = CARTESIAN_POINT ( 'NONE',  ( -44.06303808268223321, 0.000000000000000000, 7.006718403488665814 ) ) ;
#1365 = DIRECTION ( 'NONE',  ( 2.312964634635736587E-14, 0.000000000000000000, 1.000000000000000000 ) ) ;
#1366 = DIRECTION ( 'NONE',  ( 0.000000000000000000, -0.000000000000000000, 1.000000000000000000 ) ) ;
#1367 = DIRECTION ( 'NONE',  ( 0.000000000000000000, 1.000000000000000000, -0.000000000000000000 ) ) ;
#1368 = DIRECTION ( 'NONE',  ( -0.000000000000000000, -1.000000000000000000, -0.000000000000000000 ) ) ;
#1369 = LINE ( 'NONE', #1801, #787 ) ;
#1370 = ORIENTED_EDGE ( 'NONE', *, *, #546, .T. ) ;
#1371 = EDGE_LOOP ( 'NONE', ( #3300, #4139, #23, #4116 ) ) ;
#1372 = VECTOR ( 'NONE', #3543, 1000.000000000000000 ) ;
#1373 = DIRECTION ( 'NONE',  ( 0.000000000000000000, 0.000000000000000000, -1.000000000000000000 ) ) ;
#1374 = LINE ( 'NONE', #3026, #4848 ) ;
#1375 = ORIENTED_EDGE ( 'NONE', *, *, #288, .T. ) ;
#1376 = LINE ( 'NONE', #1488, #1358 ) ;
#1377 = ORIENTED_EDGE ( 'NONE', *, *, #1387, .F. ) ;
#1378 = ORIENTED_EDGE ( 'NONE', *, *, #2424, .T. ) ;
#1379 = DIRECTION ( 'NONE',  ( 0.000000000000000000, 1.000000000000000000, -0.000000000000000000 ) ) ;
#1380 = CARTESIAN_POINT ( 'NONE',  ( 0.000000000000000000, -0.01000000000000002623, 0.000000000000000000 ) ) ;
#1381 = ADVANCED_FACE ( 'NONE', ( #2625 ), #1870, .F. ) ;
#1382 = EDGE_CURVE ( 'NONE', #1328, #4301, #3245, .T. ) ;
#1383 = EDGE_CURVE ( 'NONE', #4388, #50, #2048, .T. ) ;
#1384 = EDGE_CURVE ( 'NONE', #3315, #1897, #5296, .T. ) ;
#1385 = VERTEX_POINT ( 'NONE', #373 ) ;
#1386 = CARTESIAN_POINT ( 'NONE',  ( -43.70131370585286845, -0.01000000000000002623, 11.98732127763674171 ) ) ;
#1387 = EDGE_CURVE ( 'NONE', #676, #2556, #4919, .T. ) ;
#1388 = PLANE ( 'NONE',  #1150 ) ;
#1389 = CARTESIAN_POINT ( 'NONE',  ( -44.06303808268225453, 0.000000000000000000, 11.80671840348866475 ) ) ;
#1390 = VECTOR ( 'NONE', #3855, 1000.000000000000000 ) ;
#1391 = CARTESIAN_POINT ( 'NONE',  ( -44.06303808268222610, -0.01000000000000002623, 3.306718403488665192 ) ) ;
#1392 = AXIS2_PLACEMENT_3D ( 'NONE', #572, #3115, #2304 ) ;
#1393 = LINE ( 'NONE', #3777, #2545 ) ;
#1394 = CARTESIAN_POINT ( 'NONE',  ( -35.92667611258123372, -1.010000000000000009, 2.021237579218202463 ) ) ;
#1395 = CARTESIAN_POINT ( 'NONE',  ( -34.36303808268228011, 0.6500000000000000222, 2.406718403488664837 ) ) ;
#1396 = CARTESIAN_POINT ( 'NONE',  ( -43.16303808268222753, -0.01000000000000002623, 4.106718403488663682 ) ) ;
#1397 = ORIENTED_EDGE ( 'NONE', *, *, #3296, .T. ) ;
#1398 = VERTEX_POINT ( 'NONE', #2836 ) ;
#1399 = EDGE_CURVE ( 'NONE', #837, #3856, #5244, .T. ) ;
#1400 = FACE_OUTER_BOUND ( 'NONE', #4408, .T. ) ;
#1401 = CALENDAR_DATE ( 2024, 26, 11 ) ;
#1402 = CIRCLE ( 'NONE', #4431, 0.2000000000000005107 ) ;
#1403 = DIRECTION ( 'NONE',  ( -0.000000000000000000, -1.000000000000000000, -0.000000000000000000 ) ) ;
#1404 = VERTEX_POINT ( 'NONE', #4029 ) ;
#1405 = CARTESIAN_POINT ( 'NONE',  ( -34.36303808268225879, 0.6500000000000000222, 11.40671840348866617 ) ) ;
#1406 = ORIENTED_EDGE ( 'NONE', *, *, #1144, .T. ) ;
#1407 = ORIENTED_EDGE ( 'NONE', *, *, #1645, .T. ) ;
#1408 = DIRECTION ( 'NONE',  ( 1.000000000000000000, 0.000000000000000000, 0.000000000000000000 ) ) ;
#1409 = CARTESIAN_POINT ( 'NONE',  ( 0.000000000000000000, -0.01000000000000002623, 9.606718403488663682 ) ) ;
#1410 = VECTOR ( 'NONE', #4490, 1000.000000000000000 ) ;
#1411 = ORIENTED_EDGE ( 'NONE', *, *, #3693, .F. ) ;
#1412 = AXIS2_PLACEMENT_3D ( 'NONE', #1336, #2984, #5092 ) ;
#1413 = DIRECTION ( 'NONE',  ( -0.000000000000000000, -1.000000000000000000, -0.000000000000000000 ) ) ;
#1414 = AXIS2_PLACEMENT_3D ( 'NONE', #1640, #1694, #2147 ) ;
#1415 = VERTEX_POINT ( 'NONE', #2751 ) ;
#1416 = CARTESIAN_POINT ( 'NONE',  ( -43.70131370585286845, -1.010000000000000009, 2.027399959825791687 ) ) ;
#1417 = EDGE_CURVE ( 'NONE', #4219, #3541, #4832, .T. ) ;
#1418 = DIRECTION ( 'NONE',  ( 0.000000000000000000, 0.000000000000000000, 1.000000000000000000 ) ) ;
#1419 = PLANE ( 'NONE',  #3935 ) ;
#1420 = VECTOR ( 'NONE', #4046, 1000.000000000000000 ) ;
#1421 = CARTESIAN_POINT ( 'NONE',  ( -42.49940005278327959, -0.01000000000000002623, 2.027399959825791687 ) ) ;
#1422 = AXIS2_PLACEMENT_3D ( 'NONE', #3473, #3852, #2663 ) ;
#1423 = VECTOR ( 'NONE', #4264, 1000.000000000000000 ) ;
#1424 = EDGE_CURVE ( 'NONE', #404, #3031, #2021, .T. ) ;
#1425 = DIRECTION ( 'NONE',  ( 0.000000000000000000, 0.000000000000000000, 1.000000000000000000 ) ) ;
#1427 = DIRECTION ( 'NONE',  ( -1.927470528863108300E-15, 0.000000000000000000, -1.000000000000000000 ) ) ;
#1426 = AXIS2_PLACEMENT_3D ( 'NONE', #3063, #1305, #2951 ) ;
#1428 = CARTESIAN_POINT ( 'NONE',  ( -43.16303808268222042, 0.000000000000000000, 3.006718403488663593 ) ) ;
#1429 = DIRECTION ( 'NONE',  ( -0.000000000000000000, -0.000000000000000000, -1.000000000000000000 ) ) ;
#1430 = ORIENTED_EDGE ( 'NONE', *, *, #5260, .F. ) ;
#1431 = ORIENTED_EDGE ( 'NONE', *, *, #5225, .T. ) ;
#1432 = EDGE_CURVE ( 'NONE', #4600, #4833, #3673, .T. ) ;
#1433 = CARTESIAN_POINT ( 'NONE',  ( -44.06303808268225453, 0.000000000000000000, 11.40671840348866617 ) ) ;
#1434 = AXIS2_PLACEMENT_3D ( 'NONE', #1380, #2629, #2139 ) ;
#1435 = CARTESIAN_POINT ( 'NONE',  ( 0.000000000000000000, -0.01000000000000002623, 11.00671840348866404 ) ) ;
#1436 = ORIENTED_EDGE ( 'NONE', *, *, #820, .T. ) ;
#1437 = CARTESIAN_POINT ( 'NONE',  ( -35.26303808268226447, -0.01000000000000002623, 7.706718403488665992 ) ) ;
#1438 = ORIENTED_EDGE ( 'NONE', *, *, #3458, .T. ) ;
#1439 = ORIENTED_EDGE ( 'NONE', *, *, #67, .T. ) ;
#1440 = ADVANCED_FACE ( 'NONE', ( #3186 ), #2777, .T. ) ;
#1441 = DIRECTION ( 'NONE',  ( 0.000000000000000000, 0.000000000000000000, 1.000000000000000000 ) ) ;
#1442 = DIRECTION ( 'NONE',  ( -1.000000000000000000, 0.000000000000000000, 9.637352644315616444E-16 ) ) ;
#1443 = EDGE_LOOP ( 'NONE', ( #1002, #4649, #860, #2784, #1602, #849 ) ) ;
#1444 = CARTESIAN_POINT ( 'NONE',  ( -43.70131370585286845, -0.01000000000000002623, 11.98732127763674171 ) ) ;
#1445 = ORIENTED_EDGE ( 'NONE', *, *, #3934, .F. ) ;
#1446 = FACE_OUTER_BOUND ( 'NONE', #1090, .T. ) ;
#1447 = VECTOR ( 'NONE', #2016, 1000.000000000000000 ) ;
#1448 = CARTESIAN_POINT ( 'NONE',  ( -44.06303808268224742, 0.000000000000000000, 8.806718403488666524 ) ) ;
#1449 = CARTESIAN_POINT ( 'NONE',  ( 0.000000000000000000, -0.01000000000000002623, 11.00671840348866404 ) ) ;
#1450 = EDGE_CURVE ( 'NONE', #1580, #3205, #779, .T. ) ;
#1451 = EDGE_CURVE ( 'NONE', #4507, #2243, #346, .T. ) ;
#1452 = DIRECTION ( 'NONE',  ( -0.000000000000000000, -1.000000000000000000, -0.000000000000000000 ) ) ;
#1453 = CARTESIAN_POINT ( 'NONE',  ( -35.26303808268227158, -0.01000000000000002623, 6.306718403488663860 ) ) ;
#1454 = LINE ( 'NONE', #607, #3090 ) ;
#1455 = LINE ( 'NONE', #5162, #2078 ) ;
#1456 = VERTEX_POINT ( 'NONE', #4436 ) ;
#1457 = EDGE_LOOP ( 'NONE', ( #244, #4837, #1673, #5193, #4455, #5139 ) ) ;
#1458 = CARTESIAN_POINT ( 'NONE',  ( -34.36303808268226589, -0.01000000000000002623, 9.606718403488663682 ) ) ;
#1459 = ORIENTED_EDGE ( 'NONE', *, *, #1675, .T. ) ;
#1460 = AXIS2_PLACEMENT_3D ( 'NONE', #4161, #5076, #857 ) ;
#1461 = ORIENTED_EDGE ( 'NONE', *, *, #4940, .F. ) ;
#1462 = DIRECTION ( 'NONE',  ( 0.000000000000000000, 0.000000000000000000, -1.000000000000000000 ) ) ;
#1463 = EDGE_LOOP ( 'NONE', ( #3732, #2394, #1903, #3729 ) ) ;
#1464 = ORIENTED_EDGE ( 'NONE', *, *, #140, .T. ) ;
#1465 = DIRECTION ( 'NONE',  ( 0.000000000000000000, 0.000000000000000000, 1.000000000000000000 ) ) ;
#1466 = CARTESIAN_POINT ( 'NONE',  ( -43.16303808268222042, -0.01000000000000002623, 2.206718403488665103 ) ) ;
#1467 = VERTEX_POINT ( 'NONE', #724 ) ;
#1468 = DIRECTION ( 'NONE',  ( 0.000000000000000000, 0.000000000000000000, 1.000000000000000000 ) ) ;
#1469 = ORIENTED_EDGE ( 'NONE', *, *, #4672, .F. ) ;
#1470 = DIRECTION ( 'NONE',  ( -9.637352644315616444E-16, 0.000000000000000000, -1.000000000000000000 ) ) ;
#1471 = LINE ( 'NONE', #5232, #564 ) ;
#1472 = EDGE_CURVE ( 'NONE', #2678, #5353, #926, .T. ) ;
#1473 = DIRECTION ( 'NONE',  ( 0.000000000000000000, 1.000000000000000000, 0.000000000000000000 ) ) ;
#1474 = PLANE ( 'NONE',  #1254 ) ;
#1475 = CC_DESIGN_DATE_AND_TIME_ASSIGNMENT ( #2488, #1194, ( #1116 ) ) ;
#1476 = LINE ( 'NONE', #5262, #794 ) ;
#1477 = VECTOR ( 'NONE', #4669, 1000.000000000000000 ) ;
#1478 = CARTESIAN_POINT ( 'NONE',  ( -35.26303808268226447, -0.01000000000000002623, 0.000000000000000000 ) ) ;
#1479 = LINE ( 'NONE', #3997, #1702 ) ;
#1480 = CARTESIAN_POINT ( 'NONE',  ( 0.000000000000000000, -0.01000000000000002623, 3.306718403488665192 ) ) ;
#1481 = ORIENTED_EDGE ( 'NONE', *, *, #1214, .T. ) ;
#1482 = EDGE_CURVE ( 'NONE', #3030, #912, #3270, .T. ) ;
#1483 = ORIENTED_EDGE ( 'NONE', *, *, #2737, .T. ) ;
#1484 = CARTESIAN_POINT ( 'NONE',  ( 0.000000000000000000, -0.01000000000000002623, 3.306718403488665192 ) ) ;
#1485 = ADVANCED_FACE ( 'NONE', ( #3644 ), #2427, .F. ) ;
#1486 = ADVANCED_FACE ( 'NONE', ( #2862 ), #3209, .T. ) ;
#1487 = VERTEX_POINT ( 'NONE', #696 ) ;
#1488 = CARTESIAN_POINT ( 'NONE',  ( -34.75155472807056611, -0.01000000000000002623, 2.027399959825791687 ) ) ;
#1489 = ORIENTED_EDGE ( 'NONE', *, *, #184, .F. ) ;
#1490 = ORIENTED_EDGE ( 'NONE', *, *, #1617, .T. ) ;
#1491 = CARTESIAN_POINT ( 'NONE',  ( -43.70131370585286845, -0.01000000000000002623, 8.806718403488666524 ) ) ;
#1492 = LINE ( 'NONE', #1539, #4656 ) ;
#1493 = VECTOR ( 'NONE', #1504, 1000.000000000000000 ) ;
#1494 = ADVANCED_FACE ( 'NONE', ( #4860 ), #1513, .F. ) ;
#1495 = VECTOR ( 'NONE', #765, 1000.000000000000000 ) ;
#1496 = VERTEX_POINT ( 'NONE', #4462 ) ;
#1497 = FACE_OUTER_BOUND ( 'NONE', #3135, .T. ) ;
#1498 = VERTEX_POINT ( 'NONE', #1346 ) ;
#1499 = LINE ( 'NONE', #679, #4599 ) ;
#1500 = PLANE ( 'NONE',  #2980 ) ;
#1501 = VECTOR ( 'NONE', #3189, 1000.000000000000000 ) ;
#1502 = LINE ( 'NONE', #3607, #1258 ) ;
#1503 = CARTESIAN_POINT ( 'NONE',  ( -35.26303808268227868, 0.000000000000000000, 3.306718403488665192 ) ) ;
#1504 = DIRECTION ( 'NONE',  ( -0.000000000000000000, -1.000000000000000000, -0.000000000000000000 ) ) ;
#1505 = PLANE ( 'NONE',  #1857 ) ;
#1506 = DIRECTION ( 'NONE',  ( 0.000000000000000000, -0.000000000000000000, -1.000000000000000000 ) ) ;
#1507 = VERTEX_POINT ( 'NONE', #2479 ) ;
#1508 = ORIENTED_EDGE ( 'NONE', *, *, #4035, .F. ) ;
#1509 = CARTESIAN_POINT ( 'NONE',  ( 0.000000000000000000, -0.01000000000000002623, 7.706718403488665992 ) ) ;
#1510 = ADVANCED_FACE ( 'NONE', ( #3722 ), #14, .F. ) ;
#1511 = AXIS2_PLACEMENT_3D ( 'NONE', #1829, #1019, #2256 ) ;
#1512 = ORIENTED_EDGE ( 'NONE', *, *, #4148, .T. ) ;
#1513 = CYLINDRICAL_SURFACE ( 'NONE', #3550, 0.1999999999999987899 ) ;
#1514 = ORIENTED_EDGE ( 'NONE', *, *, #4194, .F. ) ;
#1515 = VERTEX_POINT ( 'NONE', #4132 ) ;
#1516 = CARTESIAN_POINT ( 'NONE',  ( -34.36303808268228011, 0.6500000000000000222, 3.506718403488664926 ) ) ;
#1517 = CARTESIAN_POINT ( 'NONE',  ( 7.138115719156221850E-15, -0.01000000000000002623, 7.406718403488622648 ) ) ;
#1518 = VECTOR ( 'NONE', #2416, 1000.000000000000000 ) ;
#1519 = ORIENTED_EDGE ( 'NONE', *, *, #988, .T. ) ;
#1520 = ORIENTED_EDGE ( 'NONE', *, *, #2683, .T. ) ;
#1521 = LINE ( 'NONE', #4086, #631 ) ;
#1522 = VERTEX_POINT ( 'NONE', #5016 ) ;
#1523 = DIRECTION ( 'NONE',  ( -0.000000000000000000, -1.000000000000000000, -0.000000000000000000 ) ) ;
#1524 = CARTESIAN_POINT ( 'NONE',  ( -34.36303808268226589, 0.000000000000000000, 6.606718403488665459 ) ) ;
#1525 = EDGE_CURVE ( 'NONE', #1206, #4838, #5351, .T. ) ;
#1526 = CARTESIAN_POINT ( 'NONE',  ( -44.06303808268222610, 0.6500000000000000222, 5.006718403488665814 ) ) ;
#1527 = CARTESIAN_POINT ( 'NONE',  ( -35.26303808268225737, -0.01000000000000002623, 11.80671840348866297 ) ) ;
#1528 = VECTOR ( 'NONE', #2067, 1000.000000000000000 ) ;
#1529 = FACE_OUTER_BOUND ( 'NONE', #4438, .T. ) ;
#1530 = CARTESIAN_POINT ( 'NONE',  ( -34.75155472807056611, -0.01000000000000002623, 11.98732127763674171 ) ) ;
#1531 = CARTESIAN_POINT ( 'NONE',  ( -43.70131370585286845, -0.01000000000000002623, 5.206718403488665103 ) ) ;
#1532 = VERTEX_POINT ( 'NONE', #447 ) ;
#1533 = CARTESIAN_POINT ( 'NONE',  ( -35.92667611258123372, -1.010000000000000009, 11.99219922775913005 ) ) ;
#1534 = EDGE_LOOP ( 'NONE', ( #3708, #2320, #3928, #1102 ) ) ;
#1535 = DIRECTION ( 'NONE',  ( 0.000000000000000000, -1.000000000000000000, 0.000000000000000000 ) ) ;
#1536 = VERTEX_POINT ( 'NONE', #421 ) ;
#1537 = EDGE_LOOP ( 'NONE', ( #4825, #3160, #1300, #3352, #5013, #5251, #3103, #375 ) ) ;
#1538 = DIRECTION ( 'NONE',  ( 0.000000000000000000, 0.000000000000000000, 1.000000000000000000 ) ) ;
#1539 = CARTESIAN_POINT ( 'NONE',  ( -44.06303808268223321, -0.01000000000000002623, 6.606718403488665459 ) ) ;
#1540 = VERTEX_POINT ( 'NONE', #2071 ) ;
#1541 = ORIENTED_EDGE ( 'NONE', *, *, #4890, .F. ) ;
#1542 = CARTESIAN_POINT ( 'NONE',  ( -44.06303808268221900, 0.000000000000000000, 2.606718403488665459 ) ) ;
#1543 = ORIENTED_EDGE ( 'NONE', *, *, #1220, .T. ) ;
#1544 = DIRECTION ( 'NONE',  ( -0.000000000000000000, 0.000000000000000000, 1.000000000000000000 ) ) ;
#1545 = LINE ( 'NONE', #3197, #1341 ) ;
#1546 = EDGE_CURVE ( 'NONE', #2556, #488, #1291, .T. ) ;
#1547 = VECTOR ( 'NONE', #2681, 1000.000000000000000 ) ;
#1548 = EDGE_CURVE ( 'NONE', #4278, #4562, #3398, .T. ) ;
#1549 = EDGE_CURVE ( 'NONE', #3399, #4591, #1748, .T. ) ;
#1550 = ADVANCED_FACE ( 'NONE', ( #2586 ), #4157, .T. ) ;
#1551 = EDGE_CURVE ( 'NONE', #3622, #5192, #3319, .T. ) ;
#1552 = LINE ( 'NONE', #3198, #2807 ) ;
#1553 = LINE ( 'NONE', #280, #1335 ) ;
#1554 = DIRECTION ( 'NONE',  ( 0.000000000000000000, 0.000000000000000000, -1.000000000000000000 ) ) ;
#1555 = ORIENTED_EDGE ( 'NONE', *, *, #1927, .T. ) ;
#1556 = LINE ( 'NONE', #2801, #816 ) ;
#1557 = CARTESIAN_POINT ( 'NONE',  ( -43.16303808268222042, 0.000000000000000000, 3.006718403488663593 ) ) ;
#1558 = ORIENTED_EDGE ( 'NONE', *, *, #363, .T. ) ;
#1559 = DIRECTION ( 'NONE',  ( -0.000000000000000000, -0.000000000000000000, 1.000000000000000000 ) ) ;
#1560 = DIRECTION ( 'NONE',  ( 0.000000000000000000, 1.000000000000000000, -0.000000000000000000 ) ) ;
#1561 = DIRECTION ( 'NONE',  ( 0.000000000000000000, 1.000000000000000000, 0.000000000000000000 ) ) ;
#1562 = ORIENTED_EDGE ( 'NONE', *, *, #1826, .T. ) ;
#1563 = VERTEX_POINT ( 'NONE', #3752 ) ;
#1564 = CARTESIAN_POINT ( 'NONE',  ( -34.36303808268227300, 0.000000000000000000, 5.206718403488665103 ) ) ;
#1565 = CARTESIAN_POINT ( 'NONE',  ( -3.957789346532140723E-15, -0.01000000000000002623, 4.106718403488697433 ) ) ;
#1566 = VECTOR ( 'NONE', #3778, 1000.000000000000000 ) ;
#1567 = ORIENTED_EDGE ( 'NONE', *, *, #3393, .F. ) ;
#1568 = VECTOR ( 'NONE', #1413, 1000.000000000000000 ) ;
#1569 = ORIENTED_EDGE ( 'NONE', *, *, #256, .F. ) ;
#1570 = CARTESIAN_POINT ( 'NONE',  ( -43.16303808268222042, -0.01000000000000002623, 0.000000000000000000 ) ) ;
#1571 = APPROVAL_STATUS ( 'not_yet_approved' ) ;
#1572 = ORIENTED_EDGE ( 'NONE', *, *, #4094, .T. ) ;
#1573 = LINE ( 'NONE', #3683, #1495 ) ;
#1574 = PLANE ( 'NONE',  #2638 ) ;
#1575 = AXIS2_PLACEMENT_3D ( 'NONE', #2986, #500, #3930 ) ;
#1576 = CARTESIAN_POINT ( 'NONE',  ( -43.16303808268224174, -0.01000000000000002623, 8.506718403488664038 ) ) ;
#1577 = FACE_OUTER_BOUND ( 'NONE', #789, .T. ) ;
#1578 = VECTOR ( 'NONE', #2181, 1000.000000000000000 ) ;
#1579 = DIRECTION ( 'NONE',  ( 0.000000000000000000, 0.000000000000000000, -1.000000000000000000 ) ) ;
#1580 = VERTEX_POINT ( 'NONE', #1646 ) ;
#1581 = DIRECTION ( 'NONE',  ( -1.000000000000000000, -0.000000000000000000, -0.000000000000000000 ) ) ;
#1582 = AXIS2_PLACEMENT_3D ( 'NONE', #4503, #4047, #2906 ) ;
#1583 = DIRECTION ( 'NONE',  ( 1.000000000000000000, -0.000000000000000000, 9.637352644315616444E-16 ) ) ;
#1584 = ORIENTED_EDGE ( 'NONE', *, *, #3174, .F. ) ;
#1585 = AXIS2_PLACEMENT_3D ( 'NONE', #4609, #4130, #1745 ) ;
#1586 = DIRECTION ( 'NONE',  ( 0.000000000000000000, 0.000000000000000000, 1.000000000000000000 ) ) ;
#1587 = EDGE_CURVE ( 'NONE', #4278, #4020, #1726, .T. ) ;
#1588 = VECTOR ( 'NONE', #161, 1000.000000000000000 ) ;
#1589 = PLANE ( 'NONE',  #3993 ) ;
#1590 = EDGE_CURVE ( 'NONE', #2485, #1693, #4970, .T. ) ;
#1591 = CARTESIAN_POINT ( 'NONE',  ( -43.16303808268224884, -0.01000000000000002623, 0.000000000000000000 ) ) ;
#1592 = ORIENTED_EDGE ( 'NONE', *, *, #2103, .F. ) ;
#1593 = VERTEX_POINT ( 'NONE', #45 ) ;
#1594 = LINE ( 'NONE', #2754, #4525 ) ;
#1595 = DIRECTION ( 'NONE',  ( 0.000000000000000000, -1.000000000000000000, 0.000000000000000000 ) ) ;
#1596 = VECTOR ( 'NONE', #688, 1000.000000000000000 ) ;
#1597 = VECTOR ( 'NONE', #2230, 1000.000000000000000 ) ;
#1598 = VECTOR ( 'NONE', #523, 1000.000000000000000 ) ;
#1599 = VERTEX_POINT ( 'NONE', #3291 ) ;
#1600 = ORIENTED_EDGE ( 'NONE', *, *, #4757, .F. ) ;
#1601 = DIRECTION ( 'NONE',  ( 0.000000000000000000, 0.000000000000000000, -1.000000000000000000 ) ) ;
#1602 = ORIENTED_EDGE ( 'NONE', *, *, #4685, .F. ) ;
#1603 = DIRECTION ( 'NONE',  ( 0.000000000000000000, 0.000000000000000000, -1.000000000000000000 ) ) ;
#1604 = FACE_OUTER_BOUND ( 'NONE', #2298, .T. ) ;
#1605 = VECTOR ( 'NONE', #3360, 1000.000000000000000 ) ;
#1606 = VECTOR ( 'NONE', #2387, 1000.000000000000000 ) ;
#1607 = LINE ( 'NONE', #3740, #128 ) ;
#1608 = FACE_OUTER_BOUND ( 'NONE', #3774, .T. ) ;
#1609 = LINE ( 'NONE', #1176, #1742 ) ;
#1610 = ORIENTED_EDGE ( 'NONE', *, *, #591, .T. ) ;
#1611 = CARTESIAN_POINT ( 'NONE',  ( -35.26303808268225737, -0.01000000000000002623, 0.000000000000000000 ) ) ;
#1612 = DIRECTION ( 'NONE',  ( 2.312964634635743529E-14, 0.000000000000000000, 1.000000000000000000 ) ) ;
#1613 = EDGE_LOOP ( 'NONE', ( #1166, #547, #406, #4743, #351 ) ) ;
#1614 = AXIS2_PLACEMENT_3D ( 'NONE', #3890, #2322, #154 ) ;
#1615 = FACE_OUTER_BOUND ( 'NONE', #3682, .T. ) ;
#1616 = EDGE_CURVE ( 'NONE', #1078, #3983, #2531, .T. ) ;
#1617 = EDGE_CURVE ( 'NONE', #2248, #3675, #4996, .T. ) ;
#1618 = ADVANCED_FACE ( 'NONE', ( #3697 ), #4584, .F. ) ;
#1619 = ADVANCED_FACE ( 'NONE', ( #2128 ), #4187, .T. ) ;
#1620 = VECTOR ( 'NONE', #4506, 1000.000000000000000 ) ;
#1621 = CARTESIAN_POINT ( 'NONE',  ( -42.49940005278327959, -1.010000000000000009, 11.99219922775913005 ) ) ;
#1622 = CARTESIAN_POINT ( 'NONE',  ( -44.06303808268222610, -0.01000000000000002623, 4.406718403488665281 ) ) ;
#1623 = ORIENTED_EDGE ( 'NONE', *, *, #363, .F. ) ;
#1624 = EDGE_LOOP ( 'NONE', ( #635, #4576, #486, #2077, #4542, #4387, #4171, #726 ) ) ;
#1625 = DIRECTION ( 'NONE',  ( 0.000000000000000000, 0.000000000000000000, -1.000000000000000000 ) ) ;
#1626 = CARTESIAN_POINT ( 'NONE',  ( -35.26303808268225737, 0.000000000000000000, 10.70671840348866333 ) ) ;
#1627 = ORIENTED_EDGE ( 'NONE', *, *, #1590, .F. ) ;
#1628 = ORIENTED_EDGE ( 'NONE', *, *, #4845, .F. ) ;
#1629 = DIRECTION ( 'NONE',  ( -0.000000000000000000, 1.000000000000000000, -0.000000000000000000 ) ) ;
#1630 = ORIENTED_EDGE ( 'NONE', *, *, #2763, .F. ) ;
#1631 = DIRECTION ( 'NONE',  ( 1.000000000000000000, -0.000000000000000000, 9.637352644315616444E-16 ) ) ;
#1632 = DIRECTION ( 'NONE',  ( 0.000000000000000000, -0.000000000000000000, -1.000000000000000000 ) ) ;
#1633 = EDGE_CURVE ( 'NONE', #2883, #3432, #4561, .T. ) ;
#1634 = CIRCLE ( 'NONE', #2141, 0.1999999999999987899 ) ;
#1635 = PLANE ( 'NONE',  #4881 ) ;
#1636 = CARTESIAN_POINT ( 'NONE',  ( -44.06303808268222610, 0.000000000000000000, 4.106718403488664570 ) ) ;
#1637 = CARTESIAN_POINT ( 'NONE',  ( -34.36303808268225879, -0.01000000000000002623, 11.80671840348866475 ) ) ;
#1638 = DIRECTION ( 'NONE',  ( 1.000000000000000000, 0.000000000000000000, 1.927470528863123289E-15 ) ) ;
#1639 = ORIENTED_EDGE ( 'NONE', *, *, #4526, .F. ) ;
#1640 = CARTESIAN_POINT ( 'NONE',  ( -34.36303808268227300, 0.000000000000000000, 4.806718403488665636 ) ) ;
#1641 = EDGE_CURVE ( 'NONE', #4301, #4340, #830, .T. ) ;
#1642 = CARTESIAN_POINT ( 'NONE',  ( -34.36303808268228011, 0.000000000000000000, 3.306718403488665192 ) ) ;
#1643 = EDGE_CURVE ( 'NONE', #3463, #5006, #1891, .T. ) ;
#1644 = EDGE_CURVE ( 'NONE', #4038, #4507, #3943, .T. ) ;
#1645 = EDGE_CURVE ( 'NONE', #4894, #2111, #122, .T. ) ;
#1646 = CARTESIAN_POINT ( 'NONE',  ( -44.06303808268222610, -0.01000000000000002623, 4.406718403488665281 ) ) ;
#1647 = ORIENTED_EDGE ( 'NONE', *, *, #419, .T. ) ;
#1648 = ORIENTED_EDGE ( 'NONE', *, *, #2939, .T. ) ;
#1649 = PLANE ( 'NONE',  #2012 ) ;
#1650 = CARTESIAN_POINT ( 'NONE',  ( 0.000000000000000000, -0.01000000000000002623, 11.00671840348866404 ) ) ;
#1651 = EDGE_CURVE ( 'NONE', #329, #2769, #170, .T. ) ;
#1652 = VERTEX_POINT ( 'NONE', #1862 ) ;
#1653 = ORIENTED_EDGE ( 'NONE', *, *, #2470, .F. ) ;
#1654 = VECTOR ( 'NONE', #939, 1000.000000000000000 ) ;
#1655 = CARTESIAN_POINT ( 'NONE',  ( -34.36303808268228011, 0.6500000000000000222, 2.806718403488665192 ) ) ;
#1656 = ORIENTED_EDGE ( 'NONE', *, *, #4867, .F. ) ;
#1657 = APPROVAL_DATE_TIME ( #5360, #3156 ) ;
#1658 = ORIENTED_EDGE ( 'NONE', *, *, #626, .F. ) ;
#1659 = CARTESIAN_POINT ( 'NONE',  ( -34.36303808268228011, -0.01000000000000002623, 0.000000000000000000 ) ) ;
#1660 = DIRECTION ( 'NONE',  ( 1.000000000000000000, 0.000000000000000000, -1.927470528863108300E-15 ) ) ;
#1661 = EDGE_CURVE ( 'NONE', #4549, #4737, #3832, .T. ) ;
#1662 = DIRECTION ( 'NONE',  ( -1.000000000000000000, 0.000000000000000000, 1.927470528863123289E-15 ) ) ;
#1663 = CARTESIAN_POINT ( 'NONE',  ( -35.26303808268227158, 0.000000000000000000, 6.306718403488663860 ) ) ;
#1664 = EDGE_CURVE ( 'NONE', #2316, #2944, #147, .T. ) ;
#1665 = CARTESIAN_POINT ( 'NONE',  ( 0.000000000000000000, -0.01000000000000002623, 8.806718403488666524 ) ) ;
#1666 = CARTESIAN_POINT ( 'NONE',  ( -2.063688418356095936E-14, -0.01000000000000002623, 10.70671840348873083 ) ) ;
#1667 = ORIENTED_EDGE ( 'NONE', *, *, #3132, .F. ) ;
#1668 = PLANE ( 'NONE',  #3482 ) ;
#1669 = VECTOR ( 'NONE', #2237, 1000.000000000000000 ) ;
#1670 = DIRECTION ( 'NONE',  ( -1.000000000000000000, 0.000000000000000000, -0.000000000000000000 ) ) ;
#1671 = VECTOR ( 'NONE', #693, 1000.000000000000000 ) ;
#1672 = DIRECTION ( 'NONE',  ( 0.000000000000000000, 0.000000000000000000, -1.000000000000000000 ) ) ;
#1673 = ORIENTED_EDGE ( 'NONE', *, *, #3989, .F. ) ;
#1674 = ORIENTED_EDGE ( 'NONE', *, *, #1837, .F. ) ;
#1675 = EDGE_CURVE ( 'NONE', #29, #3535, #5186, .T. ) ;
#1676 = DIRECTION ( 'NONE',  ( 0.000000000000000000, -0.000000000000000000, 1.000000000000000000 ) ) ;
#1677 = DIRECTION ( 'NONE',  ( -1.000000000000000000, 0.000000000000000000, 1.927470528863108300E-15 ) ) ;
#1678 = ORIENTED_EDGE ( 'NONE', *, *, #2107, .F. ) ;
#1679 = VERTEX_POINT ( 'NONE', #1021 ) ;
#1680 = CARTESIAN_POINT ( 'NONE',  ( -34.36303808268226589, 0.000000000000000000, 8.506718403488665814 ) ) ;
#1681 = ORIENTED_EDGE ( 'NONE', *, *, #2879, .F. ) ;
#1682 = ORIENTED_EDGE ( 'NONE', *, *, #2167, .T. ) ;
#1683 = PLANE ( 'NONE',  #2782 ) ;
#1684 = LINE ( 'NONE', #3332, #2295 ) ;
#1685 = VECTOR ( 'NONE', #1425, 1000.000000000000000 ) ;
#1686 = VECTOR ( 'NONE', #340, 1000.000000000000000 ) ;
#1687 = VECTOR ( 'NONE', #3335, 1000.000000000000000 ) ;
#1688 = LINE ( 'NONE', #4, #4018 ) ;
#1689 = VECTOR ( 'NONE', #4169, 1000.000000000000000 ) ;
#1690 = LINE ( 'NONE', #3687, #893 ) ;
#1691 = LINE ( 'NONE', #3339, #1337 ) ;
#1692 = CARTESIAN_POINT ( 'NONE',  ( -44.06303808268222610, 0.000000000000000000, 4.106718403488664570 ) ) ;
#1693 = VERTEX_POINT ( 'NONE', #634 ) ;
#1694 = DIRECTION ( 'NONE',  ( 0.000000000000000000, -1.000000000000000000, 0.000000000000000000 ) ) ;
#1695 = LINE ( 'NONE', #3345, #439 ) ;
#1696 = VECTOR ( 'NONE', #1051, 1000.000000000000000 ) ;
#1697 = DIRECTION ( 'NONE',  ( 1.000000000000000000, 0.000000000000000000, 0.000000000000000000 ) ) ;
#1698 = EDGE_LOOP ( 'NONE', ( #3022, #1490, #3540, #3690, #1192, #3052 ) ) ;
#1699 = EDGE_LOOP ( 'NONE', ( #1359, #1352, #1792, #3054 ) ) ;
#1700 = DIRECTION ( 'NONE',  ( -0.000000000000000000, 0.000000000000000000, 1.000000000000000000 ) ) ;
#1701 =( NAMED_UNIT ( * ) PLANE_ANGLE_UNIT ( ) SI_UNIT ( $, .RADIAN. ) );
#1702 = VECTOR ( 'NONE', #5265, 1000.000000000000000 ) ;
#1703 = ORIENTED_EDGE ( 'NONE', *, *, #1482, .T. ) ;
#1704 = ORIENTED_EDGE ( 'NONE', *, *, #434, .F. ) ;
#1705 = DIRECTION ( 'NONE',  ( 0.000000000000000000, 1.000000000000000000, -0.000000000000000000 ) ) ;
#1706 = ORIENTED_EDGE ( 'NONE', *, *, #1664, .T. ) ;
#1707 = VERTEX_POINT ( 'NONE', #3506 ) ;
#1708 = DIRECTION ( 'NONE',  ( -0.000000000000000000, -1.000000000000000000, -0.000000000000000000 ) ) ;
#1709 = CARTESIAN_POINT ( 'NONE',  ( 0.000000000000000000, -0.01000000000000002623, 4.406718403488665281 ) ) ;
#1710 = ORIENTED_EDGE ( 'NONE', *, *, #3976, .T. ) ;
#1711 = EDGE_CURVE ( 'NONE', #1333, #4051, #2177, .T. ) ;
#1712 = DIRECTION ( 'NONE',  ( 1.000000000000000000, 0.000000000000000000, 0.000000000000000000 ) ) ;
#1713 = EDGE_CURVE ( 'NONE', #2695, #3841, #2666, .T. ) ;
#1714 = EDGE_CURVE ( 'NONE', #1487, #2510, #1455, .T. ) ;
#1715 = EDGE_CURVE ( 'NONE', #2678, #1026, #4777, .T. ) ;
#1716 = VECTOR ( 'NONE', #4864, 1000.000000000000000 ) ;
#1717 = FACE_OUTER_BOUND ( 'NONE', #3699, .T. ) ;
#1718 = DIRECTION ( 'NONE',  ( 1.000000000000000000, 0.000000000000000000, 0.000000000000000000 ) ) ;
#1719 = CARTESIAN_POINT ( 'NONE',  ( -44.06303808268224032, 0.000000000000000000, 7.706718403488665992 ) ) ;
#1720 = ORIENTED_EDGE ( 'NONE', *, *, #4632, .T. ) ;
#1721 = EDGE_CURVE ( 'NONE', #568, #3816, #2720, .T. ) ;
#1722 = CARTESIAN_POINT ( 'NONE',  ( 0.000000000000000000, -0.01000000000000002623, 0.000000000000000000 ) ) ;
#1723 = VECTOR ( 'NONE', #3489, 1000.000000000000000 ) ;
#1724 = ADVANCED_FACE ( 'NONE', ( #3424 ), #3910, .T. ) ;
#1725 = LINE ( 'NONE', #93, #3062 ) ;
#1726 = LINE ( 'NONE', #5043, #2768 ) ;
#1727 = ORIENTED_EDGE ( 'NONE', *, *, #418, .T. ) ;
#1728 = ORIENTED_EDGE ( 'NONE', *, *, #4332, .T. ) ;
#1729 = CARTESIAN_POINT ( 'NONE',  ( -44.06303808268223321, 0.000000000000000000, 7.006718403488665814 ) ) ;
#1730 = ORIENTED_EDGE ( 'NONE', *, *, #4764, .T. ) ;
#1731 = VERTEX_POINT ( 'NONE', #5072 ) ;
#1732 = DIRECTION ( 'NONE',  ( -0.000000000000000000, -0.000000000000000000, 1.000000000000000000 ) ) ;
#1733 = VERTEX_POINT ( 'NONE', #1396 ) ;
#1734 = ORIENTED_EDGE ( 'NONE', *, *, #1546, .T. ) ;
#1735 = CARTESIAN_POINT ( 'NONE',  ( 0.000000000000000000, -0.01000000000000002623, 0.000000000000000000 ) ) ;
#1736 = PLANE ( 'NONE',  #5321 ) ;
#1737 = ORIENTED_EDGE ( 'NONE', *, *, #2632, .T. ) ;
#1738 = LINE ( 'NONE', #2981, #4193 ) ;
#1739 = EDGE_CURVE ( 'NONE', #837, #2936, #1369, .T. ) ;
#1740 = FACE_OUTER_BOUND ( 'NONE', #449, .T. ) ;
#1741 = DIRECTION ( 'NONE',  ( 1.000000000000000000, 0.000000000000000000, 9.637352644315616444E-16 ) ) ;
#1742 = VECTOR ( 'NONE', #2880, 1000.000000000000000 ) ;
#1743 = PLANE ( 'NONE',  #4257 ) ;
#1744 = ORIENTED_EDGE ( 'NONE', *, *, #4632, .F. ) ;
#1745 = DIRECTION ( 'NONE',  ( 0.000000000000000000, 0.000000000000000000, -1.000000000000000000 ) ) ;
#1746 = CARTESIAN_POINT ( 'NONE',  ( -34.36303808268226589, -0.01000000000000002623, 0.000000000000000000 ) ) ;
#1747 = CARTESIAN_POINT ( 'NONE',  ( -35.26303808268227868, -0.01000000000000002623, 3.306718403488665192 ) ) ;
#1748 = LINE ( 'NONE', #879, #1219 ) ;
#1749 = ORIENTED_EDGE ( 'NONE', *, *, #3149, .T. ) ;
#1750 = ORIENTED_EDGE ( 'NONE', *, *, #2204, .F. ) ;
#1751 = DIRECTION ( 'NONE',  ( -2.312964634635743529E-14, 0.000000000000000000, 1.000000000000000000 ) ) ;
#1752 = VECTOR ( 'NONE', #3356, 1000.000000000000000 ) ;
#1753 = EDGE_CURVE ( 'NONE', #1398, #3400, #3044, .T. ) ;
#1754 = DIRECTION ( 'NONE',  ( -1.000000000000000000, 0.000000000000000000, 0.000000000000000000 ) ) ;
#1755 = VERTEX_POINT ( 'NONE', #995 ) ;
#1756 = CARTESIAN_POINT ( 'NONE',  ( -44.06303808268223321, 0.6500000000000000222, 5.706718403488665103 ) ) ;
#1757 = ORIENTED_EDGE ( 'NONE', *, *, #4683, .T. ) ;
#1758 = ORIENTED_EDGE ( 'NONE', *, *, #5150, .F. ) ;
#1759 = CARTESIAN_POINT ( 'NONE',  ( -39.70735580523984254, -0.01000000000000002623, 11.99219922775913005 ) ) ;
#1760 = DIRECTION ( 'NONE',  ( -2.312964634635743529E-14, 0.000000000000000000, 1.000000000000000000 ) ) ;
#1761 = VERTEX_POINT ( 'NONE', #964 ) ;
#1762 = CARTESIAN_POINT ( 'NONE',  ( -34.36303808268225879, 0.000000000000000000, 11.60671840348866546 ) ) ;
#1763 = AXIS2_PLACEMENT_3D ( 'NONE', #1149, #2395, #1939 ) ;
#1764 = AXIS2_PLACEMENT_3D ( 'NONE', #1621, #877, #371 ) ;
#1765 = DIRECTION ( 'NONE',  ( 0.000000000000000000, 1.000000000000000000, -0.000000000000000000 ) ) ;
#1766 = VECTOR ( 'NONE', #552, 1000.000000000000000 ) ;
#1767 = DIRECTION ( 'NONE',  ( 0.000000000000000000, 0.000000000000000000, -1.000000000000000000 ) ) ;
#1768 = CARTESIAN_POINT ( 'NONE',  ( -38.71872036012467078, -0.01000000000000002623, 11.99219922775913005 ) ) ;
#1769 = CARTESIAN_POINT ( 'NONE',  ( -43.70131370585286845, -0.01000000000000002623, 9.606718403488663682 ) ) ;
#1770 = VECTOR ( 'NONE', #2193, 1000.000000000000000 ) ;
#1771 = DIRECTION ( 'NONE',  ( 2.312964634635743529E-14, 0.000000000000000000, 1.000000000000000000 ) ) ;
#1772 = DIRECTION ( 'NONE',  ( 0.000000000000000000, 0.000000000000000000, 1.000000000000000000 ) ) ;
#1773 = DIRECTION ( 'NONE',  ( 0.000000000000000000, -0.000000000000000000, -1.000000000000000000 ) ) ;
#1774 = DIRECTION ( 'NONE',  ( -1.000000000000000000, 0.000000000000000000, 0.000000000000000000 ) ) ;
#1775 = EDGE_LOOP ( 'NONE', ( #3234, #4997, #1864, #4731, #773, #864 ) ) ;
#1776 = EDGE_CURVE ( 'NONE', #2753, #47, #559, .T. ) ;
#1777 = ORIENTED_EDGE ( 'NONE', *, *, #1103, .F. ) ;
#1778 = PLANE ( 'NONE',  #1233 ) ;
#1779 = LINE ( 'NONE', #2535, #73 ) ;
#1780 = EDGE_CURVE ( 'NONE', #1467, #3723, #4700, .T. ) ;
#1781 = EDGE_CURVE ( 'NONE', #1498, #1218, #3883, .T. ) ;
#1782 = EDGE_CURVE ( 'NONE', #2922, #3885, #259, .T. ) ;
#1783 = CARTESIAN_POINT ( 'NONE',  ( -34.36303808268228011, -0.01000000000000002623, 3.306718403488665192 ) ) ;
#1784 = EDGE_CURVE ( 'NONE', #1813, #3432, #3034, .T. ) ;
#1785 = ORIENTED_EDGE ( 'NONE', *, *, #3530, .F. ) ;
#1786 = LINE ( 'NONE', #2943, #5334 ) ;
#1787 = ORIENTED_EDGE ( 'NONE', *, *, #3393, .T. ) ;
#1788 = VERTEX_POINT ( 'NONE', #5161 ) ;
#1789 = PLANE ( 'NONE',  #5204 ) ;
#1790 = CARTESIAN_POINT ( 'NONE',  ( -35.26303808268227868, -0.01000000000000002623, 4.106718403488663682 ) ) ;
#1791 = CIRCLE ( 'NONE', #2127, 0.2000000000000005107 ) ;
#1792 = ORIENTED_EDGE ( 'NONE', *, *, #463, .F. ) ;
#1793 = CARTESIAN_POINT ( 'NONE',  ( -34.36303808268225879, 0.6500000000000000222, 11.60671840348866546 ) ) ;
#1794 = EDGE_CURVE ( 'NONE', #1287, #4072, #2207, .T. ) ;
#1795 = LINE ( 'NONE', #2142, #3741 ) ;
#1796 = DIRECTION ( 'NONE',  ( 0.000000000000000000, 1.000000000000000000, 0.000000000000000000 ) ) ;
#1797 = DIRECTION ( 'NONE',  ( 0.000000000000000000, -0.000000000000000000, -1.000000000000000000 ) ) ;
#1798 = CARTESIAN_POINT ( 'NONE',  ( -44.06303808268224742, 0.6500000000000000222, 10.10671840348866546 ) ) ;
#1799 = LINE ( 'NONE', #1394, #4962 ) ;
#1800 = LINE ( 'NONE', #3831, #2512 ) ;
#1801 = CARTESIAN_POINT ( 'NONE',  ( -43.70131370585286845, -0.01000000000000002623, 2.027399959825791687 ) ) ;
#1802 = ORIENTED_EDGE ( 'NONE', *, *, #2736, .F. ) ;
#1803 = EDGE_LOOP ( 'NONE', ( #454, #1543, #241, #911, #3645 ) ) ;
#1804 = AXIS2_PLACEMENT_3D ( 'NONE', #2212, #49, #451 ) ;
#1805 = CARTESIAN_POINT ( 'NONE',  ( -34.36303808268225879, -0.01000000000000002623, 11.00671840348866404 ) ) ;
#1806 = APPROVAL_STATUS ( 'not_yet_approved' ) ;
#1807 = EDGE_CURVE ( 'NONE', #2893, #5046, #1800, .T. ) ;
#1808 = DIRECTION ( 'NONE',  ( 0.000000000000000000, 0.000000000000000000, 1.000000000000000000 ) ) ;
#1809 = ORIENTED_EDGE ( 'NONE', *, *, #5158, .F. ) ;
#1810 = EDGE_CURVE ( 'NONE', #4469, #1679, #121, .T. ) ;
#1811 = FACE_OUTER_BOUND ( 'NONE', #2050, .T. ) ;
#1812 = EDGE_LOOP ( 'NONE', ( #2324, #3494, #3086, #946, #4412, #5061 ) ) ;
#1813 = VERTEX_POINT ( 'NONE', #558 ) ;
#1814 = CARTESIAN_POINT ( 'NONE',  ( -34.36303808268227300, 0.6500000000000000222, 5.006718403488666702 ) ) ;
#1815 = CARTESIAN_POINT ( 'NONE',  ( -43.16303808268224174, 0.000000000000000000, 9.606718403488663682 ) ) ;
#1816 = ORIENTED_EDGE ( 'NONE', *, *, #5154, .F. ) ;
#1817 = DIRECTION ( 'NONE',  ( 0.000000000000000000, 1.000000000000000000, 0.000000000000000000 ) ) ;
#1818 = VERTEX_POINT ( 'NONE', #3505 ) ;
#1819 = PLANE ( 'NONE',  #2035 ) ;
#1820 = EDGE_CURVE ( 'NONE', #2005, #3030, #3909, .T. ) ;
#1821 = EDGE_CURVE ( 'NONE', #827, #3541, #4729, .T. ) ;
#1822 = CARTESIAN_POINT ( 'NONE',  ( -35.92667611258123372, -0.01000000000000002623, 11.99219922775913005 ) ) ;
#1823 = LINE ( 'NONE', #3825, #3758 ) ;
#1824 = AXIS2_PLACEMENT_3D ( 'NONE', #480, #3346, #1672 ) ;
#1825 = LINE ( 'NONE', #4747, #3925 ) ;
#1826 = EDGE_CURVE ( 'NONE', #2785, #448, #2176, .T. ) ;
#1827 = VECTOR ( 'NONE', #2184, 1000.000000000000000 ) ;
#1828 = CARTESIAN_POINT ( 'NONE',  ( -34.36303808268226589, 0.6500000000000000222, 7.006718403488665814 ) ) ;
#1829 = CARTESIAN_POINT ( 'NONE',  ( -34.36303808268225879, 0.6500000000000000222, 11.40671840348866617 ) ) ;
#1830 = LINE ( 'NONE', #4886, #2405 ) ;
#1831 = CARTESIAN_POINT ( 'NONE',  ( -35.26303808268226447, 0.000000000000000000, 6.606718403488665459 ) ) ;
#1832 = ORIENTED_EDGE ( 'NONE', *, *, #281, .T. ) ;
#1833 = ORIENTED_EDGE ( 'NONE', *, *, #2041, .T. ) ;
#1834 = CARTESIAN_POINT ( 'NONE',  ( 0.000000000000000000, -0.01000000000000002623, 9.606718403488663682 ) ) ;
#1835 = VECTOR ( 'NONE', #1983, 1000.000000000000000 ) ;
#1836 = DIRECTION ( 'NONE',  ( -0.000000000000000000, -0.000000000000000000, -1.000000000000000000 ) ) ;
#1837 = EDGE_CURVE ( 'NONE', #2029, #4520, #5098, .T. ) ;
#1838 = ORIENTED_EDGE ( 'NONE', *, *, #900, .F. ) ;
#1839 = DIRECTION ( 'NONE',  ( 0.000000000000000000, 0.000000000000000000, -1.000000000000000000 ) ) ;
#1840 = EDGE_LOOP ( 'NONE', ( #4198, #3958, #3637, #1430, #5055, #5211, #4005, #1159 ) ) ;
#1841 = ORIENTED_EDGE ( 'NONE', *, *, #4658, .F. ) ;
#1842 = CARTESIAN_POINT ( 'NONE',  ( 0.000000000000000000, -0.01000000000000002623, 5.506718403488664926 ) ) ;
#1843 = DIRECTION ( 'NONE',  ( 0.000000000000000000, 1.000000000000000000, 0.000000000000000000 ) ) ;
#1844 = VECTOR ( 'NONE', #4835, 1000.000000000000000 ) ;
#1845 = ORIENTED_EDGE ( 'NONE', *, *, #4196, .F. ) ;
#1846 = AXIS2_PLACEMENT_3D ( 'NONE', #2953, #1765, #3771 ) ;
#1847 = CARTESIAN_POINT ( 'NONE',  ( -44.06303808268225453, 0.6500000000000000222, 11.40671840348866617 ) ) ;
#1848 = VECTOR ( 'NONE', #4052, 1000.000000000000000 ) ;
#1849 = VERTEX_POINT ( 'NONE', #1395 ) ;
#1850 = LINE ( 'NONE', #3524, #3413 ) ;
#1851 = CIRCLE ( 'NONE', #895, 0.2000000000000000944 ) ;
#1852 = DIRECTION ( 'NONE',  ( -0.000000000000000000, -1.000000000000000000, -0.000000000000000000 ) ) ;
#1853 = VECTOR ( 'NONE', #579, 1000.000000000000000 ) ;
#1854 = DIRECTION ( 'NONE',  ( 0.000000000000000000, 1.000000000000000000, -0.000000000000000000 ) ) ;
#1855 = AXIS2_PLACEMENT_3D ( 'NONE', #1828, #3880, #1343 ) ;
#1856 = VECTOR ( 'NONE', #3290, 1000.000000000000000 ) ;
#1857 = AXIS2_PLACEMENT_3D ( 'NONE', #1098, #1889, #4401 ) ;
#1858 = LINE ( 'NONE', #5208, #1493 ) ;
#1860 = DIRECTION ( 'NONE',  ( -0.000000000000000000, -0.000000000000000000, 1.000000000000000000 ) ) ;
#1859 = VECTOR ( 'NONE', #2659, 1000.000000000000000 ) ;
#1861 = DIRECTION ( 'NONE',  ( 0.000000000000000000, 1.000000000000000000, -0.000000000000000000 ) ) ;
#1862 = CARTESIAN_POINT ( 'NONE',  ( -44.06303808268223321, 0.000000000000000000, 5.506718403488664926 ) ) ;
#1863 = ORIENTED_EDGE ( 'NONE', *, *, #5221, .F. ) ;
#1864 = ORIENTED_EDGE ( 'NONE', *, *, #67, .F. ) ;
#1865 = LINE ( 'NONE', #3510, #1153 ) ;
#1866 = VECTOR ( 'NONE', #1760, 1000.000000000000000 ) ;
#1867 = LINE ( 'NONE', #188, #3901 ) ;
#1868 = EDGE_CURVE ( 'NONE', #4741, #1972, #1454, .T. ) ;
#1869 = ORIENTED_EDGE ( 'NONE', *, *, #3631, .F. ) ;
#1870 = CYLINDRICAL_SURFACE ( 'NONE', #4467, 0.1999999999999987899 ) ;
#1871 = ORIENTED_EDGE ( 'NONE', *, *, #835, .F. ) ;
#1872 = ORIENTED_EDGE ( 'NONE', *, *, #4391, .F. ) ;
#1873 = PLANE ( 'NONE',  #804 ) ;
#1874 = CARTESIAN_POINT ( 'NONE',  ( -44.06303808268222610, 0.000000000000000000, 3.706718403488665547 ) ) ;
#1875 = EDGE_LOOP ( 'NONE', ( #1231, #1071, #1863, #2626, #4536, #1991 ) ) ;
#1876 = DIRECTION ( 'NONE',  ( 1.000000000000000000, 0.000000000000000000, 9.637352644315616444E-16 ) ) ;
#1877 = VECTOR ( 'NONE', #3594, 1000.000000000000000 ) ;
#1878 = ORIENTED_EDGE ( 'NONE', *, *, #1548, .T. ) ;
#1879 = FACE_OUTER_BOUND ( 'NONE', #5357, .T. ) ;
#1880 = CARTESIAN_POINT ( 'NONE',  ( -39.70735580523984254, -1.010000000000000009, 11.99219922775913005 ) ) ;
#1881 = VECTOR ( 'NONE', #1612, 1000.000000000000000 ) ;
#1882 = EDGE_CURVE ( 'NONE', #3820, #2772, #3854, .T. ) ;
#1883 = ADVANCED_FACE ( 'NONE', ( #3397 ), #3020, .F. ) ;
#1884 = DIRECTION ( 'NONE',  ( -0.000000000000000000, 0.000000000000000000, -1.000000000000000000 ) ) ;
#1885 = ADVANCED_FACE ( 'NONE', ( #4668 ), #3101, .F. ) ;
#1886 = FACE_OUTER_BOUND ( 'NONE', #2419, .T. ) ;
#1887 = DIRECTION ( 'NONE',  ( 0.000000000000000000, 0.000000000000000000, 1.000000000000000000 ) ) ;
#1888 = EDGE_CURVE ( 'NONE', #1059, #4737, #4750, .T. ) ;
#1889 = DIRECTION ( 'NONE',  ( 0.000000000000000000, 1.000000000000000000, -0.000000000000000000 ) ) ;
#1890 = PLANE ( 'NONE',  #1273 ) ;
#1891 = LINE ( 'NONE', #1480, #4581 ) ;
#1892 = ORIENTED_EDGE ( 'NONE', *, *, #1820, .T. ) ;
#1893 = EDGE_LOOP ( 'NONE', ( #4887, #3834, #1979, #178, #2246 ) ) ;
#1894 = DIRECTION ( 'NONE',  ( -1.000000000000000000, 0.000000000000000000, 0.000000000000000000 ) ) ;
#1895 = EDGE_CURVE ( 'NONE', #4142, #3292, #2992, .T. ) ;
#1896 = UNCERTAINTY_MEASURE_WITH_UNIT (LENGTH_MEASURE( 1.000000000000000082E-05 ), #1320, 'distance_accuracy_value', 'NONE');
#1897 = VERTEX_POINT ( 'NONE', #3043 ) ;
#1898 = DIRECTION ( 'NONE',  ( -0.000000000000000000, 1.000000000000000000, -0.000000000000000000 ) ) ;
#1899 = ORIENTED_EDGE ( 'NONE', *, *, #5224, .T. ) ;
#1900 = EDGE_LOOP ( 'NONE', ( #561, #1950, #2433, #4403, #798, #4434, #1833, #54 ) ) ;
#1901 = CARTESIAN_POINT ( 'NONE',  ( -44.06303808268223321, 0.6500000000000000222, 6.106718403488664570 ) ) ;
#1902 = CARTESIAN_POINT ( 'NONE',  ( -44.06303808268223321, 0.6500000000000000222, 6.806718403488664748 ) ) ;
#1903 = ORIENTED_EDGE ( 'NONE', *, *, #4906, .F. ) ;
#1904 = LINE ( 'NONE', #5229, #1568 ) ;
#1905 = ORIENTED_EDGE ( 'NONE', *, *, #114, .F. ) ;
#1906 = FACE_OUTER_BOUND ( 'NONE', #3329, .T. ) ;
#1907 = DIRECTION ( 'NONE',  ( 0.000000000000000000, 1.000000000000000000, 0.000000000000000000 ) ) ;
#1908 = EDGE_CURVE ( 'NONE', #1113, #4004, #2615, .T. ) ;
#1909 = CARTESIAN_POINT ( 'NONE',  ( -34.36303808268226589, 0.000000000000000000, 8.106718403488665459 ) ) ;
#1910 = LINE ( 'NONE', #1527, #2459 ) ;
#1911 = DIRECTION ( 'NONE',  ( -1.000000000000000000, 0.000000000000000000, 9.637352644315616444E-16 ) ) ;
#1912 = VECTOR ( 'NONE', #1044, 1000.000000000000000 ) ;
#1913 = DIRECTION ( 'NONE',  ( 1.000000000000000000, -0.000000000000000000, 0.000000000000000000 ) ) ;
#1914 = CARTESIAN_POINT ( 'NONE',  ( -43.70131370585286845, -0.01000000000000002623, 4.106718403488664570 ) ) ;
#1915 = DIRECTION ( 'NONE',  ( 1.000000000000000000, 0.000000000000000000, 9.637352644315616444E-16 ) ) ;
#1916 = ORIENTED_EDGE ( 'NONE', *, *, #4529, .F. ) ;
#1917 = ORIENTED_EDGE ( 'NONE', *, *, #185, .T. ) ;
#1918 = CARTESIAN_POINT ( 'NONE',  ( 0.000000000000000000, -0.01000000000000002623, 0.000000000000000000 ) ) ;
#1919 = ORIENTED_EDGE ( 'NONE', *, *, #134, .T. ) ;
#1920 = DIRECTION ( 'NONE',  ( -0.000000000000000000, 1.000000000000000000, -0.000000000000000000 ) ) ;
#1921 = VERTEX_POINT ( 'NONE', #3882 ) ;
#1922 = ORIENTED_EDGE ( 'NONE', *, *, #1033, .T. ) ;
#1923 = PLANE ( 'NONE',  #3478 ) ;
#1924 = LINE ( 'NONE', #1517, #3098 ) ;
#1925 = VECTOR ( 'NONE', #4150, 1000.000000000000000 ) ;
#1926 = VECTOR ( 'NONE', #2467, 1000.000000000000000 ) ;
#1927 = EDGE_CURVE ( 'NONE', #133, #2185, #5242, .T. ) ;
#1928 = ORIENTED_EDGE ( 'NONE', *, *, #1086, .T. ) ;
#1929 = ORIENTED_EDGE ( 'NONE', *, *, #4426, .F. ) ;
#1930 = CARTESIAN_POINT ( 'NONE',  ( 0.000000000000000000, -0.01000000000000002623, 7.706718403488665992 ) ) ;
#1931 = ORIENTED_EDGE ( 'NONE', *, *, #452, .T. ) ;
#1932 = CARTESIAN_POINT ( 'NONE',  ( -35.92667611258123372, -1.010000000000000009, 11.99219922775913005 ) ) ;
#1933 = DIRECTION ( 'NONE',  ( -0.000000000000000000, -0.000000000000000000, 1.000000000000000000 ) ) ;
#1934 = VECTOR ( 'NONE', #3914, 1000.000000000000000 ) ;
#1935 = AXIS2_PLACEMENT_3D ( 'NONE', #3418, #3526, #2172 ) ;
#1936 = CARTESIAN_POINT ( 'NONE',  ( -44.06303808268221900, 0.6500000000000000222, 1.956718403488664881 ) ) ;
#1937 = LINE ( 'NONE', #3175, #1073 ) ;
#1938 = CARTESIAN_POINT ( 'NONE',  ( -43.16303808268224884, -0.01000000000000002623, 11.80671840348866297 ) ) ;
#1939 = DIRECTION ( 'NONE',  ( 0.000000000000000000, -0.000000000000000000, 1.000000000000000000 ) ) ;
#1940 = DIRECTION ( 'NONE',  ( 0.000000000000000000, -1.000000000000000000, 0.000000000000000000 ) ) ;
#1941 = ORIENTED_EDGE ( 'NONE', *, *, #2740, .T. ) ;
#1942 = DIRECTION ( 'NONE',  ( -0.000000000000000000, -0.000000000000000000, 1.000000000000000000 ) ) ;
#1943 = VECTOR ( 'NONE', #2444, 1000.000000000000000 ) ;
#1944 = AXIS2_PLACEMENT_3D ( 'NONE', #5234, #1986, #1884 ) ;
#1945 = ORIENTED_EDGE ( 'NONE', *, *, #4035, .T. ) ;
#1946 = EDGE_CURVE ( 'NONE', #2023, #2526, #530, .T. ) ;
#1947 = ADVANCED_FACE ( 'NONE', ( #2641 ), #4298, .T. ) ;
#1948 = CARTESIAN_POINT ( 'NONE',  ( -34.75155472807056611, -0.01000000000000002623, 11.98732127763674171 ) ) ;
#1949 = ORIENTED_EDGE ( 'NONE', *, *, #3530, .T. ) ;
#1950 = ORIENTED_EDGE ( 'NONE', *, *, #4096, .T. ) ;
#1951 = EDGE_CURVE ( 'NONE', #1059, #4335, #1830, .T. ) ;
#1952 = DIRECTION ( 'NONE',  ( -2.312964634635743529E-14, 0.000000000000000000, 1.000000000000000000 ) ) ;
#1953 = DIRECTION ( 'NONE',  ( 0.000000000000000000, 1.000000000000000000, 0.000000000000000000 ) ) ;
#1954 = EDGE_CURVE ( 'NONE', #2815, #5278, #1179, .T. ) ;
#1955 = VECTOR ( 'NONE', #4571, 1000.000000000000000 ) ;
#1956 = EDGE_CURVE ( 'NONE', #3454, #5164, #3612, .T. ) ;
#1957 = ORIENTED_EDGE ( 'NONE', *, *, #2460, .F. ) ;
#1958 = EDGE_LOOP ( 'NONE', ( #3448, #4085, #5176, #1572 ) ) ;
#1959 = DIRECTION ( 'NONE',  ( -0.000000000000000000, -0.000000000000000000, -1.000000000000000000 ) ) ;
#1960 = ORIENTED_EDGE ( 'NONE', *, *, #4238, .T. ) ;
#1961 = DIRECTION ( 'NONE',  ( -1.000000000000000000, 0.000000000000000000, 1.927470528863123289E-15 ) ) ;
#1962 = CARTESIAN_POINT ( 'NONE',  ( 0.000000000000000000, -0.01000000000000002623, 0.000000000000000000 ) ) ;
#1963 = VECTOR ( 'NONE', #4250, 1000.000000000000000 ) ;
#1964 = CARTESIAN_POINT ( 'NONE',  ( -43.70131370585286845, -1.010000000000000009, 11.98732127763674171 ) ) ;
#1965 = DIRECTION ( 'NONE',  ( -1.000000000000000000, 0.000000000000000000, 0.000000000000000000 ) ) ;
#1966 = LINE ( 'NONE', #3200, #3819 ) ;
#1967 = VERTEX_POINT ( 'NONE', #1122 ) ;
#1968 = CARTESIAN_POINT ( 'NONE',  ( -34.36303808268227300, 0.000000000000000000, 4.406718403488665281 ) ) ;
#1969 = CARTESIAN_POINT ( 'NONE',  ( -35.26303808268225737, -0.01000000000000002623, 10.70671840348866333 ) ) ;
#1970 = ORIENTED_EDGE ( 'NONE', *, *, #4266, .T. ) ;
#1971 = PLANE ( 'NONE',  #4866 ) ;
#1972 = VERTEX_POINT ( 'NONE', #2829 ) ;
#1973 = CARTESIAN_POINT ( 'NONE',  ( -34.36303808268227300, 0.6500000000000000222, 4.806718403488665636 ) ) ;
#1974 = ORIENTED_EDGE ( 'NONE', *, *, #4552, .F. ) ;
#1975 = EDGE_LOOP ( 'NONE', ( #379, #1186, #153, #2274 ) ) ;
#1976 = DIRECTION ( 'NONE',  ( 0.000000000000000000, 0.000000000000000000, -1.000000000000000000 ) ) ;
#1977 = DIRECTION ( 'NONE',  ( -1.000000000000000000, 0.000000000000000000, 9.637352644315616444E-16 ) ) ;
#1978 = ADVANCED_FACE ( 'NONE', ( #3125 ), #3639, .F. ) ;
#1979 = ORIENTED_EDGE ( 'NONE', *, *, #2272, .F. ) ;
#1980 = ORIENTED_EDGE ( 'NONE', *, *, #2010, .T. ) ;
#1981 = DIRECTION ( 'NONE',  ( 0.000000000000000000, 0.000000000000000000, -1.000000000000000000 ) ) ;
#1982 = ORIENTED_EDGE ( 'NONE', *, *, #4745, .T. ) ;
#1983 = DIRECTION ( 'NONE',  ( 0.000000000000000000, 1.000000000000000000, 0.000000000000000000 ) ) ;
#1984 = LINE ( 'NONE', #3627, #2120 ) ;
#1985 = VECTOR ( 'NONE', #4949, 1000.000000000000000 ) ;
#1986 = DIRECTION ( 'NONE',  ( 1.000000000000000000, 0.000000000000000000, -0.000000000000000000 ) ) ;
#1987 = EDGE_CURVE ( 'NONE', #2566, #2413, #4776, .T. ) ;
#1988 = DIRECTION ( 'NONE',  ( 0.000000000000000000, 1.000000000000000000, 0.000000000000000000 ) ) ;
#1989 = ADVANCED_FACE ( 'NONE', ( #341 ), #3557, .T. ) ;
#1990 = CARTESIAN_POINT ( 'NONE',  ( -38.71872036012467078, -1.010000000000000009, 11.99219922775913005 ) ) ;
#1991 = ORIENTED_EDGE ( 'NONE', *, *, #2063, .F. ) ;
#1992 = LINE ( 'NONE', #5288, #4710 ) ;
#1993 = DIRECTION ( 'NONE',  ( 2.312964634635736587E-14, 0.000000000000000000, 1.000000000000000000 ) ) ;
#1994 = VERTEX_POINT ( 'NONE', #1914 ) ;
#1995 = LINE ( 'NONE', #4939, #4268 ) ;
#1996 = ORIENTED_EDGE ( 'NONE', *, *, #763, .T. ) ;
#1997 = DIRECTION ( 'NONE',  ( 0.000000000000000000, 0.000000000000000000, 1.000000000000000000 ) ) ;
#1998 = ORIENTED_EDGE ( 'NONE', *, *, #3564, .T. ) ;
#1999 = VERTEX_POINT ( 'NONE', #4458 ) ;
#2000 = DIRECTION ( 'NONE',  ( -1.000000000000000000, 0.000000000000000000, 0.000000000000000000 ) ) ;
#2001 = LINE ( 'NONE', #4111, #1985 ) ;
#2002 = ORIENTED_EDGE ( 'NONE', *, *, #3796, .F. ) ;
#2003 = ORIENTED_EDGE ( 'NONE', *, *, #2575, .F. ) ;
#2004 = DIRECTION ( 'NONE',  ( -1.000000000000000000, -0.000000000000000000, -0.000000000000000000 ) ) ;
#2005 = VERTEX_POINT ( 'NONE', #1557 ) ;
#2006 = CARTESIAN_POINT ( 'NONE',  ( -35.26303808268227868, -0.01000000000000002623, 0.000000000000000000 ) ) ;
#2007 = CARTESIAN_POINT ( 'NONE',  ( -43.16303808268222753, -0.01000000000000002623, 4.406718403488665281 ) ) ;
#2008 = EDGE_CURVE ( 'NONE', #3351, #393, #1479, .T. ) ;
#2009 = CARTESIAN_POINT ( 'NONE',  ( -43.16303808268224884, -0.01000000000000002623, 11.00671840348866404 ) ) ;
#2010 = EDGE_CURVE ( 'NONE', #3623, #584, #5239, .T. ) ;
#2011 = LINE ( 'NONE', #1503, #299 ) ;
#2012 = AXIS2_PLACEMENT_3D ( 'NONE', #3725, #4587, #5354 ) ;
#2013 = DIRECTION ( 'NONE',  ( -1.000000000000000000, 0.000000000000000000, -2.312964634635743529E-14 ) ) ;
#2014 = EDGE_LOOP ( 'NONE', ( #3921, #3134, #997, #2733, #179, #1243 ) ) ;
#2015 = DIRECTION ( 'NONE',  ( 0.000000000000000000, 1.000000000000000000, 0.000000000000000000 ) ) ;
#2016 = DIRECTION ( 'NONE',  ( 1.000000000000000000, 0.000000000000000000, 9.637352644315541502E-16 ) ) ;
#2017 = ORIENTED_EDGE ( 'NONE', *, *, #4263, .F. ) ;
#2018 = CARTESIAN_POINT ( 'NONE',  ( -34.36303808268227300, 0.6500000000000000222, 5.706718403488665103 ) ) ;
#2019 = AXIS2_PLACEMENT_3D ( 'NONE', #1570, #353, #3652 ) ;
#2020 = CARTESIAN_POINT ( 'NONE',  ( -34.36303808268225879, 0.000000000000000000, 11.00671840348866404 ) ) ;
#2021 = LINE ( 'NONE', #1948, #4634 ) ;
#2022 = ORIENTED_EDGE ( 'NONE', *, *, #1482, .F. ) ;
#2023 = VERTEX_POINT ( 'NONE', #1531 ) ;
#2024 = DIRECTION ( 'NONE',  ( -0.000000000000000000, -1.000000000000000000, -0.000000000000000000 ) ) ;
#2025 = DIRECTION ( 'NONE',  ( 0.000000000000000000, 0.000000000000000000, 1.000000000000000000 ) ) ;
#2026 = EDGE_CURVE ( 'NONE', #1415, #5188, #5289, .T. ) ;
#2027 = VECTOR ( 'NONE', #3416, 1000.000000000000000 ) ;
#2028 = ORIENTED_EDGE ( 'NONE', *, *, #4149, .F. ) ;
#2029 = VERTEX_POINT ( 'NONE', #5185 ) ;
#2030 = FACE_OUTER_BOUND ( 'NONE', #3354, .T. ) ;
#2031 = SHAPE_DEFINITION_REPRESENTATION ( #4983, #4397 ) ;
#2032 = EDGE_LOOP ( 'NONE', ( #4197, #1459, #1053, #4738, #263 ) ) ;
#2033 = PLANE ( 'NONE',  #2522 ) ;
#2034 = CARTESIAN_POINT ( 'NONE',  ( 0.000000000000000000, -0.01000000000000002623, 0.000000000000000000 ) ) ;
#2035 = AXIS2_PLACEMENT_3D ( 'NONE', #5009, #3466, #3036 ) ;
#2036 = DIRECTION ( 'NONE',  ( -1.000000000000000000, -0.000000000000000000, -0.000000000000000000 ) ) ;
#2037 = EDGE_CURVE ( 'NONE', #3640, #4368, #5210, .T. ) ;
#2038 = ADVANCED_FACE ( 'NONE', ( #2421 ), #1890, .T. ) ;
#2039 = EDGE_CURVE ( 'NONE', #2576, #53, #4801, .T. ) ;
#2040 = CARTESIAN_POINT ( 'NONE',  ( -43.16303808268224884, 0.000000000000000000, 11.80671840348866297 ) ) ;
#2041 = EDGE_CURVE ( 'NONE', #137, #3576, #1099, .T. ) ;
#2042 = CARTESIAN_POINT ( 'NONE',  ( -44.06303808268221900, -0.01000000000000002623, -0.000000000000000000 ) ) ;
#2043 = LINE ( 'NONE', #5346, #2655 ) ;
#2044 = EDGE_LOOP ( 'NONE', ( #286, #918, #1809, #3873 ) ) ;
#2045 = AXIS2_PLACEMENT_3D ( 'NONE', #614, #4356, #3029 ) ;
#2046 = DIRECTION ( 'NONE',  ( -0.000000000000000000, -1.000000000000000000, -0.000000000000000000 ) ) ;
#2047 = LINE ( 'NONE', #445, #7 ) ;
#2048 = LINE ( 'NONE', #1591, #1096 ) ;
#2049 = ORIENTED_EDGE ( 'NONE', *, *, #3317, .T. ) ;
#2050 = EDGE_LOOP ( 'NONE', ( #854, #672, #839, #4928 ) ) ;
#2051 = LINE ( 'NONE', #3809, #3046 ) ;
#2052 = CARTESIAN_POINT ( 'NONE',  ( -34.36303808268226589, -0.01000000000000002623, 9.906718403488664393 ) ) ;
#2053 = EDGE_CURVE ( 'NONE', #5073, #1169, #574, .T. ) ;
#2054 = EDGE_LOOP ( 'NONE', ( #2162, #3116, #5254, #2296 ) ) ;
#2055 = ORIENTED_EDGE ( 'NONE', *, *, #4672, .T. ) ;
#2056 = CYLINDRICAL_SURFACE ( 'NONE', #200, 0.2000000000000000944 ) ;
#2057 = ORIENTED_EDGE ( 'NONE', *, *, #2225, .F. ) ;
#2058 = ORIENTED_EDGE ( 'NONE', *, *, #4238, .F. ) ;
#2059 = LINE ( 'NONE', #2789, #1139 ) ;
#2060 = CARTESIAN_POINT ( 'NONE',  ( -34.36303808268226589, -0.01000000000000002623, 9.906718403488664393 ) ) ;
#2061 = AXIS2_PLACEMENT_3D ( 'NONE', #563, #1295, #5048 ) ;
#2062 = CARTESIAN_POINT ( 'NONE',  ( -44.06303808268221900, -0.01000000000000002623, 0.000000000000000000 ) ) ;
#2063 = EDGE_CURVE ( 'NONE', #2185, #3315, #2342, .T. ) ;
#2064 = EDGE_CURVE ( 'NONE', #53, #3271, #4429, .T. ) ;
#2065 = CARTESIAN_POINT ( 'NONE',  ( -43.70131370585286845, -0.01000000000000002623, 3.006718403488664482 ) ) ;
#2066 = DIRECTION ( 'NONE',  ( -1.000000000000000000, 0.000000000000000000, 0.000000000000000000 ) ) ;
#2067 = DIRECTION ( 'NONE',  ( -0.000000000000000000, -0.000000000000000000, -1.000000000000000000 ) ) ;
#2068 = EDGE_LOOP ( 'NONE', ( #4913, #2651, #5338, #5298 ) ) ;
#2069 = CARTESIAN_POINT ( 'NONE',  ( -35.26303808268227158, -0.01000000000000002623, 6.606718403488665459 ) ) ;
#2070 = DIRECTION ( 'NONE',  ( 0.000000000000000000, 0.000000000000000000, -1.000000000000000000 ) ) ;
#2071 = CARTESIAN_POINT ( 'NONE',  ( -34.36303808268225879, 0.000000000000000000, 11.00671840348866404 ) ) ;
#2072 = ORIENTED_EDGE ( 'NONE', *, *, #3361, .F. ) ;
#2073 = ORIENTED_EDGE ( 'NONE', *, *, #2589, .F. ) ;
#2074 = LINE ( 'NONE', #4973, #2876 ) ;
#2075 = CARTESIAN_POINT ( 'NONE',  ( -35.26303808268228579, -0.01000000000000002623, 0.000000000000000000 ) ) ;
#2076 = ORIENTED_EDGE ( 'NONE', *, *, #589, .T. ) ;
#2077 = ORIENTED_EDGE ( 'NONE', *, *, #3966, .F. ) ;
#2078 = VECTOR ( 'NONE', #2616, 1000.000000000000000 ) ;
#2079 = PLANE ( 'NONE',  #2647 ) ;
#2080 = ORIENTED_EDGE ( 'NONE', *, *, #1987, .F. ) ;
#2081 = ORIENTED_EDGE ( 'NONE', *, *, #1794, .T. ) ;
#2082 = DIRECTION ( 'NONE',  ( -1.927470528863108300E-15, 0.000000000000000000, 1.000000000000000000 ) ) ;
#2083 = LINE ( 'NONE', #2468, #308 ) ;
#2084 = VECTOR ( 'NONE', #2933, 1000.000000000000000 ) ;
#2085 = AXIS2_PLACEMENT_3D ( 'NONE', #3451, #510, #2154 ) ;
#2086 = DIRECTION ( 'NONE',  ( -0.000000000000000000, 0.000000000000000000, 1.000000000000000000 ) ) ;
#2087 = VECTOR ( 'NONE', #1708, 1000.000000000000000 ) ;
#2088 = FACE_OUTER_BOUND ( 'NONE', #1022, .T. ) ;
#2089 = CARTESIAN_POINT ( 'NONE',  ( -44.06303808268223321, 0.6500000000000000222, 5.906718403488665281 ) ) ;
#2090 = DIRECTION ( 'NONE',  ( 0.000000000000000000, 0.000000000000000000, -1.000000000000000000 ) ) ;
#2091 = ORIENTED_EDGE ( 'NONE', *, *, #310, .T. ) ;
#2092 = DIRECTION ( 'NONE',  ( 0.000000000000000000, 1.000000000000000000, 0.000000000000000000 ) ) ;
#2093 = VECTOR ( 'NONE', #1751, 1000.000000000000000 ) ;
#2094 = AXIS2_PLACEMENT_3D ( 'NONE', #3403, #1001, #2675 ) ;
#2095 = LINE ( 'NONE', #4969, #4186 ) ;
#2096 = VECTOR ( 'NONE', #3288, 1000.000000000000000 ) ;
#2097 = CARTESIAN_POINT ( 'NONE',  ( -35.26303808268227158, 0.000000000000000000, 6.306718403488663860 ) ) ;
#2098 = ORIENTED_EDGE ( 'NONE', *, *, #1782, .F. ) ;
#2099 = VERTEX_POINT ( 'NONE', #4023 ) ;
#2100 = CARTESIAN_POINT ( 'NONE',  ( 3.957789346532068147E-15, -0.01000000000000002623, 4.106718403488621938 ) ) ;
#2101 = VECTOR ( 'NONE', #1629, 1000.000000000000000 ) ;
#2102 = EDGE_CURVE ( 'NONE', #2349, #2776, #315, .T. ) ;
#2103 = EDGE_CURVE ( 'NONE', #2382, #5073, #4128, .T. ) ;
#2104 = EDGE_CURVE ( 'NONE', #1536, #4307, #2474, .T. ) ;
#2105 = ORIENTED_EDGE ( 'NONE', *, *, #417, .F. ) ;
#2106 = ORIENTED_EDGE ( 'NONE', *, *, #4782, .T. ) ;
#2107 = EDGE_CURVE ( 'NONE', #4142, #2815, #2043, .T. ) ;
#2108 = CARTESIAN_POINT ( 'NONE',  ( 0.000000000000000000, -0.01000000000000002623, 0.000000000000000000 ) ) ;
#2109 = ORIENTED_EDGE ( 'NONE', *, *, #3228, .F. ) ;
#2110 = VECTOR ( 'NONE', #2824, 1000.000000000000000 ) ;
#2111 = VERTEX_POINT ( 'NONE', #4575 ) ;
#2112 = CARTESIAN_POINT ( 'NONE',  ( -44.06303808268224742, 0.000000000000000000, 10.50671840348866404 ) ) ;
#2113 = CARTESIAN_POINT ( 'NONE',  ( 0.000000000000000000, -0.01000000000000002623, 4.406718403488665281 ) ) ;
#2114 = VECTOR ( 'NONE', #2691, 1000.000000000000000 ) ;
#2115 = VECTOR ( 'NONE', #4419, 1000.000000000000000 ) ;
#2116 = ORIENTED_EDGE ( 'NONE', *, *, #4688, .F. ) ;
#2117 = VECTOR ( 'NONE', #3525, 1000.000000000000000 ) ;
#2118 = PLANE ( 'NONE',  #4105 ) ;
#2119 = EDGE_CURVE ( 'NONE', #2944, #1456, #3689, .T. ) ;
#2120 = VECTOR ( 'NONE', #766, 1000.000000000000000 ) ;
#2121 = LINE ( 'NONE', #5010, #4603 ) ;
#2122 = CARTESIAN_POINT ( 'NONE',  ( -42.49940005278327959, -0.01000000000000002623, 11.98732127763674171 ) ) ;
#2123 = CARTESIAN_POINT ( 'NONE',  ( -35.26303808268225737, -0.01000000000000002623, 11.00671840348866404 ) ) ;
#2124 = ORIENTED_EDGE ( 'NONE', *, *, #2204, .T. ) ;
#2125 = LINE ( 'NONE', #1311, #1236 ) ;
#2126 = LINE ( 'NONE', #3018, #4185 ) ;
#2127 = AXIS2_PLACEMENT_3D ( 'NONE', #3786, #5191, #1462 ) ;
#2128 = FACE_OUTER_BOUND ( 'NONE', #639, .T. ) ;
#2129 = ORIENTED_EDGE ( 'NONE', *, *, #3933, .T. ) ;
#2130 = VERTEX_POINT ( 'NONE', #1286 ) ;
#2131 = LINE ( 'NONE', #4245, #977 ) ;
#2132 = VECTOR ( 'NONE', #9, 1000.000000000000000 ) ;
#2133 = ORIENTED_EDGE ( 'NONE', *, *, #2390, .T. ) ;
#2134 = ORIENTED_EDGE ( 'NONE', *, *, #820, .F. ) ;
#2135 = DIRECTION ( 'NONE',  ( 0.000000000000000000, -1.000000000000000000, 0.000000000000000000 ) ) ;
#2136 = ORIENTED_EDGE ( 'NONE', *, *, #5151, .F. ) ;
#2137 = ORIENTED_EDGE ( 'NONE', *, *, #1641, .F. ) ;
#2138 = CARTESIAN_POINT ( 'NONE',  ( -39.70735580523984254, -1.010000000000000009, 2.021237579218202463 ) ) ;
#2139 = DIRECTION ( 'NONE',  ( 0.000000000000000000, -0.000000000000000000, -1.000000000000000000 ) ) ;
#2140 = CARTESIAN_POINT ( 'NONE',  ( -44.06303808268225453, 0.000000000000000000, 11.80671840348866475 ) ) ;
#2141 = AXIS2_PLACEMENT_3D ( 'NONE', #674, #597, #2245 ) ;
#2142 = CARTESIAN_POINT ( 'NONE',  ( -43.16303808268223463, -0.01000000000000002623, 7.406718403488664393 ) ) ;
#2143 = EDGE_CURVE ( 'NONE', #1693, #1788, #4964, .T. ) ;
#2144 = DIRECTION ( 'NONE',  ( 1.000000000000000000, -0.000000000000000000, 0.000000000000000000 ) ) ;
#2145 = LINE ( 'NONE', #2709, #4943 ) ;
#2146 = EDGE_LOOP ( 'NONE', ( #3010, #4586, #2888, #4976, #3277, #4548 ) ) ;
#2147 = DIRECTION ( 'NONE',  ( 0.000000000000000000, -0.000000000000000000, -1.000000000000000000 ) ) ;
#2148 = EDGE_CURVE ( 'NONE', #2815, #4058, #2525, .T. ) ;
#2149 = CARTESIAN_POINT ( 'NONE',  ( -34.36303808268225879, 0.000000000000000000, 10.30671840348866475 ) ) ;
#2150 = CARTESIAN_POINT ( 'NONE',  ( -43.16303808268224174, 0.000000000000000000, 7.706718403488665992 ) ) ;
#2151 = ORIENTED_EDGE ( 'NONE', *, *, #4027, .T. ) ;
#2152 = ORIENTED_EDGE ( 'NONE', *, *, #1251, .T. ) ;
#2153 = LINE ( 'NONE', #97, #2093 ) ;
#2154 = DIRECTION ( 'NONE',  ( 0.000000000000000000, 0.000000000000000000, 1.000000000000000000 ) ) ;
#2155 = VERTEX_POINT ( 'NONE', #474 ) ;
#2156 = CARTESIAN_POINT ( 'NONE',  ( -34.36303808268226589, 0.000000000000000000, 8.806718403488666524 ) ) ;
#2157 = ORIENTED_EDGE ( 'NONE', *, *, #434, .T. ) ;
#2158 = ORIENTED_EDGE ( 'NONE', *, *, #4476, .T. ) ;
#2159 = CARTESIAN_POINT ( 'NONE',  ( -34.36303808268226589, 0.6500000000000000222, 9.006718403488664038 ) ) ;
#2160 = CARTESIAN_POINT ( 'NONE',  ( -35.26303808268225026, 0.000000000000000000, 11.00671840348866404 ) ) ;
#2161 = AXIS2_PLACEMENT_3D ( 'NONE', #2315, #3972, #3558 ) ;
#2162 = ORIENTED_EDGE ( 'NONE', *, *, #5316, .T. ) ;
#2163 = CARTESIAN_POINT ( 'NONE',  ( -43.16303808268223463, -0.01000000000000002623, 6.606718403488665459 ) ) ;
#2164 = EDGE_CURVE ( 'NONE', #2940, #3327, #874, .T. ) ;
#2165 = LINE ( 'NONE', #1822, #5301 ) ;
#2166 = EDGE_CURVE ( 'NONE', #2317, #5017, #2857, .T. ) ;
#2167 = EDGE_CURVE ( 'NONE', #5046, #2533, #929, .T. ) ;
#2168 = CYLINDRICAL_SURFACE ( 'NONE', #2978, 0.2000000000000005107 ) ;
#2169 = AXIS2_PLACEMENT_3D ( 'NONE', #4882, #4934, #4097 ) ;
#2170 = CARTESIAN_POINT ( 'NONE',  ( -35.26303808268228579, -0.01000000000000002623, 2.206718403488665103 ) ) ;
#2171 = EDGE_CURVE ( 'NONE', #2936, #4020, #3340, .T. ) ;
#2172 = DIRECTION ( 'NONE',  ( -2.312964634635736587E-14, 0.000000000000000000, 1.000000000000000000 ) ) ;
#2173 = VECTOR ( 'NONE', #1631, 1000.000000000000000 ) ;
#2174 = PLANE ( 'NONE',  #730 ) ;
#2175 = DIRECTION ( 'NONE',  ( 0.000000000000000000, 0.000000000000000000, -1.000000000000000000 ) ) ;
#2176 = LINE ( 'NONE', #5129, #4933 ) ;
#2177 = LINE ( 'NONE', #2291, #3461 ) ;
#2178 = ORIENTED_EDGE ( 'NONE', *, *, #3242, .F. ) ;
#2179 = VECTOR ( 'NONE', #3456, 1000.000000000000000 ) ;
#2180 = ORIENTED_EDGE ( 'NONE', *, *, #4094, .F. ) ;
#2181 = DIRECTION ( 'NONE',  ( 0.000000000000000000, 1.000000000000000000, 0.000000000000000000 ) ) ;
#2182 = PLANE ( 'NONE',  #1804 ) ;
#2183 = AXIS2_PLACEMENT_3D ( 'NONE', #2457, #3701, #1676 ) ;
#2184 = DIRECTION ( 'NONE',  ( -1.000000000000000000, 0.000000000000000000, 0.000000000000000000 ) ) ;
#2185 = VERTEX_POINT ( 'NONE', #3666 ) ;
#2186 = CARTESIAN_POINT ( 'NONE',  ( -44.06303808268224742, -0.01000000000000002623, 10.70671840348866510 ) ) ;
#2187 = EDGE_LOOP ( 'NONE', ( #965, #214, #3813, #4978 ) ) ;
#2188 = ORIENTED_EDGE ( 'NONE', *, *, #3727, .F. ) ;
#2189 = LINE ( 'NONE', #4203, #3649 ) ;
#2190 = FACE_OUTER_BOUND ( 'NONE', #4902, .T. ) ;
#2191 = ADVANCED_FACE ( 'NONE', ( #2908 ), #4912, .F. ) ;
#2192 = ORIENTED_EDGE ( 'NONE', *, *, #1784, .T. ) ;
#2193 = DIRECTION ( 'NONE',  ( 1.000000000000000000, -0.000000000000000000, 1.927470528863123289E-15 ) ) ;
#2194 = VECTOR ( 'NONE', #1860, 1000.000000000000000 ) ;
#2195 = ADVANCED_FACE ( 'NONE', ( #2555 ), #3266, .F. ) ;
#2196 = PLANE ( 'NONE',  #1846 ) ;
#2197 = DIRECTION ( 'NONE',  ( 0.000000000000000000, 0.000000000000000000, 1.000000000000000000 ) ) ;
#2198 = DIRECTION ( 'NONE',  ( -1.000000000000000000, 0.000000000000000000, 0.000000000000000000 ) ) ;
#2199 = CARTESIAN_POINT ( 'NONE',  ( -44.06303808268224742, -0.01000000000000002623, 0.000000000000000000 ) ) ;
#2200 = AXIS2_PLACEMENT_3D ( 'NONE', #84, #4602, #897 ) ;
#2201 = EDGE_CURVE ( 'NONE', #532, #5219, #1309, .T. ) ;
#2202 = EDGE_CURVE ( 'NONE', #697, #4275, #4152, .T. ) ;
#2203 = EDGE_CURVE ( 'NONE', #5026, #2532, #4535, .T. ) ;
#2204 = EDGE_CURVE ( 'NONE', #4058, #4600, #2450, .T. ) ;
#2205 = CARTESIAN_POINT ( 'NONE',  ( 0.000000000000000000, -0.01000000000000002623, 0.000000000000000000 ) ) ;
#2206 = CARTESIAN_POINT ( 'NONE',  ( -43.70131370585286845, -0.01000000000000002623, 11.98732127763674171 ) ) ;
#2207 = LINE ( 'NONE', #3445, #5196 ) ;
#2208 = CARTESIAN_POINT ( 'NONE',  ( -34.36303808268228011, -0.01000000000000002623, 0.000000000000000000 ) ) ;
#2209 = EDGE_LOOP ( 'NONE', ( #695, #2055, #1941, #1128 ) ) ;
#2210 = ORIENTED_EDGE ( 'NONE', *, *, #900, .T. ) ;
#2211 = DIRECTION ( 'NONE',  ( -1.000000000000000000, -0.000000000000000000, -0.000000000000000000 ) ) ;
#2212 = CARTESIAN_POINT ( 'NONE',  ( 0.000000000000000000, -0.01000000000000002623, 0.000000000000000000 ) ) ;
#2213 = CARTESIAN_POINT ( 'NONE',  ( 0.000000000000000000, -0.01000000000000002623, 7.706718403488665992 ) ) ;
#2214 = ORIENTED_EDGE ( 'NONE', *, *, #4657, .T. ) ;
#2215 = LINE ( 'NONE', #3978, #1696 ) ;
#2216 = ORIENTED_EDGE ( 'NONE', *, *, #5319, .F. ) ;
#2217 = ORIENTED_EDGE ( 'NONE', *, *, #4552, .T. ) ;
#2218 = EDGE_CURVE ( 'NONE', #4307, #3623, #3314, .T. ) ;
#2219 = CARTESIAN_POINT ( 'NONE',  ( -34.75155472807056611, -0.01000000000000002623, 6.306718403488663860 ) ) ;
#2220 = DIRECTION ( 'NONE',  ( 1.000000000000000000, 0.000000000000000000, 1.927470528863108300E-15 ) ) ;
#2221 = VECTOR ( 'NONE', #3942, 1000.000000000000000 ) ;
#2222 = ORIENTED_EDGE ( 'NONE', *, *, #2143, .F. ) ;
#2223 = LINE ( 'NONE', #649, #4608 ) ;
#2224 = CARTESIAN_POINT ( 'NONE',  ( -43.16303808268223463, -0.01000000000000002623, 0.000000000000000000 ) ) ;
#2225 = EDGE_CURVE ( 'NONE', #4352, #3264, #368, .T. ) ;
#2226 = CARTESIAN_POINT ( 'NONE',  ( -43.70131370585286845, -0.01000000000000002623, 11.98732127763674171 ) ) ;
#2227 = DIRECTION ( 'NONE',  ( 1.000000000000000000, 0.000000000000000000, 9.637352644315616444E-16 ) ) ;
#2228 = LINE ( 'NONE', #935, #4448 ) ;
#2229 = EDGE_CURVE ( 'NONE', #2264, #4469, #4100, .T. ) ;
#2230 = DIRECTION ( 'NONE',  ( -0.000000000000000000, -1.000000000000000000, -0.000000000000000000 ) ) ;
#2231 = DIRECTION ( 'NONE',  ( -1.000000000000000000, 0.000000000000000000, -0.000000000000000000 ) ) ;
#2232 = DIRECTION ( 'NONE',  ( 0.000000000000000000, 0.000000000000000000, -1.000000000000000000 ) ) ;
#2233 = CARTESIAN_POINT ( 'NONE',  ( -43.70131370585286845, -0.01000000000000002623, 11.98732127763674171 ) ) ;
#2234 = ORIENTED_EDGE ( 'NONE', *, *, #415, .T. ) ;
#2235 = EDGE_LOOP ( 'NONE', ( #2397, #1045, #1541, #3507, #4869 ) ) ;
#2236 = ORGANIZATION ( 'UNSPECIFIED', 'UNSPECIFIED', '' ) ;
#2237 = DIRECTION ( 'NONE',  ( 1.000000000000000000, -0.000000000000000000, -0.000000000000000000 ) ) ;
#2238 = PERSON_AND_ORGANIZATION ( #437, #2236 ) ;
#2239 = DIRECTION ( 'NONE',  ( -0.000000000000000000, -1.000000000000000000, -0.000000000000000000 ) ) ;
#2240 = ORIENTED_EDGE ( 'NONE', *, *, #4493, .T. ) ;
#2241 = DIRECTION ( 'NONE',  ( 0.000000000000000000, 0.000000000000000000, 1.000000000000000000 ) ) ;
#2242 = EDGE_LOOP ( 'NONE', ( #2945, #1439, #1569, #347, #2537 ) ) ;
#2243 = VERTEX_POINT ( 'NONE', #3144 ) ;
#2244 = DIRECTION ( 'NONE',  ( 0.000000000000000000, -0.000000000000000000, -1.000000000000000000 ) ) ;
#2245 = DIRECTION ( 'NONE',  ( 0.000000000000000000, 0.000000000000000000, -1.000000000000000000 ) ) ;
#2246 = ORIENTED_EDGE ( 'NONE', *, *, #3182, .F. ) ;
#2247 = CARTESIAN_POINT ( 'NONE',  ( -43.16303808268222753, -0.01000000000000002623, 0.000000000000000000 ) ) ;
#2248 = VERTEX_POINT ( 'NONE', #5231 ) ;
#2249 = FACE_OUTER_BOUND ( 'NONE', #4497, .T. ) ;
#2250 = CARTESIAN_POINT ( 'NONE',  ( -43.70131370585286845, -0.01000000000000002623, 11.98732127763674171 ) ) ;
#2251 = VECTOR ( 'NONE', #4218, 1000.000000000000000 ) ;
#2252 = PLANE ( 'NONE',  #5310 ) ;
#2253 = EDGE_CURVE ( 'NONE', #1679, #5227, #3547, .T. ) ;
#2254 = AXIS2_PLACEMENT_3D ( 'NONE', #2247, #4367, #3872 ) ;
#2255 = LINE ( 'NONE', #4824, #3495 ) ;
#2256 = DIRECTION ( 'NONE',  ( 0.000000000000000000, 0.000000000000000000, -1.000000000000000000 ) ) ;
#2257 = DIRECTION ( 'NONE',  ( 2.312964634635743529E-14, 0.000000000000000000, 1.000000000000000000 ) ) ;
#2258 = DIRECTION ( 'NONE',  ( 1.000000000000000000, -0.000000000000000000, 0.000000000000000000 ) ) ;
#2259 = ORIENTED_EDGE ( 'NONE', *, *, #759, .F. ) ;
#2260 = ORIENTED_EDGE ( 'NONE', *, *, #1956, .F. ) ;
#2261 = LINE ( 'NONE', #2671, #3912 ) ;
#2262 = AXIS2_PLACEMENT_3D ( 'NONE', #2516, #432, #3379 ) ;
#2263 = CARTESIAN_POINT ( 'NONE',  ( -44.06303808268224742, -0.01000000000000002623, 8.806718403488666524 ) ) ;
#2264 = VERTEX_POINT ( 'NONE', #1768 ) ;
#2265 = CARTESIAN_POINT ( 'NONE',  ( -39.70735580523984254, -1.010000000000000009, 11.99219922775913005 ) ) ;
#2266 = ORIENTED_EDGE ( 'NONE', *, *, #319, .F. ) ;
#2267 = ORIENTED_EDGE ( 'NONE', *, *, #5225, .F. ) ;
#2268 = DIRECTION ( 'NONE',  ( 0.000000000000000000, 0.000000000000000000, 1.000000000000000000 ) ) ;
#2269 = DIRECTION ( 'NONE',  ( -1.000000000000000000, 0.000000000000000000, 9.637352644315616444E-16 ) ) ;
#2270 = VECTOR ( 'NONE', #2723, 1000.000000000000000 ) ;
#2271 = EDGE_CURVE ( 'NONE', #3983, #2383, #524, .T. ) ;
#2272 = EDGE_CURVE ( 'NONE', #3170, #3723, #3800, .T. ) ;
#2273 = ADVANCED_FACE ( 'NONE', ( #3171 ), #1114, .F. ) ;
#2274 = ORIENTED_EDGE ( 'NONE', *, *, #3902, .F. ) ;
#2275 = VECTOR ( 'NONE', #4573, 1000.000000000000000 ) ;
#2276 = DIRECTION ( 'NONE',  ( 0.000000000000000000, 0.000000000000000000, -1.000000000000000000 ) ) ;
#2277 = ORIENTED_EDGE ( 'NONE', *, *, #185, .F. ) ;
#2278 = CARTESIAN_POINT ( 'NONE',  ( -35.26303808268227158, 0.000000000000000000, 4.406718403488665281 ) ) ;
#2279 = EDGE_CURVE ( 'NONE', #1276, #1818, #2145, .T. ) ;
#2280 = AXIS2_PLACEMENT_3D ( 'NONE', #1089, #221, #1876 ) ;
#2281 = DIRECTION ( 'NONE',  ( -1.000000000000000000, -0.000000000000000000, -0.000000000000000000 ) ) ;
#2282 = ADVANCED_FACE ( 'NONE', ( #2581 ), #3523, .F. ) ;
#2283 = CIRCLE ( 'NONE', #4281, 0.1999999999999987899 ) ;
#2284 = CARTESIAN_POINT ( 'NONE',  ( -43.70131370585286845, -0.01000000000000002623, 2.027399959825791687 ) ) ;
#2285 = VECTOR ( 'NONE', #1184, 1000.000000000000000 ) ;
#2286 = AXIS2_PLACEMENT_3D ( 'NONE', #2856, #1285, #4178 ) ;
#2287 = PLANE ( 'NONE',  #5135 ) ;
#2289 = CARTESIAN_POINT ( 'NONE',  ( 0.000000000000000000, -0.01000000000000002623, 6.606718403488665459 ) ) ;
#2288 = VECTOR ( 'NONE', #409, 1000.000000000000000 ) ;
#2290 = DIRECTION ( 'NONE',  ( -0.000000000000000000, -0.000000000000000000, 1.000000000000000000 ) ) ;
#2291 = CARTESIAN_POINT ( 'NONE',  ( -35.26303808268226447, -0.01000000000000002623, 7.706718403488665992 ) ) ;
#2292 = ORIENTED_EDGE ( 'NONE', *, *, #4906, .T. ) ;
#2293 = ORIENTED_EDGE ( 'NONE', *, *, #1645, .F. ) ;
#2294 = DIRECTION ( 'NONE',  ( -1.000000000000000000, 0.000000000000000000, 0.000000000000000000 ) ) ;
#2295 = VECTOR ( 'NONE', #4981, 1000.000000000000000 ) ;
#2296 = ORIENTED_EDGE ( 'NONE', *, *, #4931, .T. ) ;
#2297 = DIRECTION ( 'NONE',  ( -1.000000000000000000, 0.000000000000000000, 0.000000000000000000 ) ) ;
#2298 = EDGE_LOOP ( 'NONE', ( #3783, #1407, #354, #1120 ) ) ;
#2299 = EDGE_LOOP ( 'NONE', ( #5018, #3567, #2022, #4084, #3952, #2973 ) ) ;
#2300 = PLANE ( 'NONE',  #3656 ) ;
#2301 = DIRECTION ( 'NONE',  ( -0.000000000000000000, -0.000000000000000000, -1.000000000000000000 ) ) ;
#2302 = EDGE_CURVE ( 'NONE', #1169, #4437, #2734, .T. ) ;
#2303 = ORIENTED_EDGE ( 'NONE', *, *, #4126, .T. ) ;
#2304 = DIRECTION ( 'NONE',  ( 1.000000000000000000, 0.000000000000000000, 0.000000000000000000 ) ) ;
#2305 = AXIS2_PLACEMENT_3D ( 'NONE', #5056, #862, #5025 ) ;
#2306 = ORIENTED_EDGE ( 'NONE', *, *, #3635, .T. ) ;
#2307 = LINE ( 'NONE', #1932, #3562 ) ;
#2308 = LINE ( 'NONE', #2278, #3498 ) ;
#2309 = VECTOR ( 'NONE', #1091, 1000.000000000000000 ) ;
#2310 = CARTESIAN_POINT ( 'NONE',  ( -44.06303808268225453, -0.01000000000000002623, 12.05671840348866475 ) ) ;
#2311 = DIRECTION ( 'NONE',  ( -1.000000000000000000, 0.000000000000000000, 1.927470528863108300E-15 ) ) ;
#2312 = CARTESIAN_POINT ( 'NONE',  ( -34.36303808268228011, 0.6500000000000000222, 2.606718403488665459 ) ) ;
#2313 = LINE ( 'NONE', #3556, #2799 ) ;
#2314 = DIRECTION ( 'NONE',  ( 0.000000000000000000, 0.000000000000000000, 1.000000000000000000 ) ) ;
#2315 = CARTESIAN_POINT ( 'NONE',  ( -34.36303808268226589, 0.6500000000000000222, 7.006718403488665814 ) ) ;
#2316 = VERTEX_POINT ( 'NONE', #2170 ) ;
#2317 = VERTEX_POINT ( 'NONE', #112 ) ;
#2318 = EDGE_CURVE ( 'NONE', #2915, #4684, #4793, .T. ) ;
#2319 = CARTESIAN_POINT ( 'NONE',  ( -44.06303808268225453, 0.6500000000000000222, 11.20671840348866510 ) ) ;
#2320 = ORIENTED_EDGE ( 'NONE', *, *, #4533, .F. ) ;
#2321 = VECTOR ( 'NONE', #298, 1000.000000000000000 ) ;
#2322 = DIRECTION ( 'NONE',  ( 0.000000000000000000, -1.000000000000000000, 0.000000000000000000 ) ) ;
#2323 = ORIENTED_EDGE ( 'NONE', *, *, #3131, .F. ) ;
#2324 = ORIENTED_EDGE ( 'NONE', *, *, #959, .F. ) ;
#2325 = LINE ( 'NONE', #181, #3739 ) ;
#2326 = LINE ( 'NONE', #3982, #1547 ) ;
#2327 = ORIENTED_EDGE ( 'NONE', *, *, #4476, .F. ) ;
#2328 = VERTEX_POINT ( 'NONE', #3117 ) ;
#2329 = CYLINDRICAL_SURFACE ( 'NONE', #1307, 0.1999999999999987899 ) ;
#2330 = ORIENTED_EDGE ( 'NONE', *, *, #1882, .F. ) ;
#2331 = DIRECTION ( 'NONE',  ( 0.000000000000000000, 0.000000000000000000, 1.000000000000000000 ) ) ;
#2332 = CARTESIAN_POINT ( 'NONE',  ( -35.26303808268228579, -0.01000000000000002623, 3.006718403488663593 ) ) ;
#2333 = LINE ( 'NONE', #279, #4373 ) ;
#2334 = CARTESIAN_POINT ( 'NONE',  ( -44.06303808268225453, 0.000000000000000000, 11.60671840348866546 ) ) ;
#2335 = EDGE_CURVE ( 'NONE', #3253, #3347, #2307, .T. ) ;
#2336 = ADVANCED_FACE ( 'NONE', ( #1879 ), #4395, .T. ) ;
#2337 = ADVANCED_FACE ( 'NONE', ( #3580 ), #1743, .F. ) ;
#2338 = DIRECTION ( 'NONE',  ( 0.000000000000000000, 0.000000000000000000, 1.000000000000000000 ) ) ;
#2339 = AXIS2_PLACEMENT_3D ( 'NONE', #4643, #70, #531 ) ;
#2340 = ADVANCED_FACE ( 'NONE', ( #3016 ), #1060, .F. ) ;
#2341 = CARTESIAN_POINT ( 'NONE',  ( -43.16303808268223463, -0.01000000000000002623, 6.306718403488663860 ) ) ;
#2342 = LINE ( 'NONE', #2745, #59 ) ;
#2343 = EDGE_LOOP ( 'NONE', ( #2756, #4624, #3734, #3896, #4810 ) ) ;
#2344 = FACE_OUTER_BOUND ( 'NONE', #2843, .T. ) ;
#2345 = ADVANCED_FACE ( 'NONE', ( #1906 ), #3388, .T. ) ;
#2346 = LINE ( 'NONE', #3395, #1685 ) ;
#2347 = CARTESIAN_POINT ( 'NONE',  ( -44.06303808268224742, 0.6500000000000000222, 10.30671840348866475 ) ) ;
#2348 = ORIENTED_EDGE ( 'NONE', *, *, #3700, .F. ) ;
#2349 = VERTEX_POINT ( 'NONE', #5035 ) ;
#2350 = CARTESIAN_POINT ( 'NONE',  ( -34.36303808268228011, 0.000000000000000000, 3.706718403488665547 ) ) ;
#2351 = DIRECTION ( 'NONE',  ( 0.000000000000000000, 0.000000000000000000, -1.000000000000000000 ) ) ;
#2352 = VECTOR ( 'NONE', #651, 1000.000000000000000 ) ;
#2353 = ORIENTED_EDGE ( 'NONE', *, *, #1794, .F. ) ;
#2354 = ORIENTED_EDGE ( 'NONE', *, *, #4433, .T. ) ;
#2355 = LINE ( 'NONE', #2411, #5037 ) ;
#2356 = ORIENTED_EDGE ( 'NONE', *, *, #3, .T. ) ;
#2357 = CARTESIAN_POINT ( 'NONE',  ( -34.36303808268226589, 0.000000000000000000, 8.106718403488665459 ) ) ;
#2358 = DIRECTION ( 'NONE',  ( -0.000000000000000000, -0.000000000000000000, 1.000000000000000000 ) ) ;
#2359 = AXIS2_PLACEMENT_3D ( 'NONE', #2378, #5273, #1976 ) ;
#2360 = EDGE_CURVE ( 'NONE', #5356, #837, #1499, .T. ) ;
#2361 = VECTOR ( 'NONE', #3155, 1000.000000000000000 ) ;
#2362 = PLANE ( 'NONE',  #3759 ) ;
#2363 = LINE ( 'NONE', #4452, #1420 ) ;
#2364 = DIRECTION ( 'NONE',  ( 0.000000000000000000, 0.000000000000000000, -1.000000000000000000 ) ) ;
#2365 = EDGE_LOOP ( 'NONE', ( #1758, #2116, #3406, #1445, #2057, #1704 ) ) ;
#2366 = LINE ( 'NONE', #2524, #3497 ) ;
#2367 = DIRECTION ( 'NONE',  ( -1.000000000000000000, 0.000000000000000000, 1.927470528863123289E-15 ) ) ;
#2368 = ORIENTED_EDGE ( 'NONE', *, *, #3113, .F. ) ;
#2369 = LINE ( 'NONE', #4025, #1848 ) ;
#2370 = CIRCLE ( 'NONE', #1164, 0.1999999999999987899 ) ;
#2371 = EDGE_CURVE ( 'NONE', #4384, #3455, #1339, .T. ) ;
#2372 = VECTOR ( 'NONE', #3588, 1000.000000000000000 ) ;
#2373 = VECTOR ( 'NONE', #2764, 1000.000000000000000 ) ;
#2374 = CARTESIAN_POINT ( 'NONE',  ( -44.06303808268225453, -0.01000000000000002623, 11.80671840348866475 ) ) ;
#2375 = DIRECTION ( 'NONE',  ( -1.000000000000000000, -0.000000000000000000, -0.000000000000000000 ) ) ;
#2376 = EDGE_LOOP ( 'NONE', ( #2356, #1730, #1347, #4488, #1998 ) ) ;
#2377 = ORIENTED_EDGE ( 'NONE', *, *, #2229, .F. ) ;
#2378 = CARTESIAN_POINT ( 'NONE',  ( -34.36303808268228011, 0.6500000000000000222, 2.606718403488665459 ) ) ;
#2379 = LINE ( 'NONE', #3213, #1716 ) ;
#2380 = CIRCLE ( 'NONE', #2552, 0.1999999999999987899 ) ;
#2381 = EDGE_CURVE ( 'NONE', #4894, #404, #2386, .T. ) ;
#2382 = VERTEX_POINT ( 'NONE', #3196 ) ;
#2383 = VERTEX_POINT ( 'NONE', #5339 ) ;
#2384 = DIRECTION ( 'NONE',  ( 0.000000000000000000, 0.000000000000000000, -1.000000000000000000 ) ) ;
#2385 = ORIENTED_EDGE ( 'NONE', *, *, #3136, .F. ) ;
#2386 = LINE ( 'NONE', #4446, #3472 ) ;
#2387 = DIRECTION ( 'NONE',  ( -0.000000000000000000, -0.000000000000000000, 1.000000000000000000 ) ) ;
#2388 = ADVANCED_FACE ( 'NONE', ( #1170 ), #3305, .T. ) ;
#2389 = DIRECTION ( 'NONE',  ( 2.312964634635736587E-14, 0.000000000000000000, 1.000000000000000000 ) ) ;
#2390 = EDGE_CURVE ( 'NONE', #4684, #3455, #4854, .T. ) ;
#2391 = CARTESIAN_POINT ( 'NONE',  ( -35.26303808268228579, 0.000000000000000000, 3.006718403488663593 ) ) ;
#2392 = VECTOR ( 'NONE', #2314, 1000.000000000000000 ) ;
#2393 = DIRECTION ( 'NONE',  ( 0.000000000000000000, 0.000000000000000000, -1.000000000000000000 ) ) ;
#2394 = ORIENTED_EDGE ( 'NONE', *, *, #2900, .T. ) ;
#2395 = DIRECTION ( 'NONE',  ( 0.000000000000000000, 1.000000000000000000, 0.000000000000000000 ) ) ;
#2396 = DIRECTION ( 'NONE',  ( 0.000000000000000000, 0.000000000000000000, -1.000000000000000000 ) ) ;
#2397 = ORIENTED_EDGE ( 'NONE', *, *, #4527, .T. ) ;
#2398 = LINE ( 'NONE', #3975, #3311 ) ;
#2399 = ORIENTED_EDGE ( 'NONE', *, *, #4266, .F. ) ;
#2400 = DIRECTION ( 'NONE',  ( -1.000000000000000000, 0.000000000000000000, 0.000000000000000000 ) ) ;
#2401 = ORIENTED_EDGE ( 'NONE', *, *, #384, .T. ) ;
#2402 = ORIENTED_EDGE ( 'NONE', *, *, #2470, .T. ) ;
#2403 = LINE ( 'NONE', #1107, #1410 ) ;
#2404 = PLANE ( 'NONE',  #3528 ) ;
#2405 = VECTOR ( 'NONE', #1993, 1000.000000000000000 ) ;
#2406 = EDGE_CURVE ( 'NONE', #3623, #2772, #4903, .T. ) ;
#2407 = AXIS2_PLACEMENT_3D ( 'NONE', #3702, #3295, #4619 ) ;
#2408 = ADVANCED_FACE ( 'NONE', ( #4957 ), #2760, .T. ) ;
#2409 = ORIENTED_EDGE ( 'NONE', *, *, #2104, .T. ) ;
#2410 = ORIENTED_EDGE ( 'NONE', *, *, #3529, .F. ) ;
#2411 = CARTESIAN_POINT ( 'NONE',  ( -43.70131370585286845, -0.01000000000000002623, 11.98732127763674171 ) ) ;
#2412 = COORDINATED_UNIVERSAL_TIME_OFFSET ( 3, 30, .AHEAD. ) ;
#2413 = VERTEX_POINT ( 'NONE', #305 ) ;
#2414 = FACE_OUTER_BOUND ( 'NONE', #1463, .T. ) ;
#2415 = CARTESIAN_POINT ( 'NONE',  ( -44.06303808268225453, 0.000000000000000000, 11.80671840348866475 ) ) ;
#2416 = DIRECTION ( 'NONE',  ( 0.000000000000000000, 0.000000000000000000, 1.000000000000000000 ) ) ;
#2417 = CARTESIAN_POINT ( 'NONE',  ( -44.06303808268221900, 0.6500000000000000222, 2.406718403488664837 ) ) ;
#2418 = CARTESIAN_POINT ( 'NONE',  ( -44.06303808268223321, 0.000000000000000000, 7.406718403488665281 ) ) ;
#2419 = EDGE_LOOP ( 'NONE', ( #4954, #1996, #1562, #3779, #735, #5252, #4596, #1869 ) ) ;
#2420 = DIRECTION ( 'NONE',  ( 0.000000000000000000, 0.000000000000000000, 1.000000000000000000 ) ) ;
#2421 = FACE_OUTER_BOUND ( 'NONE', #4427, .T. ) ;
#2422 = ORIENTED_EDGE ( 'NONE', *, *, #3711, .T. ) ;
#2423 = CARTESIAN_POINT ( 'NONE',  ( -44.06303808268222610, 0.000000000000000000, 4.406718403488665281 ) ) ;
#2424 = EDGE_CURVE ( 'NONE', #3271, #1206, #790, .T. ) ;
#2425 = VECTOR ( 'NONE', #4273, 1000.000000000000000 ) ;
#2426 = DIRECTION ( 'NONE',  ( -0.000000000000000000, -1.000000000000000000, 0.000000000000000000 ) ) ;
#2427 = PLANE ( 'NONE',  #2942 ) ;
#2428 = ORIENTED_EDGE ( 'NONE', *, *, #417, .T. ) ;
#2429 = ORIENTED_EDGE ( 'NONE', *, *, #3575, .F. ) ;
#2430 = FACE_OUTER_BOUND ( 'NONE', #2299, .T. ) ;
#2431 = DIRECTION ( 'NONE',  ( -1.000000000000000000, 0.000000000000000000, 0.000000000000000000 ) ) ;
#2432 = CC_DESIGN_PERSON_AND_ORGANIZATION_ASSIGNMENT ( #2238, #999, ( #3275 ) ) ;
#2433 = ORIENTED_EDGE ( 'NONE', *, *, #4765, .T. ) ;
#2434 = ORIENTED_EDGE ( 'NONE', *, *, #3298, .F. ) ;
#2435 = VECTOR ( 'NONE', #3176, 1000.000000000000000 ) ;
#2436 = DIRECTION ( 'NONE',  ( 1.000000000000000000, -0.000000000000000000, 0.000000000000000000 ) ) ;
#2437 = ORIENTED_EDGE ( 'NONE', *, *, #3738, .T. ) ;
#2438 = DIRECTION ( 'NONE',  ( 1.000000000000000000, 0.000000000000000000, 0.000000000000000000 ) ) ;
#2439 = DIRECTION ( 'NONE',  ( 1.000000000000000000, 0.000000000000000000, -0.000000000000000000 ) ) ;
#2440 = EDGE_CURVE ( 'NONE', #3180, #1507, #2059, .T. ) ;
#2441 = EDGE_CURVE ( 'NONE', #2667, #3640, #1196, .T. ) ;
#2442 = EDGE_CURVE ( 'NONE', #912, #541, #2849, .T. ) ;
#2443 = CARTESIAN_POINT ( 'NONE',  ( -35.26303808268225737, 0.000000000000000000, 9.906718403488664393 ) ) ;
#2444 = DIRECTION ( 'NONE',  ( 0.000000000000000000, 0.000000000000000000, -1.000000000000000000 ) ) ;
#2445 = EDGE_CURVE ( 'NONE', #3576, #3675, #3214, .T. ) ;
#2446 = AXIS2_PLACEMENT_3D ( 'NONE', #125, #4302, #150 ) ;
#2447 = CARTESIAN_POINT ( 'NONE',  ( -44.06303808268225453, 0.6500000000000000222, 11.20671840348866510 ) ) ;
#2448 = ORIENTED_EDGE ( 'NONE', *, *, #3721, .F. ) ;
#2449 = CARTESIAN_POINT ( 'NONE',  ( -44.06303808268222610, -0.01000000000000002623, 5.206718403488665103 ) ) ;
#2450 = LINE ( 'NONE', #39, #2825 ) ;
#2451 = ORIENTED_EDGE ( 'NONE', *, *, #1711, .T. ) ;
#2452 = CARTESIAN_POINT ( 'NONE',  ( -34.36303808268226589, -0.01000000000000002623, 8.806718403488666524 ) ) ;
#2453 = CARTESIAN_POINT ( 'NONE',  ( -35.26303808268227868, -0.01000000000000002623, 4.406718403488665281 ) ) ;
#2454 = DIRECTION ( 'NONE',  ( 0.000000000000000000, 1.000000000000000000, 0.000000000000000000 ) ) ;
#2455 = ORIENTED_EDGE ( 'NONE', *, *, #4123, .T. ) ;
#2456 = ORIENTED_EDGE ( 'NONE', *, *, #1272, .T. ) ;
#2457 = CARTESIAN_POINT ( 'NONE',  ( 0.000000000000000000, -1.010000000000000009, 0.000000000000000000 ) ) ;
#2458 = DIRECTION ( 'NONE',  ( -0.000000000000000000, 0.000000000000000000, 1.000000000000000000 ) ) ;
#2459 = VECTOR ( 'NONE', #1988, 1000.000000000000000 ) ;
#2460 = EDGE_CURVE ( 'NONE', #5006, #2328, #1137, .T. ) ;
#2461 = AXIS2_PLACEMENT_3D ( 'NONE', #3015, #88, #1741 ) ;
#2462 = EDGE_LOOP ( 'NONE', ( #704, #313, #2157, #482, #3833, #4565, #3698, #156 ) ) ;
#2463 = ORIENTED_EDGE ( 'NONE', *, *, #4764, .F. ) ;
#2464 = LINE ( 'NONE', #5253, #3227 ) ;
#2465 = PERSON_AND_ORGANIZATION ( #437, #2236 ) ;
#2466 = EDGE_LOOP ( 'NONE', ( #212, #810, #1929, #4883, #2354 ) ) ;
#2467 = DIRECTION ( 'NONE',  ( -0.000000000000000000, -1.000000000000000000, -0.000000000000000000 ) ) ;
#2468 = CARTESIAN_POINT ( 'NONE',  ( -35.92667611258123372, -0.01000000000000002623, 2.021237579218202463 ) ) ;
#2469 = VECTOR ( 'NONE', #3011, 1000.000000000000000 ) ;
#2470 = EDGE_CURVE ( 'NONE', #584, #2556, #3709, .T. ) ;
#2471 = CARTESIAN_POINT ( 'NONE',  ( -34.36303808268228011, 0.000000000000000000, 3.906718403488666169 ) ) ;
#2472 = CARTESIAN_POINT ( 'NONE',  ( -44.06303808268204847, -0.01000000000000002623, -1.019162487798515360E-12 ) ) ;
#2473 = CARTESIAN_POINT ( 'NONE',  ( -34.36303808268226589, -0.01000000000000002623, 8.806718403488666524 ) ) ;
#2474 = LINE ( 'NONE', #412, #1881 ) ;
#2475 = EDGE_LOOP ( 'NONE', ( #2133, #2759, #5168, #4143 ) ) ;
#2476 = FACE_OUTER_BOUND ( 'NONE', #2643, .T. ) ;
#2477 = CARTESIAN_POINT ( 'NONE',  ( -34.36303808268225879, 0.6500000000000000222, 12.05671840348866475 ) ) ;
#2478 = ADVANCED_FACE ( 'NONE', ( #382 ), #2033, .F. ) ;
#2479 = CARTESIAN_POINT ( 'NONE',  ( -34.36303808268226589, -0.01000000000000002623, 7.706718403488665992 ) ) ;
#2480 = EDGE_LOOP ( 'NONE', ( #1647, #4760, #2385, #4031, #2098 ) ) ;
#2481 = ORIENTED_EDGE ( 'NONE', *, *, #3906, .F. ) ;
#2482 = DIRECTION ( 'NONE',  ( 0.000000000000000000, 0.000000000000000000, -1.000000000000000000 ) ) ;
#2483 = DIRECTION ( 'NONE',  ( 1.000000000000000000, -0.000000000000000000, 9.637352644315541502E-16 ) ) ;
#2484 = ORIENTED_EDGE ( 'NONE', *, *, #3592, .F. ) ;
#2485 = VERTEX_POINT ( 'NONE', #5279 ) ;
#2486 = DIRECTION ( 'NONE',  ( 1.000000000000000000, 0.000000000000000000, 9.637352644315616444E-16 ) ) ;
#2487 = ORIENTED_EDGE ( 'NONE', *, *, #192, .F. ) ;
#2488 = DATE_AND_TIME ( #4901, #4138 ) ;
#2489 = ORIENTED_EDGE ( 'NONE', *, *, #1616, .F. ) ;
#2490 = CARTESIAN_POINT ( 'NONE',  ( 0.000000000000000000, -0.01000000000000002623, 8.806718403488666524 ) ) ;
#2491 = CARTESIAN_POINT ( 'NONE',  ( -34.36303808268225879, 0.000000000000000000, 11.40671840348866617 ) ) ;
#2492 = LOCAL_TIME ( 19, 20, 10.00000000000000000, #2412 ) ;
#2493 = LINE ( 'NONE', #818, #822 ) ;
#2494 = CARTESIAN_POINT ( 'NONE',  ( -44.06303808268221900, 0.000000000000000000, 2.406718403488664837 ) ) ;
#2495 = DIRECTION ( 'NONE',  ( 0.000000000000000000, -1.000000000000000000, 0.000000000000000000 ) ) ;
#2496 = CARTESIAN_POINT ( 'NONE',  ( -34.36303808268226589, 0.000000000000000000, 9.206718403488665103 ) ) ;
#2497 = ORIENTED_EDGE ( 'NONE', *, *, #1175, .F. ) ;
#2498 = DIRECTION ( 'NONE',  ( 0.000000000000000000, 0.000000000000000000, -1.000000000000000000 ) ) ;
#2499 = EDGE_CURVE ( 'NONE', #3205, #133, #1573, .T. ) ;
#2500 = ADVANCED_FACE ( 'NONE', ( #2414 ), #4065, .F. ) ;
#2501 = EDGE_CURVE ( 'NONE', #1028, #4352, #2873, .T. ) ;
#2502 = EDGE_CURVE ( 'NONE', #4394, #1652, #4117, .T. ) ;
#2503 = CARTESIAN_POINT ( 'NONE',  ( -34.36303808268228011, -0.01000000000000002623, 4.406718403488665281 ) ) ;
#2504 = DIRECTION ( 'NONE',  ( -0.000000000000000000, -0.000000000000000000, 1.000000000000000000 ) ) ;
#2505 = EDGE_LOOP ( 'NONE', ( #4766, #2017, #3613, #4735 ) ) ;
#2506 = ORIENTED_EDGE ( 'NONE', *, *, #1017, .F. ) ;
#2507 = ADVANCED_FACE ( 'NONE', ( #1280 ), #1789, .T. ) ;
#2508 = PLANE ( 'NONE',  #545 ) ;
#2509 = PERSON_AND_ORGANIZATION ( #437, #2236 ) ;
#2510 = VERTEX_POINT ( 'NONE', #1759 ) ;
#2511 = ORIENTED_EDGE ( 'NONE', *, *, #3802, .T. ) ;
#2512 = VECTOR ( 'NONE', #3475, 1000.000000000000000 ) ;
#2513 = LINE ( 'NONE', #3840, #492 ) ;
#2514 = ORIENTED_EDGE ( 'NONE', *, *, #3738, .F. ) ;
#2515 = ORIENTED_EDGE ( 'NONE', *, *, #33, .T. ) ;
#2516 = CARTESIAN_POINT ( 'NONE',  ( 0.000000000000000000, -0.01000000000000002623, 0.000000000000000000 ) ) ;
#2517 = CARTESIAN_POINT ( 'NONE',  ( -34.36303808268226589, 0.000000000000000000, 6.806718403488664748 ) ) ;
#2518 = AXIS2_PLACEMENT_3D ( 'NONE', #3643, #4511, #4156 ) ;
#2519 = VECTOR ( 'NONE', #1836, 1000.000000000000000 ) ;
#2520 = ORIENTED_EDGE ( 'NONE', *, *, #3711, .F. ) ;
#2521 = DIRECTION ( 'NONE',  ( 0.000000000000000000, 0.000000000000000000, 1.000000000000000000 ) ) ;
#2522 = AXIS2_PLACEMENT_3D ( 'NONE', #1659, #3280, #3626 ) ;
#2523 = LINE ( 'NONE', #2226, #2275 ) ;
#2524 = CARTESIAN_POINT ( 'NONE',  ( -34.36303808268228011, -0.01000000000000002623, 3.306718403488665192 ) ) ;
#2525 = LINE ( 'NONE', #1666, #3343 ) ;
#2526 = VERTEX_POINT ( 'NONE', #2923 ) ;
#2527 = DIRECTION ( 'NONE',  ( -0.000000000000000000, -1.000000000000000000, -0.000000000000000000 ) ) ;
#2528 = AXIS2_PLACEMENT_3D ( 'NONE', #4635, #2635, #4692 ) ;
#2529 = CARTESIAN_POINT ( 'NONE',  ( -34.36303808268225879, 0.6500000000000000222, 10.30671840348866475 ) ) ;
#2530 = VECTOR ( 'NONE', #2527, 1000.000000000000000 ) ;
#2531 = LINE ( 'NONE', #1267, #701 ) ;
#2532 = VERTEX_POINT ( 'NONE', #515 ) ;
#2533 = VERTEX_POINT ( 'NONE', #81 ) ;
#2534 = FACE_OUTER_BOUND ( 'NONE', #2919, .T. ) ;
#2535 = CARTESIAN_POINT ( 'NONE',  ( -35.26303808268225026, 0.000000000000000000, 11.00671840348866404 ) ) ;
#2536 = VECTOR ( 'NONE', #4900, 1000.000000000000000 ) ;
#2537 = ORIENTED_EDGE ( 'NONE', *, *, #3529, .T. ) ;
#2538 = ORIENTED_EDGE ( 'NONE', *, *, #2218, .T. ) ;
#2539 = FACE_OUTER_BOUND ( 'NONE', #2480, .T. ) ;
#2540 = EDGE_LOOP ( 'NONE', ( #4806, #4133, #3888, #1744 ) ) ;
#2541 = VECTOR ( 'NONE', #1965, 1000.000000000000000 ) ;
#2542 = EDGE_LOOP ( 'NONE', ( #971, #506, #2267, #2348 ) ) ;
#2543 = DIRECTION ( 'NONE',  ( 1.000000000000000000, 0.000000000000000000, 1.927470528863108300E-15 ) ) ;
#2544 = DIRECTION ( 'NONE',  ( -0.000000000000000000, -0.000000000000000000, 1.000000000000000000 ) ) ;
#2545 = VECTOR ( 'NONE', #5015, 1000.000000000000000 ) ;
#2546 = CLOSED_SHELL ( 'NONE', ( #3963, #2938, #2550, #2698, #3459, #117, #1883, #1618, #3781, #2765, #1234, #3962, #583, #4690, #20, #3363, #3502, #669, #3837, #3338, #3462, #1550, #2345, #4028, #4112, #984, #858, #3166, #4404, #1724, #655, #685, #1440, #493, #4578, #5343, #2336, #870, #2388, #2967, #3191, #4362, #653, #1085, #3344, #3695, #5268, #4068, #1253, #767, #3301, #756, #2835, #3553, #472, #3437, #1303, #1619, #4122, #1094, #4385, #4753, #4199, #3804, #5250, #3012, #3991, #3694, #2500, #4124, #2478, #5021, #466, #1216, #4363, #817, #4989, #4146, #2851, #4987, #3297, #945, #2195, #683, #3889, #3672, #3069, #3964, #5236, #3744, #183, #694, #1274, #518, #1314, #4093, #2612, #2191, #2847, #1381, #2038, #4137, #2928, #2904, #4312, #143, #218, #1198, #5180, #3823, #3334, #1084, #1989, #2783, #2408, #107, #1485, #2282, #3861, #4354, #3004, #2273, #2337, #1510, #4655, #3350, #2574, #1494, #254, #859, #3110, #4580, #2999, #357, #2905, #4924, #4286, #4816, #4696, #253, #1978, #290, #25, #1109, #1947, #3509, #22, #1312, #2604, #4985, #4593, #2340, #1885, #252, #2749, #844, #2674, #3467, #5326, #3629, #3262, #4818, #2711, #3230, #1250, #2507, #1190, #5283, #1486, #588 ) ) ;
#2547 = AXIS2_PLACEMENT_3D ( 'NONE', #955, #2144, #3799 ) ;
#2548 = EDGE_CURVE ( 'NONE', #2029, #3454, #4628, .T. ) ;
#2549 = AXIS2_PLACEMENT_3D ( 'NONE', #1962, #652, #3606 ) ;
#2550 = ADVANCED_FACE ( 'NONE', ( #891 ), #1683, .F. ) ;
#2551 = CARTESIAN_POINT ( 'NONE',  ( -38.71872036012467078, -1.010000000000000009, 11.99219922775913005 ) ) ;
#2552 = AXIS2_PLACEMENT_3D ( 'NONE', #2491, #4145, #3257 ) ;
#2553 = FACE_OUTER_BOUND ( 'NONE', #3650, .T. ) ;
#2554 = CARTESIAN_POINT ( 'NONE',  ( -2.275710176531022056E-14, -0.01000000000000002623, 11.80671840348873047 ) ) ;
#2555 = FACE_OUTER_BOUND ( 'NONE', #905, .T. ) ;
#2556 = VERTEX_POINT ( 'NONE', #105 ) ;
#2557 = CARTESIAN_POINT ( 'NONE',  ( -35.26303808268225737, 0.000000000000000000, 8.806718403488666524 ) ) ;
#2558 = CARTESIAN_POINT ( 'NONE',  ( -34.36303808268226589, 0.000000000000000000, 7.006718403488665814 ) ) ;
#2559 = AXIS2_PLACEMENT_3D ( 'NONE', #4805, #3158, #1104 ) ;
#2560 = DIRECTION ( 'NONE',  ( 1.000000000000000000, 0.000000000000000000, 0.000000000000000000 ) ) ;
#2561 = ORIENTED_EDGE ( 'NONE', *, *, #2445, .F. ) ;
#2562 = ORIENTED_EDGE ( 'NONE', *, *, #4044, .T. ) ;
#2563 = DIRECTION ( 'NONE',  ( 0.000000000000000000, 0.000000000000000000, 1.000000000000000000 ) ) ;
#2564 = AXIS2_PLACEMENT_3D ( 'NONE', #994, #4272, #146 ) ;
#2565 = DIRECTION ( 'NONE',  ( 0.000000000000000000, -0.000000000000000000, -1.000000000000000000 ) ) ;
#2566 = VERTEX_POINT ( 'NONE', #4550 ) ;
#2567 = ORIENTED_EDGE ( 'NONE', *, *, #2739, .F. ) ;
#2568 = FACE_OUTER_BOUND ( 'NONE', #2187, .T. ) ;
#2569 = ORIENTED_EDGE ( 'NONE', *, *, #1342, .F. ) ;
#2570 = ORIENTED_EDGE ( 'NONE', *, *, #2683, .F. ) ;
#2571 = PLANE ( 'NONE',  #3737 ) ;
#2572 = CARTESIAN_POINT ( 'NONE',  ( -35.26303808268227158, -0.01000000000000002623, 0.000000000000000000 ) ) ;
#2573 = EDGE_CURVE ( 'NONE', #2695, #5297, #841, .T. ) ;
#2574 = ADVANCED_FACE ( 'NONE', ( #3331 ), #2571, .F. ) ;
#2575 = EDGE_CURVE ( 'NONE', #2893, #3430, #1402, .T. ) ;
#2576 = VERTEX_POINT ( 'NONE', #4229 ) ;
#2577 = DIRECTION ( 'NONE',  ( -0.000000000000000000, 0.000000000000000000, -1.000000000000000000 ) ) ;
#2578 = CC_DESIGN_APPROVAL ( #3385, ( #2599 ) ) ;
#2579 = CARTESIAN_POINT ( 'NONE',  ( -34.36303808268227300, 0.000000000000000000, 5.506718403488664926 ) ) ;
#2580 = DIRECTION ( 'NONE',  ( -9.637352644315616444E-16, 0.000000000000000000, 1.000000000000000000 ) ) ;
#2581 = FACE_OUTER_BOUND ( 'NONE', #5243, .T. ) ;
#2582 = DIRECTION ( 'NONE',  ( 1.000000000000000000, 0.000000000000000000, 0.000000000000000000 ) ) ;
#2583 = LINE ( 'NONE', #4239, #4705 ) ;
#2584 = CYLINDRICAL_SURFACE ( 'NONE', #3407, 0.2000000000000005107 ) ;
#2585 = CARTESIAN_POINT ( 'NONE',  ( 0.000000000000000000, -0.01000000000000002623, 0.000000000000000000 ) ) ;
#2586 = FACE_OUTER_BOUND ( 'NONE', #2975, .T. ) ;
#2587 = ORIENTED_EDGE ( 'NONE', *, *, #1147, .F. ) ;
#2588 = EDGE_LOOP ( 'NONE', ( #332, #4334, #2216, #2109 ) ) ;
#2589 = EDGE_CURVE ( 'NONE', #3430, #2533, #1301, .T. ) ;
#2590 = DIRECTION ( 'NONE',  ( 0.000000000000000000, 0.000000000000000000, 1.000000000000000000 ) ) ;
#2591 = CALENDAR_DATE ( 2024, 26, 11 ) ;
#2592 = FACE_OUTER_BOUND ( 'NONE', #5101, .T. ) ;
#2593 = ORIENTED_EDGE ( 'NONE', *, *, #3966, .T. ) ;
#2594 = LINE ( 'NONE', #4165, #1266 ) ;
#2595 = ORIENTED_EDGE ( 'NONE', *, *, #3700, .T. ) ;
#2596 = ORIENTED_EDGE ( 'NONE', *, *, #2104, .F. ) ;
#2597 = FACE_OUTER_BOUND ( 'NONE', #5030, .T. ) ;
#2598 = CARTESIAN_POINT ( 'NONE',  ( -34.36303808268228011, -0.01000000000000002623, 1.956718403488664881 ) ) ;
#2599 = PRODUCT_DEFINITION ( 'UNKNOWN', '', #3275, #320 ) ;
#2600 = ORIENTED_EDGE ( 'NONE', *, *, #2008, .F. ) ;
#2601 = EDGE_CURVE ( 'NONE', #2576, #1818, #4980, .T. ) ;
#2602 = DIRECTION ( 'NONE',  ( 0.000000000000000000, 1.000000000000000000, 0.000000000000000000 ) ) ;
#2603 = EDGE_CURVE ( 'NONE', #4719, #77, #1330, .T. ) ;
#2604 = ADVANCED_FACE ( 'NONE', ( #2597 ), #5028, .F. ) ;
#2605 = EDGE_CURVE ( 'NONE', #1532, #4038, #2946, .T. ) ;
#2606 = LINE ( 'NONE', #4290, #3658 ) ;
#2607 = LINE ( 'NONE', #3387, #4451 ) ;
#2608 = VECTOR ( 'NONE', #4748, 1000.000000000000000 ) ;
#2609 = DIRECTION ( 'NONE',  ( 0.000000000000000000, 0.000000000000000000, -1.000000000000000000 ) ) ;
#2610 = DIRECTION ( 'NONE',  ( 1.000000000000000000, -0.000000000000000000, 0.000000000000000000 ) ) ;
#2611 = AXIS2_PLACEMENT_3D ( 'NONE', #3256, #4416, #4013 ) ;
#2612 = ADVANCED_FACE ( 'NONE', ( #543 ), #4597, .F. ) ;
#2613 = DIRECTION ( 'NONE',  ( 0.000000000000000000, 0.000000000000000000, -1.000000000000000000 ) ) ;
#2614 = FACE_OUTER_BOUND ( 'NONE', #3195, .T. ) ;
#2615 = LINE ( 'NONE', #4348, #1013 ) ;
#2616 = DIRECTION ( 'NONE',  ( -0.000000000000000000, -0.000000000000000000, 1.000000000000000000 ) ) ;
#2617 = ORIENTED_EDGE ( 'NONE', *, *, #3027, .T. ) ;
#2618 = VECTOR ( 'NONE', #3080, 1000.000000000000000 ) ;
#2619 = ORIENTED_EDGE ( 'NONE', *, *, #2010, .F. ) ;
#2620 = LINE ( 'NONE', #2697, #4259 ) ;
#2621 = APPLICATION_PROTOCOL_DEFINITION ( 'international standard', 'config_control_design', 1994, #1256 ) ;
#2622 = VECTOR ( 'NONE', #4803, 1000.000000000000000 ) ;
#2623 = CARTESIAN_POINT ( 'NONE',  ( -43.16303808268222042, -0.01000000000000002623, 0.000000000000000000 ) ) ;
#2624 = ORIENTED_EDGE ( 'NONE', *, *, #4044, .F. ) ;
#2625 = FACE_OUTER_BOUND ( 'NONE', #4010, .T. ) ;
#2626 = ORIENTED_EDGE ( 'NONE', *, *, #819, .F. ) ;
#2627 = ORIENTED_EDGE ( 'NONE', *, *, #2272, .T. ) ;
#2628 = DIRECTION ( 'NONE',  ( 0.000000000000000000, -1.000000000000000000, 0.000000000000000000 ) ) ;
#2629 = DIRECTION ( 'NONE',  ( 0.000000000000000000, -1.000000000000000000, 0.000000000000000000 ) ) ;
#2630 = ORIENTED_EDGE ( 'NONE', *, *, #2794, .F. ) ;
#2631 = FACE_OUTER_BOUND ( 'NONE', #861, .T. ) ;
#2632 = EDGE_CURVE ( 'NONE', #1972, #3674, #2189, .T. ) ;
#2633 = VECTOR ( 'NONE', #2311, 1000.000000000000000 ) ;
#2634 = VECTOR ( 'NONE', #1712, 1000.000000000000000 ) ;
#2635 = DIRECTION ( 'NONE',  ( 1.000000000000000000, 0.000000000000000000, 0.000000000000000000 ) ) ;
#2636 = DIRECTION ( 'NONE',  ( -1.000000000000000000, 0.000000000000000000, -0.000000000000000000 ) ) ;
#2637 = CARTESIAN_POINT ( 'NONE',  ( 0.000000000000000000, -0.01000000000000002623, 2.206718403488665103 ) ) ;
#2638 = AXIS2_PLACEMENT_3D ( 'NONE', #2034, #842, #1632 ) ;
#2639 = FACE_OUTER_BOUND ( 'NONE', #1775, .T. ) ;
#2640 = DIRECTION ( 'NONE',  ( -1.000000000000000000, 0.000000000000000000, 1.927470528863108300E-15 ) ) ;
#2641 = FACE_OUTER_BOUND ( 'NONE', #1111, .T. ) ;
#2642 = CARTESIAN_POINT ( 'NONE',  ( -34.36303808268226589, 0.000000000000000000, 9.606718403488663682 ) ) ;
#2643 = EDGE_LOOP ( 'NONE', ( #4357, #3219, #293, #4164 ) ) ;
#2644 = VERTEX_POINT ( 'NONE', #2112 ) ;
#2645 = CARTESIAN_POINT ( 'NONE',  ( -43.16303808268223463, 0.000000000000000000, 5.506718403488664926 ) ) ;
#2646 = APPROVAL_DATE_TIME ( #3049, #3791 ) ;
#2647 = AXIS2_PLACEMENT_3D ( 'NONE', #26, #2135, #5004 ) ;
#2648 = DIRECTION ( 'NONE',  ( 0.000000000000000000, 0.000000000000000000, -1.000000000000000000 ) ) ;
#2649 = VERTEX_POINT ( 'NONE', #3765 ) ;
#2650 = CARTESIAN_POINT ( 'NONE',  ( -3.957789346532140723E-15, -0.01000000000000002623, 4.106718403488697433 ) ) ;
#2651 = ORIENTED_EDGE ( 'NONE', *, *, #3721, .T. ) ;
#2652 = EDGE_LOOP ( 'NONE', ( #3513, #3426, #342, #610 ) ) ;
#2653 = FACE_OUTER_BOUND ( 'NONE', #1354, .T. ) ;
#2654 = CARTESIAN_POINT ( 'NONE',  ( -34.36303808268226589, 0.000000000000000000, 7.006718403488665814 ) ) ;
#2655 = VECTOR ( 'NONE', #4992, 1000.000000000000000 ) ;
#2656 = ORIENTED_EDGE ( 'NONE', *, *, #184, .T. ) ;
#2657 = DIRECTION ( 'NONE',  ( 1.000000000000000000, -0.000000000000000000, 0.000000000000000000 ) ) ;
#2658 = ORIENTED_EDGE ( 'NONE', *, *, #3585, .F. ) ;
#2659 = DIRECTION ( 'NONE',  ( 0.000000000000000000, 1.000000000000000000, 0.000000000000000000 ) ) ;
#2660 = DIRECTION ( 'NONE',  ( -1.000000000000000000, 0.000000000000000000, 0.000000000000000000 ) ) ;
#2661 = DIRECTION ( 'NONE',  ( -1.000000000000000000, 0.000000000000000000, 9.637352644315616444E-16 ) ) ;
#2662 = PLANE ( 'NONE',  #729 ) ;
#2663 = DIRECTION ( 'NONE',  ( 0.000000000000000000, 0.000000000000000000, -1.000000000000000000 ) ) ;
#2664 = CARTESIAN_POINT ( 'NONE',  ( -34.36303808268225879, 0.6500000000000000222, 11.00671840348866404 ) ) ;
#2665 = DIRECTION ( 'NONE',  ( 0.000000000000000000, 0.000000000000000000, 1.000000000000000000 ) ) ;
#2666 = LINE ( 'NONE', #2233, #4843 ) ;
#2667 = VERTEX_POINT ( 'NONE', #55 ) ;
#2668 = EDGE_CURVE ( 'NONE', #4278, #3596, #3735, .T. ) ;
#2669 = ORIENTED_EDGE ( 'NONE', *, *, #3657, .F. ) ;
#2670 = VECTOR ( 'NONE', #4136, 1000.000000000000000 ) ;
#2671 = CARTESIAN_POINT ( 'NONE',  ( -34.75155472807056611, -0.01000000000000002623, 11.98732127763674171 ) ) ;
#2672 = EDGE_CURVE ( 'NONE', #3674, #4054, #490, .T. ) ;
#2673 = EDGE_CURVE ( 'NONE', #4443, #1415, #3922, .T. ) ;
#2674 = ADVANCED_FACE ( 'NONE', ( #215 ), #4359, .F. ) ;
#2675 = DIRECTION ( 'NONE',  ( -1.000000000000000000, 0.000000000000000000, -0.000000000000000000 ) ) ;
#2676 = ORIENTED_EDGE ( 'NONE', *, *, #4209, .T. ) ;
#2677 = CARTESIAN_POINT ( 'NONE',  ( -44.06303808268223321, -0.01000000000000002623, 0.000000000000000000 ) ) ;
#2678 = VERTEX_POINT ( 'NONE', #1814 ) ;
#2679 = ORIENTED_EDGE ( 'NONE', *, *, #359, .T. ) ;
#2680 = DIRECTION ( 'NONE',  ( 0.000000000000000000, -1.000000000000000000, 0.000000000000000000 ) ) ;
#2681 = DIRECTION ( 'NONE',  ( 0.000000000000000000, 0.000000000000000000, -1.000000000000000000 ) ) ;
#2682 = EDGE_CURVE ( 'NONE', #3977, #3477, #2728, .T. ) ;
#2683 = EDGE_CURVE ( 'NONE', #1191, #3389, #3542, .T. ) ;
#2684 = ORIENTED_EDGE ( 'NONE', *, *, #4345, .F. ) ;
#2685 = LINE ( 'NONE', #3545, #2797 ) ;
#2686 = ORIENTED_EDGE ( 'NONE', *, *, #419, .F. ) ;
#2687 = DIRECTION ( 'NONE',  ( 1.000000000000000000, 0.000000000000000000, 0.000000000000000000 ) ) ;
#2688 = DIRECTION ( 'NONE',  ( 0.000000000000000000, -0.000000000000000000, -1.000000000000000000 ) ) ;
#2689 = PLANE ( 'NONE',  #1935 ) ;
#2690 = VECTOR ( 'NONE', #3969, 1000.000000000000000 ) ;
#2691 = DIRECTION ( 'NONE',  ( -0.000000000000000000, -1.000000000000000000, -0.000000000000000000 ) ) ;
#2692 = DIRECTION ( 'NONE',  ( 0.000000000000000000, 0.000000000000000000, -1.000000000000000000 ) ) ;
#2693 = CARTESIAN_POINT ( 'NONE',  ( -35.26303808268225737, -0.01000000000000002623, 9.906718403488664393 ) ) ;
#2694 = DIRECTION ( 'NONE',  ( 0.000000000000000000, 0.000000000000000000, -1.000000000000000000 ) ) ;
#2695 = VERTEX_POINT ( 'NONE', #1491 ) ;
#2696 = ORIENTED_EDGE ( 'NONE', *, *, #1252, .F. ) ;
#2697 = CARTESIAN_POINT ( 'NONE',  ( -43.70131370585286845, -0.01000000000000002623, 11.98732127763674171 ) ) ;
#2698 = ADVANCED_FACE ( 'NONE', ( #644 ), #5114, .F. ) ;
#2699 = ORIENTED_EDGE ( 'NONE', *, *, #711, .F. ) ;
#2700 = DIRECTION ( 'NONE',  ( 0.000000000000000000, 0.000000000000000000, 1.000000000000000000 ) ) ;
#2701 = ORIENTED_EDGE ( 'NONE', *, *, #1753, .F. ) ;
#2702 = EDGE_LOOP ( 'NONE', ( #781, #4129, #2497, #1046 ) ) ;
#2703 = DIRECTION ( 'NONE',  ( 0.000000000000000000, 0.000000000000000000, 1.000000000000000000 ) ) ;
#2704 = DIRECTION ( 'NONE',  ( 0.000000000000000000, 1.000000000000000000, 0.000000000000000000 ) ) ;
#2705 = VECTOR ( 'NONE', #3111, 1000.000000000000000 ) ;
#2706 = EDGE_LOOP ( 'NONE', ( #4202, #1296, #3087, #4201 ) ) ;
#2707 = LINE ( 'NONE', #1930, #4421 ) ;
#2708 = ORIENTED_EDGE ( 'NONE', *, *, #1451, .T. ) ;
#2709 = CARTESIAN_POINT ( 'NONE',  ( -43.16303808268224884, 0.000000000000000000, 10.70671840348866333 ) ) ;
#2710 = DIRECTION ( 'NONE',  ( -0.000000000000000000, -0.000000000000000000, -1.000000000000000000 ) ) ;
#2711 = ADVANCED_FACE ( 'NONE', ( #4739 ), #1873, .F. ) ;
#2712 = CARTESIAN_POINT ( 'NONE',  ( -34.36303808268228011, 0.6500000000000000222, 3.506718403488664926 ) ) ;
#2713 = VECTOR ( 'NONE', #2175, 1000.000000000000000 ) ;
#2714 = CARTESIAN_POINT ( 'NONE',  ( -1.639644902006208986E-14, -0.01000000000000002623, 8.506718403488731539 ) ) ;
#2715 = VECTOR ( 'NONE', #2495, 1000.000000000000000 ) ;
#2716 = FACE_OUTER_BOUND ( 'NONE', #4945, .T. ) ;
#2718 = LINE ( 'NONE', #1530, #2372 ) ;
#2717 = AXIS2_PLACEMENT_3D ( 'NONE', #3960, #4770, #708 ) ;
#2719 = DIRECTION ( 'NONE',  ( 0.000000000000000000, -1.000000000000000000, 0.000000000000000000 ) ) ;
#2720 = LINE ( 'NONE', #4325, #3201 ) ;
#2721 = ORIENTED_EDGE ( 'NONE', *, *, #2573, .T. ) ;
#2722 = ORIENTED_EDGE ( 'NONE', *, *, #116, .F. ) ;
#2723 = DIRECTION ( 'NONE',  ( 0.000000000000000000, 0.000000000000000000, 1.000000000000000000 ) ) ;
#2724 = ORIENTED_EDGE ( 'NONE', *, *, #884, .T. ) ;
#2725 = LINE ( 'NONE', #3085, #3770 ) ;
#2726 = ORIENTED_EDGE ( 'NONE', *, *, #3460, .T. ) ;
#2727 = ORIENTED_EDGE ( 'NONE', *, *, #236, .F. ) ;
#2728 = LINE ( 'NONE', #1006, #5031 ) ;
#2729 = CARTESIAN_POINT ( 'NONE',  ( -44.06303808268224742, 0.000000000000000000, 10.70671840348866510 ) ) ;
#2730 = VERTEX_POINT ( 'NONE', #4283 ) ;
#2731 = CARTESIAN_POINT ( 'NONE',  ( -43.16303808268224884, 0.000000000000000000, 11.80671840348866297 ) ) ;
#2732 = VECTOR ( 'NONE', #4306, 1000.000000000000000 ) ;
#2733 = ORIENTED_EDGE ( 'NONE', *, *, #5317, .F. ) ;
#2734 = LINE ( 'NONE', #4236, #795 ) ;
#2735 = CARTESIAN_POINT ( 'NONE',  ( -44.06303808268223321, 0.000000000000000000, 7.406718403488665281 ) ) ;
#2736 = EDGE_CURVE ( 'NONE', #3944, #3477, #157, .T. ) ;
#2737 = EDGE_CURVE ( 'NONE', #2382, #1398, #3056, .T. ) ;
#2738 = EDGE_CURVE ( 'NONE', #4054, #2940, #3137, .T. ) ;
#2739 = EDGE_CURVE ( 'NONE', #3180, #5188, #4713, .T. ) ;
#2740 = EDGE_CURVE ( 'NONE', #72, #2922, #1054, .T. ) ;
#2741 = CARTESIAN_POINT ( 'NONE',  ( -35.92667611258123372, -1.010000000000000009, 2.021237579218202463 ) ) ;
#2742 = LINE ( 'NONE', #2796, #385 ) ;
#2743 = DIRECTION ( 'NONE',  ( -0.000000000000000000, -1.000000000000000000, -0.000000000000000000 ) ) ;
#2744 = DIRECTION ( 'NONE',  ( -0.000000000000000000, -1.000000000000000000, -0.000000000000000000 ) ) ;
#2745 = CARTESIAN_POINT ( 'NONE',  ( -44.06303808268222610, 0.000000000000000000, 5.206718403488665103 ) ) ;
#2746 = ORIENTED_EDGE ( 'NONE', *, *, #1826, .F. ) ;
#2747 = FACE_OUTER_BOUND ( 'NONE', #1211, .T. ) ;
#2748 = VERTEX_POINT ( 'NONE', #4389 ) ;
#2749 = ADVANCED_FACE ( 'NONE', ( #2653 ), #2300, .F. ) ;
#2750 = LOCAL_TIME ( 19, 20, 10.00000000000000000, #586 ) ;
#2751 = CARTESIAN_POINT ( 'NONE',  ( -35.26303808268226447, 0.000000000000000000, 7.406718403488664393 ) ) ;
#2752 = VERTEX_POINT ( 'NONE', #4310 ) ;
#2753 = VERTEX_POINT ( 'NONE', #673 ) ;
#2754 = CARTESIAN_POINT ( 'NONE',  ( -43.70131370585286845, -0.01000000000000002623, 11.98732127763674171 ) ) ;
#2755 = LINE ( 'NONE', #618, #5001 ) ;
#2756 = ORIENTED_EDGE ( 'NONE', *, *, #5317, .T. ) ;
#2757 = ORIENTED_EDGE ( 'NONE', *, *, #4509, .F. ) ;
#2758 = CARTESIAN_POINT ( 'NONE',  ( -43.16303808268224174, -0.01000000000000002623, 8.806718403488666524 ) ) ;
#2759 = ORIENTED_EDGE ( 'NONE', *, *, #2371, .F. ) ;
#2760 = PLANE ( 'NONE',  #2611 ) ;
#2761 = PLANE ( 'NONE',  #2549 ) ;
#2762 = EDGE_CURVE ( 'NONE', #2776, #4388, #2325, .T. ) ;
#2763 = EDGE_CURVE ( 'NONE', #4394, #3358, #3088, .T. ) ;
#2764 = DIRECTION ( 'NONE',  ( 0.000000000000000000, 1.000000000000000000, 0.000000000000000000 ) ) ;
#2765 = ADVANCED_FACE ( 'NONE', ( #3870 ), #1923, .F. ) ;
#2766 = DIRECTION ( 'NONE',  ( 0.000000000000000000, 1.000000000000000000, 0.000000000000000000 ) ) ;
#2767 = CARTESIAN_POINT ( 'NONE',  ( -42.49940005278327959, -1.010000000000000009, 11.99219922775913005 ) ) ;
#2768 = VECTOR ( 'NONE', #1316, 1000.000000000000000 ) ;
#2769 = VERTEX_POINT ( 'NONE', #975 ) ;
#2770 = PLANE ( 'NONE',  #4371 ) ;
#2771 = DIRECTION ( 'NONE',  ( -0.000000000000000000, -0.000000000000000000, 1.000000000000000000 ) ) ;
#2772 = VERTEX_POINT ( 'NONE', #2219 ) ;
#2773 = DIRECTION ( 'NONE',  ( 0.000000000000000000, -1.000000000000000000, 0.000000000000000000 ) ) ;
#2774 = EDGE_CURVE ( 'NONE', #5278, #4833, #4465, .T. ) ;
#2775 = VECTOR ( 'NONE', #538, 1000.000000000000000 ) ;
#2776 = VERTEX_POINT ( 'NONE', #3597 ) ;
#2777 = PLANE ( 'NONE',  #2559 ) ;
#2778 = ORIENTED_EDGE ( 'NONE', *, *, #3527, .T. ) ;
#2779 = ORIENTED_EDGE ( 'NONE', *, *, #1664, .F. ) ;
#2780 = DIRECTION ( 'NONE',  ( -1.000000000000000000, 0.000000000000000000, -2.312964634635743529E-14 ) ) ;
#2781 = LINE ( 'NONE', #4083, #3359 ) ;
#2782 = AXIS2_PLACEMENT_3D ( 'NONE', #1735, #135, #3817 ) ;
#2783 = ADVANCED_FACE ( 'NONE', ( #5299 ), #1212, .F. ) ;
#2784 = ORIENTED_EDGE ( 'NONE', *, *, #1781, .F. ) ;
#2785 = VERTEX_POINT ( 'NONE', #5222 ) ;
#2786 = PLANE ( 'NONE',  #3599 ) ;
#2787 = PERSON_AND_ORGANIZATION_ROLE ( 'classification_officer' ) ;
#2788 = ORIENTED_EDGE ( 'NONE', *, *, #4332, .F. ) ;
#2789 = CARTESIAN_POINT ( 'NONE',  ( -34.36303808268245064, -0.01000000000000002623, 7.948049182388551082E-13 ) ) ;
#2790 = CARTESIAN_POINT ( 'NONE',  ( -42.49940005278327959, -1.010000000000000009, 2.027399959825791687 ) ) ;
#2791 = VECTOR ( 'NONE', #570, 1000.000000000000000 ) ;
#2792 = VECTOR ( 'NONE', #390, 1000.000000000000000 ) ;
#2793 = AXIS2_PLACEMENT_3D ( 'NONE', #476, #2046, #5348 ) ;
#2794 = EDGE_CURVE ( 'NONE', #2776, #3271, #1594, .T. ) ;
#2795 = FACE_OUTER_BOUND ( 'NONE', #2146, .T. ) ;
#2796 = CARTESIAN_POINT ( 'NONE',  ( -34.36303808268226589, 0.000000000000000000, 7.406718403488665281 ) ) ;
#2797 = VECTOR ( 'NONE', #5147, 1000.000000000000000 ) ;
#2798 = LINE ( 'NONE', #605, #3382 ) ;
#2799 = VECTOR ( 'NONE', #1581, 1000.000000000000000 ) ;
#2800 = ORIENTED_EDGE ( 'NONE', *, *, #3402, .T. ) ;
#2801 = CARTESIAN_POINT ( 'NONE',  ( 0.000000000000000000, -0.01000000000000002623, 9.606718403488663682 ) ) ;
#2802 = DIRECTION ( 'NONE',  ( 0.000000000000000000, 0.000000000000000000, 1.000000000000000000 ) ) ;
#2803 = VERTEX_POINT ( 'NONE', #757 ) ;
#2804 = CARTESIAN_POINT ( 'NONE',  ( -35.26303808268227158, -0.01000000000000002623, 0.000000000000000000 ) ) ;
#2805 = CIRCLE ( 'NONE', #469, 0.2000000000000000944 ) ;
#2806 = AXIS2_PLACEMENT_3D ( 'NONE', #367, #5345, #1718 ) ;
#2807 = VECTOR ( 'NONE', #1473, 1000.000000000000000 ) ;
#2808 = ORIENTED_EDGE ( 'NONE', *, *, #1175, .T. ) ;
#2809 = DIRECTION ( 'NONE',  ( 0.000000000000000000, 0.000000000000000000, -1.000000000000000000 ) ) ;
#2810 = ORIENTED_EDGE ( 'NONE', *, *, #3308, .F. ) ;
#2811 = ORIENTED_EDGE ( 'NONE', *, *, #3317, .F. ) ;
#2812 = CARTESIAN_POINT ( 'NONE',  ( -35.26303808268226447, -0.01000000000000002623, 8.506718403488664038 ) ) ;
#2813 = DIRECTION ( 'NONE',  ( 0.000000000000000000, 0.000000000000000000, -1.000000000000000000 ) ) ;
#2814 = AXIS2_PLACEMENT_3D ( 'NONE', #5115, #3357, #3457 ) ;
#2815 = VERTEX_POINT ( 'NONE', #3620 ) ;
#2816 = ORIENTED_EDGE ( 'NONE', *, *, #587, .F. ) ;
#2817 = LINE ( 'NONE', #3278, #3661 ) ;
#2818 = ORIENTED_EDGE ( 'NONE', *, *, #2335, .F. ) ;
#2819 = CARTESIAN_POINT ( 'NONE',  ( -34.36303808268228011, 0.000000000000000000, 4.106718403488664570 ) ) ;
#2820 = LINE ( 'NONE', #2060, #4968 ) ;
#2821 = VECTOR ( 'NONE', #4056, 1000.000000000000000 ) ;
#2822 = EDGE_CURVE ( 'NONE', #2413, #1026, #4033, .T. ) ;
#2823 = LINE ( 'NONE', #4477, #1518 ) ;
#2824 = DIRECTION ( 'NONE',  ( -0.000000000000000000, -0.000000000000000000, 1.000000000000000000 ) ) ;
#2825 = VECTOR ( 'NONE', #2955, 1000.000000000000000 ) ;
#2826 = DIRECTION ( 'NONE',  ( 0.000000000000000000, 1.000000000000000000, 0.000000000000000000 ) ) ;
#2827 = EDGE_LOOP ( 'NONE', ( #3559, #3108, #4274, #2136, #5200 ) ) ;
#2828 = CARTESIAN_POINT ( 'NONE',  ( -35.92667611258123372, -1.010000000000000009, 11.98732127763674171 ) ) ;
#2829 = CARTESIAN_POINT ( 'NONE',  ( -42.49940005278327959, -1.010000000000000009, 2.021237579218202463 ) ) ;
#2830 = ORIENTED_EDGE ( 'NONE', *, *, #1417, .T. ) ;
#2831 = LINE ( 'NONE', #1207, #4695 ) ;
#2832 = PRODUCT_RELATED_PRODUCT_CATEGORY ( 'detail', '', ( #4935 ) ) ;
#2833 = DIRECTION ( 'NONE',  ( 0.000000000000000000, 0.000000000000000000, 1.000000000000000000 ) ) ;
#2834 = EDGE_CURVE ( 'NONE', #1206, #4840, #2403, .T. ) ;
#2835 = ADVANCED_FACE ( 'NONE', ( #3212 ), #4863, .T. ) ;
#2836 = CARTESIAN_POINT ( 'NONE',  ( -44.06303808268223321, 0.000000000000000000, 6.106718403488664570 ) ) ;
#2837 = ORIENTED_EDGE ( 'NONE', *, *, #2318, .F. ) ;
#2838 = ORIENTED_EDGE ( 'NONE', *, *, #1313, .T. ) ;
#2839 = FACE_OUTER_BOUND ( 'NONE', #2475, .T. ) ;
#2840 = LINE ( 'NONE', #4466, #5179 ) ;
#2841 = EDGE_CURVE ( 'NONE', #329, #3341, #3676, .T. ) ;
#2842 = AXIS2_PLACEMENT_3D ( 'NONE', #5332, #3726, #2813 ) ;
#2843 = EDGE_LOOP ( 'NONE', ( #2855, #4938, #160, #4480 ) ) ;
#2844 = ORIENTED_EDGE ( 'NONE', *, *, #4659, .F. ) ;
#2845 = LINE ( 'NONE', #4063, #2101 ) ;
#2846 = CALENDAR_DATE ( 2024, 26, 11 ) ;
#2847 = ADVANCED_FACE ( 'NONE', ( #2430 ), #4516, .F. ) ;
#2848 = ORIENTED_EDGE ( 'NONE', *, *, #2736, .T. ) ;
#2849 = LINE ( 'NONE', #4841, #5118 ) ;
#2850 = CARTESIAN_POINT ( 'NONE',  ( -44.06303808268225453, -0.01000000000000002623, 11.00671840348866404 ) ) ;
#2851 = ADVANCED_FACE ( 'NONE', ( #4110 ), #5247, .F. ) ;
#2852 = DIRECTION ( 'NONE',  ( 1.000000000000000000, -0.000000000000000000, 0.000000000000000000 ) ) ;
#2853 = DIRECTION ( 'NONE',  ( -1.000000000000000000, 0.000000000000000000, -0.000000000000000000 ) ) ;
#2854 = CARTESIAN_POINT ( 'NONE',  ( -44.06303808268221900, 0.6500000000000000222, -0.000000000000000000 ) ) ;
#2855 = ORIENTED_EDGE ( 'NONE', *, *, #4859, .T. ) ;
#2856 = CARTESIAN_POINT ( 'NONE',  ( -34.36303808268235827, -0.01000000000000002623, 7.948049182388530887E-13 ) ) ;
#2857 = LINE ( 'NONE', #2123, #4474 ) ;
#2858 = ORIENTED_EDGE ( 'NONE', *, *, #4032, .T. ) ;
#2859 = DIRECTION ( 'NONE',  ( 0.000000000000000000, 0.000000000000000000, 1.000000000000000000 ) ) ;
#2860 = VECTOR ( 'NONE', #4699, 1000.000000000000000 ) ;
#2861 = FACE_OUTER_BOUND ( 'NONE', #238, .T. ) ;
#2862 = FACE_OUTER_BOUND ( 'NONE', #3913, .T. ) ;
#2863 = ORIENTED_EDGE ( 'NONE', *, *, #4988, .T. ) ;
#2864 = ORIENTED_EDGE ( 'NONE', *, *, #2603, .T. ) ;
#2865 = EDGE_CURVE ( 'NONE', #3945, #827, #4410, .T. ) ;
#2866 = DIRECTION ( 'NONE',  ( -2.312964634635743529E-14, 0.000000000000000000, 1.000000000000000000 ) ) ;
#2867 = DIRECTION ( 'NONE',  ( 0.000000000000000000, -0.000000000000000000, -1.000000000000000000 ) ) ;
#2868 = ORIENTED_EDGE ( 'NONE', *, *, #5082, .F. ) ;
#2869 = ORIENTED_EDGE ( 'NONE', *, *, #2253, .T. ) ;
#2870 = VECTOR ( 'NONE', #3713, 1000.000000000000000 ) ;
#2871 = DIRECTION ( 'NONE',  ( -0.000000000000000000, -0.000000000000000000, 1.000000000000000000 ) ) ;
#2872 = ORIENTED_EDGE ( 'NONE', *, *, #1214, .F. ) ;
#2873 = LINE ( 'NONE', #4523, #3999 ) ;
#2874 = CARTESIAN_POINT ( 'NONE',  ( -44.06303808268224742, 0.000000000000000000, 9.406718403488666169 ) ) ;
#2875 = VECTOR ( 'NONE', #4653, 1000.000000000000000 ) ;
#2876 = VECTOR ( 'NONE', #1349, 1000.000000000000000 ) ;
#2877 = DIRECTION ( 'NONE',  ( -1.000000000000000000, 0.000000000000000000, 2.312964634635743529E-14 ) ) ;
#2878 = AXIS2_PLACEMENT_3D ( 'NONE', #3803, #1264, #2859 ) ;
#2879 = EDGE_CURVE ( 'NONE', #4335, #566, #5331, .T. ) ;
#2880 = DIRECTION ( 'NONE',  ( -1.000000000000000000, 0.000000000000000000, 0.000000000000000000 ) ) ;
#2881 = DIRECTION ( 'NONE',  ( 0.000000000000000000, 1.000000000000000000, 0.000000000000000000 ) ) ;
#2882 = CARTESIAN_POINT ( 'NONE',  ( -43.16303808268223463, 0.000000000000000000, 6.606718403488665459 ) ) ;
#2883 = VERTEX_POINT ( 'NONE', #808 ) ;
#2884 = CARTESIAN_POINT ( 'NONE',  ( -35.92667611258123372, -0.01000000000000002623, 11.99219922775913005 ) ) ;
#2885 = CARTESIAN_POINT ( 'NONE',  ( -44.06303808268224742, 0.6500000000000000222, 9.006718403488664038 ) ) ;
#2886 = DIRECTION ( 'NONE',  ( 0.000000000000000000, 0.000000000000000000, 1.000000000000000000 ) ) ;
#2887 = ORIENTED_EDGE ( 'NONE', *, *, #2103, .T. ) ;
#2888 = ORIENTED_EDGE ( 'NONE', *, *, #5217, .F. ) ;
#2889 = FACE_OUTER_BOUND ( 'NONE', #3846, .T. ) ;
#2890 = FACE_OUTER_BOUND ( 'NONE', #4514, .T. ) ;
#2891 = VECTOR ( 'NONE', #2744, 1000.000000000000000 ) ;
#2892 = ORIENTED_EDGE ( 'NONE', *, *, #4661, .T. ) ;
#2893 = VERTEX_POINT ( 'NONE', #326 ) ;
#2894 = DIRECTION ( 'NONE',  ( -0.000000000000000000, -1.000000000000000000, -0.000000000000000000 ) ) ;
#2895 = ORIENTED_EDGE ( 'NONE', *, *, #5095, .F. ) ;
#2896 = ORIENTED_EDGE ( 'NONE', *, *, #1587, .T. ) ;
#2897 = DIRECTION ( 'NONE',  ( 0.000000000000000000, 1.000000000000000000, 0.000000000000000000 ) ) ;
#2898 = CARTESIAN_POINT ( 'NONE',  ( -34.36303808268227300, 0.6500000000000000222, 5.906718403488665281 ) ) ;
#2899 = VECTOR ( 'NONE', #5178, 1000.000000000000000 ) ;
#2900 = EDGE_CURVE ( 'NONE', #2803, #2667, #3248, .T. ) ;
#2901 = LINE ( 'NONE', #4554, #5315 ) ;
#2902 = EDGE_CURVE ( 'NONE', #3945, #3622, #3161, .T. ) ;
#2903 = EDGE_CURVE ( 'NONE', #4368, #566, #5295, .T. ) ;
#2904 = ADVANCED_FACE ( 'NONE', ( #2839 ), #727, .F. ) ;
#2905 = ADVANCED_FACE ( 'NONE', ( #4922 ), #3273, .F. ) ;
#2906 = DIRECTION ( 'NONE',  ( 1.000000000000000000, 0.000000000000000000, 1.927470528863123289E-15 ) ) ;
#2907 = DIRECTION ( 'NONE',  ( 0.000000000000000000, 0.000000000000000000, 1.000000000000000000 ) ) ;
#2908 = FACE_OUTER_BOUND ( 'NONE', #4024, .T. ) ;
#2909 = ORIENTED_EDGE ( 'NONE', *, *, #5022, .F. ) ;
#2910 = CARTESIAN_POINT ( 'NONE',  ( -43.70131370585286845, -0.01000000000000002623, 5.506718403488664926 ) ) ;
#2911 = VECTOR ( 'NONE', #1583, 1000.000000000000000 ) ;
#2912 = DIRECTION ( 'NONE',  ( -1.000000000000000000, 0.000000000000000000, 0.000000000000000000 ) ) ;
#2913 = DIRECTION ( 'NONE',  ( -2.312964634635743529E-14, 0.000000000000000000, 1.000000000000000000 ) ) ;
#2914 = ORIENTED_EDGE ( 'NONE', *, *, #589, .F. ) ;
#2915 = VERTEX_POINT ( 'NONE', #882 ) ;
#2916 = CARTESIAN_POINT ( 'NONE',  ( -35.26303808268228579, -0.01000000000000002623, 3.006718403488663593 ) ) ;
#2917 = DATE_AND_TIME ( #1271, #4485 ) ;
#2918 = ORIENTED_EDGE ( 'NONE', *, *, #1432, .T. ) ;
#2919 = EDGE_LOOP ( 'NONE', ( #4280, #4679, #1263, #4671 ) ) ;
#2920 = LINE ( 'NONE', #921, #4293 ) ;
#2921 = ORIENTED_EDGE ( 'NONE', *, *, #3989, .T. ) ;
#2922 = VERTEX_POINT ( 'NONE', #450 ) ;
#2923 = CARTESIAN_POINT ( 'NONE',  ( -44.06303808268222610, -0.01000000000000002623, 5.206718403488665103 ) ) ;
#2924 = LINE ( 'NONE', #334, #1955 ) ;
#2925 = VECTOR ( 'NONE', #4390, 1000.000000000000000 ) ;
#2926 = FACE_OUTER_BOUND ( 'NONE', #2032, .T. ) ;
#2927 = PLANE ( 'NONE',  #2528 ) ;
#2928 = ADVANCED_FACE ( 'NONE', ( #74 ), #1649, .T. ) ;
#2929 = DIRECTION ( 'NONE',  ( -0.000000000000000000, -1.000000000000000000, -0.000000000000000000 ) ) ;
#2930 = DIRECTION ( 'NONE',  ( -0.000000000000000000, -1.000000000000000000, 0.000000000000000000 ) ) ;
#2931 = ORIENTED_EDGE ( 'NONE', *, *, #2673, .T. ) ;
#2932 = CYLINDRICAL_SURFACE ( 'NONE', #1585, 0.2000000000000005107 ) ;
#2933 = DIRECTION ( 'NONE',  ( 0.000000000000000000, 0.000000000000000000, 1.000000000000000000 ) ) ;
#2934 = CARTESIAN_POINT ( 'NONE',  ( -44.06303808268211242, -0.01000000000000002623, -1.019162487798516774E-12 ) ) ;
#2935 = ORIENTED_EDGE ( 'NONE', *, *, #3361, .T. ) ;
#2936 = VERTEX_POINT ( 'NONE', #942 ) ;
#2937 = DIRECTION ( 'NONE',  ( -0.000000000000000000, -1.000000000000000000, -0.000000000000000000 ) ) ;
#2938 = ADVANCED_FACE ( 'NONE', ( #4135 ), #3322, .F. ) ;
#2939 = EDGE_CURVE ( 'NONE', #5145, #3463, #2074, .T. ) ;
#2940 = VERTEX_POINT ( 'NONE', #425 ) ;
#2941 = VERTEX_POINT ( 'NONE', #1270 ) ;
#2942 = AXIS2_PLACEMENT_3D ( 'NONE', #1209, #1561, #4107 ) ;
#2943 = CARTESIAN_POINT ( 'NONE',  ( -44.06303808268222610, 0.6500000000000000222, 3.506718403488664926 ) ) ;
#2944 = VERTEX_POINT ( 'NONE', #2916 ) ;
#2945 = ORIENTED_EDGE ( 'NONE', *, *, #2601, .T. ) ;
#2946 = LINE ( 'NONE', #4253, #537 ) ;
#2947 = CARTESIAN_POINT ( 'NONE',  ( -34.75155472807056611, -0.01000000000000002623, 8.806718403488666524 ) ) ;
#2948 = EDGE_CURVE ( 'NONE', #3841, #1078, #3401, .T. ) ;
#2949 = VECTOR ( 'NONE', #3169, 1000.000000000000000 ) ;
#2950 = ORIENTED_EDGE ( 'NONE', *, *, #1251, .F. ) ;
#2951 = DIRECTION ( 'NONE',  ( 0.000000000000000000, 0.000000000000000000, 1.000000000000000000 ) ) ;
#2952 = VECTOR ( 'NONE', #2438, 1000.000000000000000 ) ;
#2953 = CARTESIAN_POINT ( 'NONE',  ( 0.000000000000000000, -0.01000000000000002623, 0.000000000000000000 ) ) ;
#2954 = PLANE ( 'NONE',  #2806 ) ;
#2955 = DIRECTION ( 'NONE',  ( 1.000000000000000000, 0.000000000000000000, 1.927470528863123289E-15 ) ) ;
#2956 = ORIENTED_EDGE ( 'NONE', *, *, #2037, .F. ) ;
#2957 = DIRECTION ( 'NONE',  ( -0.000000000000000000, -0.000000000000000000, 1.000000000000000000 ) ) ;
#2958 = AXIS2_PLACEMENT_3D ( 'NONE', #5142, #2628, #2244 ) ;
#2959 = VECTOR ( 'NONE', #338, 1000.000000000000000 ) ;
#2960 = CARTESIAN_POINT ( 'NONE',  ( -34.75155472807056611, -0.01000000000000002623, 11.98732127763674171 ) ) ;
#2961 = CARTESIAN_POINT ( 'NONE',  ( 0.000000000000000000, -0.01000000000000002623, 0.000000000000000000 ) ) ;
#2962 = ORIENTED_EDGE ( 'NONE', *, *, #2948, .F. ) ;
#2963 = EDGE_CURVE ( 'NONE', #2893, #204, #2131, .T. ) ;
#2964 = ORIENTED_EDGE ( 'NONE', *, *, #1713, .T. ) ;
#2965 = FACE_OUTER_BOUND ( 'NONE', #919, .T. ) ;
#2966 = CARTESIAN_POINT ( 'NONE',  ( -34.36303808268227300, 0.6500000000000000222, 4.606718403488665459 ) ) ;
#2967 = ADVANCED_FACE ( 'NONE', ( #2965 ), #4646, .T. ) ;
#2968 = AXIS2_PLACEMENT_3D ( 'NONE', #734, #405, #1193 ) ;
#2969 = DIRECTION ( 'NONE',  ( -1.000000000000000000, 0.000000000000000000, 0.000000000000000000 ) ) ;
#2970 = ORIENTED_EDGE ( 'NONE', *, *, #2063, .T. ) ;
#2971 = ORIENTED_EDGE ( 'NONE', *, *, #1103, .T. ) ;
#2972 = DIRECTION ( 'NONE',  ( 1.000000000000000000, 0.000000000000000000, 0.000000000000000000 ) ) ;
#2973 = ORIENTED_EDGE ( 'NONE', *, *, #3419, .F. ) ;
#2974 = VECTOR ( 'NONE', #3444, 1000.000000000000000 ) ;
#2975 = EDGE_LOOP ( 'NONE', ( #5266, #16, #3091, #1317, #1378 ) ) ;
#2976 = DIRECTION ( 'NONE',  ( 1.000000000000000000, 0.000000000000000000, 0.000000000000000000 ) ) ;
#2977 = LINE ( 'NONE', #56, #4456 ) ;
#2978 = AXIS2_PLACEMENT_3D ( 'NONE', #3850, #1852, #5034 ) ;
#2979 = ORIENTED_EDGE ( 'NONE', *, *, #291, .T. ) ;
#2980 = AXIS2_PLACEMENT_3D ( 'NONE', #5256, #4842, #3145 ) ;
#2981 = CARTESIAN_POINT ( 'NONE',  ( -34.36303808268227300, 0.000000000000000000, 6.306718403488664748 ) ) ;
#2982 = VECTOR ( 'NONE', #951, 1000.000000000000000 ) ;
#2983 = EDGE_CURVE ( 'NONE', #2748, #2785, #3568, .T. ) ;
#2984 = DIRECTION ( 'NONE',  ( 0.000000000000000000, 1.000000000000000000, -0.000000000000000000 ) ) ;
#2985 = LINE ( 'NONE', #4693, #902 ) ;
#2986 = CARTESIAN_POINT ( 'NONE',  ( -44.06303808268223321, 0.6500000000000000222, 7.006718403488665814 ) ) ;
#2987 = CARTESIAN_POINT ( 'NONE',  ( -34.36303808268225879, -0.01000000000000002623, 12.05671840348866475 ) ) ;
#2988 = PLANE ( 'NONE',  #3751 ) ;
#2989 = CIRCLE ( 'NONE', #2305, 0.1999999999999987899 ) ;
#2990 = LINE ( 'NONE', #1042, #638 ) ;
#2991 = CC_DESIGN_PERSON_AND_ORGANIZATION_ASSIGNMENT ( #151, #2787, ( #1116 ) ) ;
#2992 = LINE ( 'NONE', #2693, #749 ) ;
#2993 = CARTESIAN_POINT ( 'NONE',  ( -34.36303808268228011, -0.01000000000000002623, -0.000000000000000000 ) ) ;
#2994 = ORIENTED_EDGE ( 'NONE', *, *, #3308, .T. ) ;
#2995 = ORIENTED_EDGE ( 'NONE', *, *, #4032, .F. ) ;
#2996 = DIRECTION ( 'NONE',  ( 0.000000000000000000, 0.000000000000000000, -1.000000000000000000 ) ) ;
#2997 = APPROVAL_STATUS ( 'not_yet_approved' ) ;
#2998 = AXIS2_PLACEMENT_3D ( 'NONE', #580, #2232, #169 ) ;
#2999 = ADVANCED_FACE ( 'NONE', ( #2534 ), #4190, .F. ) ;
#3000 = EDGE_CURVE ( 'NONE', #513, #5353, #5047, .T. ) ;
#3001 = LINE ( 'NONE', #3812, #3207 ) ;
#3002 = EDGE_CURVE ( 'NONE', #1731, #3399, #2051, .T. ) ;
#3003 = ORIENTED_EDGE ( 'NONE', *, *, #884, .F. ) ;
#3004 = ADVANCED_FACE ( 'NONE', ( #856 ), #2508, .F. ) ;
#3005 = PLANE ( 'NONE',  #4036 ) ;
#3006 = EDGE_LOOP ( 'NONE', ( #3159, #3255, #863, #5213 ) ) ;
#3007 = ORIENTED_EDGE ( 'NONE', *, *, #494, .T. ) ;
#3008 = DIRECTION ( 'NONE',  ( 0.000000000000000000, -0.000000000000000000, 1.000000000000000000 ) ) ;
#3009 = PLANE ( 'NONE',  #2814 ) ;
#3010 = ORIENTED_EDGE ( 'NONE', *, *, #1086, .F. ) ;
#3011 = DIRECTION ( 'NONE',  ( -0.000000000000000000, -1.000000000000000000, -0.000000000000000000 ) ) ;
#3012 = ADVANCED_FACE ( 'NONE', ( #2889 ), #4160, .F. ) ;
#3013 = VECTOR ( 'NONE', #1442, 1000.000000000000000 ) ;
#3014 = LINE ( 'NONE', #5122, #5125 ) ;
#3015 = CARTESIAN_POINT ( 'NONE',  ( -6.078006928281576261E-15, -0.01000000000000002623, 6.306718403488697611 ) ) ;
#3016 = FACE_OUTER_BOUND ( 'NONE', #1534, .T. ) ;
#3017 = PLANE ( 'NONE',  #3583 ) ;
#3018 = CARTESIAN_POINT ( 'NONE',  ( -44.06303808268224742, -0.01000000000000002623, 9.906718403488664393 ) ) ;
#3019 = CARTESIAN_POINT ( 'NONE',  ( -34.36303808268226589, 0.000000000000000000, 9.606718403488663682 ) ) ;
#3020 = PLANE ( 'NONE',  #5340 ) ;
#3021 = CARTESIAN_POINT ( 'NONE',  ( -44.06303808268223321, 0.000000000000000000, 6.306718403488664748 ) ) ;
#3022 = ORIENTED_EDGE ( 'NONE', *, *, #3566, .F. ) ;
#3023 = ORIENTED_EDGE ( 'NONE', *, *, #4940, .T. ) ;
#3024 = DIRECTION ( 'NONE',  ( -1.927470528863123289E-15, 0.000000000000000000, -1.000000000000000000 ) ) ;
#3025 =( NAMED_UNIT ( * ) SI_UNIT ( $, .STERADIAN. ) SOLID_ANGLE_UNIT ( ) );
#3026 = CARTESIAN_POINT ( 'NONE',  ( -43.16303808268222753, 0.000000000000000000, 5.206718403488664215 ) ) ;
#3027 = EDGE_CURVE ( 'NONE', #3651, #541, #4221, .T. ) ;
#3028 = ORIENTED_EDGE ( 'NONE', *, *, #5091, .T. ) ;
#3029 = DIRECTION ( 'NONE',  ( -1.000000000000000000, 0.000000000000000000, -0.000000000000000000 ) ) ;
#3030 = VERTEX_POINT ( 'NONE', #509 ) ;
#3031 = VERTEX_POINT ( 'NONE', #4543 ) ;
#3032 = CARTESIAN_POINT ( 'NONE',  ( -43.70131370585286845, -1.010000000000000009, 2.027399959825791687 ) ) ;
#3033 = CARTESIAN_POINT ( 'NONE',  ( -35.92667611258123372, -1.010000000000000009, 2.021237579218202463 ) ) ;
#3034 = CIRCLE ( 'NONE', #2161, 0.1999999999999996503 ) ;
#3035 = EDGE_LOOP ( 'NONE', ( #3615, #1023, #1246, #76 ) ) ;
#3036 = DIRECTION ( 'NONE',  ( 0.000000000000000000, 0.000000000000000000, 1.000000000000000000 ) ) ;
#3037 = DIRECTION ( 'NONE',  ( 0.000000000000000000, 0.000000000000000000, -1.000000000000000000 ) ) ;
#3038 = LINE ( 'NONE', #3937, #2115 ) ;
#3039 = PLANE ( 'NONE',  #3058 ) ;
#3040 = VECTOR ( 'NONE', #1, 1000.000000000000000 ) ;
#3041 = LINE ( 'NONE', #503, #3929 ) ;
#3042 = DIRECTION ( 'NONE',  ( 0.000000000000000000, 0.000000000000000000, -1.000000000000000000 ) ) ;
#3043 = CARTESIAN_POINT ( 'NONE',  ( -43.16303808268222753, 0.000000000000000000, 5.206718403488664215 ) ) ;
#3044 = LINE ( 'NONE', #3021, #1477 ) ;
#3045 = ORIENTED_EDGE ( 'NONE', *, *, #2279, .T. ) ;
#3046 = VECTOR ( 'NONE', #2996, 1000.000000000000000 ) ;
#3047 = ORIENTED_EDGE ( 'NONE', *, *, #2445, .T. ) ;
#3048 = DIRECTION ( 'NONE',  ( 1.000000000000000000, 0.000000000000000000, 1.927470528863123289E-15 ) ) ;
#3049 = DATE_AND_TIME ( #1401, #2750 ) ;
#3050 = AXIS2_PLACEMENT_3D ( 'NONE', #3268, #1101, #748 ) ;
#3051 = LINE ( 'NONE', #4622, #1133 ) ;
#3052 = ORIENTED_EDGE ( 'NONE', *, *, #4345, .T. ) ;
#3053 = FACE_OUTER_BOUND ( 'NONE', #210, .T. ) ;
#3054 = ORIENTED_EDGE ( 'NONE', *, *, #2865, .F. ) ;
#3055 = ORIENTED_EDGE ( 'NONE', *, *, #2039, .T. ) ;
#3056 = LINE ( 'NONE', #1901, #2179 ) ;
#3057 = DIRECTION ( 'NONE',  ( 0.000000000000000000, 0.000000000000000000, 1.000000000000000000 ) ) ;
#3058 = AXIS2_PLACEMENT_3D ( 'NONE', #4665, #4638, #4694 ) ;
#3059 = ORIENTED_EDGE ( 'NONE', *, *, #4712, .F. ) ;
#3060 = DIRECTION ( 'NONE',  ( 0.000000000000000000, -1.000000000000000000, 0.000000000000000000 ) ) ;
#3061 = ORIENTED_EDGE ( 'NONE', *, *, #2406, .T. ) ;
#3062 = VECTOR ( 'NONE', #909, 1000.000000000000000 ) ;
#3063 = CARTESIAN_POINT ( 'NONE',  ( -44.06303808268222610, 0.6500000000000000222, 3.706718403488665547 ) ) ;
#3064 = AXIS2_PLACEMENT_3D ( 'NONE', #3660, #5314, #2853 ) ;
#3065 = CIRCLE ( 'NONE', #1426, 0.2000000000000005107 ) ;
#3066 = EDGE_CURVE ( 'NONE', #3956, #3279, #2153, .T. ) ;
#3067 = LINE ( 'NONE', #4722, #4441 ) ;
#3068 = EDGE_CURVE ( 'NONE', #2772, #1328, #2261, .T. ) ;
#3069 = ADVANCED_FACE ( 'NONE', ( #1400 ), #3129, .F. ) ;
#3070 = CARTESIAN_POINT ( 'NONE',  ( -3.957789346532140723E-15, -0.01000000000000002623, 4.106718403488697433 ) ) ;
#3071 = EDGE_CURVE ( 'NONE', #3358, #2023, #3427, .T. ) ;
#3072 = CARTESIAN_POINT ( 'NONE',  ( -44.06303808268222610, 0.000000000000000000, 3.306718403488665192 ) ) ;
#3073 = VECTOR ( 'NONE', #1197, 1000.000000000000000 ) ;
#3074 = CARTESIAN_POINT ( 'NONE',  ( -34.36303808268225879, 0.6500000000000000222, 10.10671840348866546 ) ) ;
#3075 = CARTESIAN_POINT ( 'NONE',  ( -43.16303808268223463, 0.000000000000000000, 7.406718403488664393 ) ) ;
#3076 = DIRECTION ( 'NONE',  ( 0.000000000000000000, 0.000000000000000000, -1.000000000000000000 ) ) ;
#3077 = DIRECTION ( 'NONE',  ( 1.000000000000000000, 0.000000000000000000, 0.000000000000000000 ) ) ;
#3078 = VERTEX_POINT ( 'NONE', #173 ) ;
#3079 = VERTEX_POINT ( 'NONE', #4353 ) ;
#3080 = DIRECTION ( 'NONE',  ( 0.000000000000000000, 1.000000000000000000, 0.000000000000000000 ) ) ;
#3081 = EDGE_CURVE ( 'NONE', #2532, #2748, #5189, .T. ) ;
#3082 = VECTOR ( 'NONE', #1898, 1000.000000000000000 ) ;
#3083 = CARTESIAN_POINT ( 'NONE',  ( -34.75155472807056611, -0.01000000000000002623, 11.98732127763674171 ) ) ;
#3084 = ORIENTED_EDGE ( 'NONE', *, *, #1321, .F. ) ;
#3085 = CARTESIAN_POINT ( 'NONE',  ( -42.49940005278327959, -1.010000000000000009, 2.021237579218202463 ) ) ;
#3086 = ORIENTED_EDGE ( 'NONE', *, *, #1417, .F. ) ;
#3087 = ORIENTED_EDGE ( 'NONE', *, *, #4262, .T. ) ;
#3088 = LINE ( 'NONE', #1842, #372 ) ;
#3089 = DIRECTION ( 'NONE',  ( -0.000000000000000000, -1.000000000000000000, 0.000000000000000000 ) ) ;
#3090 = VECTOR ( 'NONE', #232, 1000.000000000000000 ) ;
#3091 = ORIENTED_EDGE ( 'NONE', *, *, #4209, .F. ) ;
#3092 = FACE_OUTER_BOUND ( 'NONE', #458, .T. ) ;
#3093 = ORIENTED_EDGE ( 'NONE', *, *, #4890, .T. ) ;
#3094 = DIRECTION ( 'NONE',  ( -0.000000000000000000, 0.000000000000000000, 1.000000000000000000 ) ) ;
#3095 = DIRECTION ( 'NONE',  ( -1.000000000000000000, 0.000000000000000000, 0.000000000000000000 ) ) ;
#3096 = VECTOR ( 'NONE', #2802, 1000.000000000000000 ) ;
#3097 = DIRECTION ( 'NONE',  ( 0.000000000000000000, 0.000000000000000000, -1.000000000000000000 ) ) ;
#3098 = VECTOR ( 'NONE', #2269, 1000.000000000000000 ) ;
#3099 = DIRECTION ( 'NONE',  ( 0.000000000000000000, 0.000000000000000000, 1.000000000000000000 ) ) ;
#3100 = FACE_OUTER_BOUND ( 'NONE', #1297, .T. ) ;
#3101 = PLANE ( 'NONE',  #4553 ) ;
#3102 = DIRECTION ( 'NONE',  ( 1.000000000000000000, 0.000000000000000000, 0.000000000000000000 ) ) ;
#3103 = ORIENTED_EDGE ( 'NONE', *, *, #2037, .T. ) ;
#3104 = EDGE_LOOP ( 'NONE', ( #3515, #4214, #1905, #4780, #428 ) ) ;
#3105 = LINE ( 'NONE', #534, #282 ) ;
#3106 = ORIENTED_EDGE ( 'NONE', *, *, #3149, .F. ) ;
#3107 = DIRECTION ( 'NONE',  ( 0.000000000000000000, -1.000000000000000000, 0.000000000000000000 ) ) ;
#3108 = ORIENTED_EDGE ( 'NONE', *, *, #5078, .T. ) ;
#3109 = ORIENTED_EDGE ( 'NONE', *, *, #4468, .F. ) ;
#3110 = ADVANCED_FACE ( 'NONE', ( #5133 ), #1778, .F. ) ;
#3111 = DIRECTION ( 'NONE',  ( -1.000000000000000000, -0.000000000000000000, -0.000000000000000000 ) ) ;
#3112 = CARTESIAN_POINT ( 'NONE',  ( -35.92667611258123372, -1.010000000000000009, 2.021237579218202463 ) ) ;
#3113 = EDGE_CURVE ( 'NONE', #2099, #1897, #3480, .T. ) ;
#3114 = ORIENTED_EDGE ( 'NONE', *, *, #2573, .F. ) ;
#3115 = DIRECTION ( 'NONE',  ( -0.000000000000000000, 0.000000000000000000, 1.000000000000000000 ) ) ;
#3116 = ORIENTED_EDGE ( 'NONE', *, *, #4096, .F. ) ;
#3117 = CARTESIAN_POINT ( 'NONE',  ( -43.16303808268222753, -0.01000000000000002623, 3.306718403488665192 ) ) ;
#3118 = LINE ( 'NONE', #1524, #4285 ) ;
#3119 = AXIS2_PLACEMENT_3D ( 'NONE', #2934, #4615, #2913 ) ;
#3120 = CARTESIAN_POINT ( 'NONE',  ( -34.36303808268225879, 0.6500000000000000222, 11.20671840348866510 ) ) ;
#3121 = CARTESIAN_POINT ( 'NONE',  ( -34.75155472807056611, -0.01000000000000002623, 5.506718403488664926 ) ) ;
#3122 = VECTOR ( 'NONE', #1554, 1000.000000000000000 ) ;
#3123 = DIRECTION ( 'NONE',  ( -1.000000000000000000, 0.000000000000000000, -0.000000000000000000 ) ) ;
#3124 = LINE ( 'NONE', #3970, #2891 ) ;
#3125 = FACE_OUTER_BOUND ( 'NONE', #1005, .T. ) ;
#3126 = DIRECTION ( 'NONE',  ( 0.000000000000000000, 0.000000000000000000, -1.000000000000000000 ) ) ;
#3127 = ORIENTED_EDGE ( 'NONE', *, *, #1753, .T. ) ;
#3128 = VERTEX_POINT ( 'NONE', #585 ) ;
#3129 = PLANE ( 'NONE',  #2446 ) ;
#3130 = ORIENTED_EDGE ( 'NONE', *, *, #1714, .T. ) ;
#3131 = EDGE_CURVE ( 'NONE', #5036, #2730, #998, .T. ) ;
#3132 = EDGE_CURVE ( 'NONE', #4469, #1487, #2620, .T. ) ;
#3133 = CARTESIAN_POINT ( 'NONE',  ( -44.06303808268225453, -0.01000000000000002623, 0.000000000000000000 ) ) ;
#3134 = ORIENTED_EDGE ( 'NONE', *, *, #4527, .F. ) ;
#3135 = EDGE_LOOP ( 'NONE', ( #2931, #4381, #2567, #2727, #1600 ) ) ;
#3136 = EDGE_CURVE ( 'NONE', #1536, #2413, #4276, .T. ) ;
#3137 = LINE ( 'NONE', #3032, #453 ) ;
#3138 = CARTESIAN_POINT ( 'NONE',  ( -35.26303808268226447, 0.000000000000000000, 7.706718403488665992 ) ) ;
#3139 = EDGE_CURVE ( 'NONE', #599, #1540, #3886, .T. ) ;
#3140 = AXIS2_PLACEMENT_3D ( 'NONE', #1729, #48, #2563 ) ;
#3141 = ORIENTED_EDGE ( 'NONE', *, *, #2548, .T. ) ;
#3142 = DIRECTION ( 'NONE',  ( 0.000000000000000000, -0.000000000000000000, -1.000000000000000000 ) ) ;
#3143 = ORIENTED_EDGE ( 'NONE', *, *, #835, .T. ) ;
#3144 = CARTESIAN_POINT ( 'NONE',  ( -43.70131370585286845, -1.010000000000000009, 11.98732127763674171 ) ) ;
#3145 = DIRECTION ( 'NONE',  ( -1.000000000000000000, 0.000000000000000000, 0.000000000000000000 ) ) ;
#3146 = LINE ( 'NONE', #1526, #2117 ) ;
#3147 = VECTOR ( 'NONE', #554, 1000.000000000000000 ) ;
#3148 = CARTESIAN_POINT ( 'NONE',  ( -44.06303808268225453, 0.6500000000000000222, 0.000000000000000000 ) ) ;
#3149 = EDGE_CURVE ( 'NONE', #1994, #1028, #3105, .T. ) ;
#3150 = LINE ( 'NONE', #4799, #1056 ) ;
#3152 = LINE ( 'NONE', #4851, #4789 ) ;
#3151 = VECTOR ( 'NONE', #2521, 1000.000000000000000 ) ;
#3153 = DIRECTION ( 'NONE',  ( -0.000000000000000000, -0.000000000000000000, -1.000000000000000000 ) ) ;
#3154 = ORIENTED_EDGE ( 'NONE', *, *, #2502, .F. ) ;
#3155 = DIRECTION ( 'NONE',  ( 1.000000000000000000, 0.000000000000000000, -9.637352644315616444E-16 ) ) ;
#3156 = APPROVAL ( #1571, 'UNSPECIFIED' ) ;
#3157 = VERTEX_POINT ( 'NONE', #4755 ) ;
#3158 = DIRECTION ( 'NONE',  ( -0.000000000000000000, 0.000000000000000000, 1.000000000000000000 ) ) ;
#3159 = ORIENTED_EDGE ( 'NONE', *, *, #358, .T. ) ;
#3160 = ORIENTED_EDGE ( 'NONE', *, *, #915, .T. ) ;
#3161 = LINE ( 'NONE', #400, #5207 ) ;
#3162 = CARTESIAN_POINT ( 'NONE',  ( 0.000000000000000000, -0.01000000000000002623, 2.206718403488665103 ) ) ;
#3163 = EDGE_CURVE ( 'NONE', #3327, #5081, #5102, .T. ) ;
#3164 = EDGE_CURVE ( 'NONE', #4737, #234, #4691, .T. ) ;
#3165 = EDGE_CURVE ( 'NONE', #2769, #1287, #1865, .T. ) ;
#3166 = ADVANCED_FACE ( 'NONE', ( #3946 ), #5165, .T. ) ;
#3167 = VERTEX_POINT ( 'NONE', #4328 ) ;
#3168 = VERTEX_POINT ( 'NONE', #2645 ) ;
#3169 = DIRECTION ( 'NONE',  ( 0.000000000000000000, 1.000000000000000000, 0.000000000000000000 ) ) ;
#3170 = VERTEX_POINT ( 'NONE', #1458 ) ;
#3171 = FACE_OUTER_BOUND ( 'NONE', #1958, .T. ) ;
#3172 = LINE ( 'NONE', #4370, #4967 ) ;
#3173 = CYLINDRICAL_SURFACE ( 'NONE', #42, 0.1999999999999996503 ) ;
#3174 = EDGE_CURVE ( 'NONE', #3031, #4142, #611, .T. ) ;
#3175 = CARTESIAN_POINT ( 'NONE',  ( -43.16303808268224884, -0.01000000000000002623, 11.00671840348866404 ) ) ;
#3176 = DIRECTION ( 'NONE',  ( 0.000000000000000000, 1.000000000000000000, 0.000000000000000000 ) ) ;
#3177 = EDGE_LOOP ( 'NONE', ( #1710, #3216, #1037, #2081 ) ) ;
#3178 = DIRECTION ( 'NONE',  ( 0.000000000000000000, 0.000000000000000000, 1.000000000000000000 ) ) ;
#3179 = DIRECTION ( 'NONE',  ( 0.000000000000000000, -0.000000000000000000, -1.000000000000000000 ) ) ;
#3180 = VERTEX_POINT ( 'NONE', #3537 ) ;
#3181 = CARTESIAN_POINT ( 'NONE',  ( -44.06303808268221900, 0.000000000000000000, 3.006718403488664482 ) ) ;
#3182 = EDGE_CURVE ( 'NONE', #1522, #404, #967, .T. ) ;
#3183 = ORIENTED_EDGE ( 'NONE', *, *, #1450, .F. ) ;
#3184 = CC_DESIGN_SECURITY_CLASSIFICATION ( #1116, ( #3275 ) ) ;
#3185 = EDGE_CURVE ( 'NONE', #4998, #880, #5292, .T. ) ;
#3186 = FACE_OUTER_BOUND ( 'NONE', #101, .T. ) ;
#3187 = ORIENTED_EDGE ( 'NONE', *, *, #2119, .T. ) ;
#3188 = ORIENTED_EDGE ( 'NONE', *, *, #527, .F. ) ;
#3189 = DIRECTION ( 'NONE',  ( 0.000000000000000000, 1.000000000000000000, 0.000000000000000000 ) ) ;
#3190 = LINE ( 'NONE', #3249, #4318 ) ;
#3191 = ADVANCED_FACE ( 'NONE', ( #1615 ), #3614, .T. ) ;
#3192 = EDGE_LOOP ( 'NONE', ( #1238, #235, #5361, #3839, #3109, #2627, #5171, #399 ) ) ;
#3193 = VERTEX_POINT ( 'NONE', #777 ) ;
#3194 = DIRECTION ( 'NONE',  ( -0.000000000000000000, -1.000000000000000000, -0.000000000000000000 ) ) ;
#3195 = EDGE_LOOP ( 'NONE', ( #2152, #240, #594, #4979 ) ) ;
#3196 = CARTESIAN_POINT ( 'NONE',  ( -44.06303808268223321, 0.6500000000000000222, 6.106718403488664570 ) ) ;
#3197 = CARTESIAN_POINT ( 'NONE',  ( -42.49940005278327959, -0.01000000000000002623, 2.021237579218202463 ) ) ;
#3198 = CARTESIAN_POINT ( 'NONE',  ( -43.16303808268222042, -0.01000000000000002623, 3.006718403488663593 ) ) ;
#3199 = CARTESIAN_POINT ( 'NONE',  ( -34.75155472807056611, -0.01000000000000002623, 11.98732127763674171 ) ) ;
#3200 = CARTESIAN_POINT ( 'NONE',  ( -43.70131370585286845, -0.01000000000000002623, 11.98732127763674171 ) ) ;
#3201 = VECTOR ( 'NONE', #1429, 1000.000000000000000 ) ;
#3202 = ORIENTED_EDGE ( 'NONE', *, *, #702, .T. ) ;
#3203 = CARTESIAN_POINT ( 'NONE',  ( 0.000000000000000000, -0.01000000000000002623, 0.000000000000000000 ) ) ;
#3204 = CARTESIAN_POINT ( 'NONE',  ( -34.36303808268226589, 0.000000000000000000, 7.406718403488665281 ) ) ;
#3205 = VERTEX_POINT ( 'NONE', #2423 ) ;
#3206 = FACE_OUTER_BOUND ( 'NONE', #1004, .T. ) ;
#3207 = VECTOR ( 'NONE', #4648, 1000.000000000000000 ) ;
#3208 = DIRECTION ( 'NONE',  ( 0.000000000000000000, 0.000000000000000000, 1.000000000000000000 ) ) ;
#3209 = PLANE ( 'NONE',  #3289 ) ;
#3210 = ORIENTED_EDGE ( 'NONE', *, *, #3794, .F. ) ;
#3211 = EDGE_LOOP ( 'NONE', ( #3858, #4392, #501, #836 ) ) ;
#3212 = FACE_OUTER_BOUND ( 'NONE', #1900, .T. ) ;
#3213 = CARTESIAN_POINT ( 'NONE',  ( -44.06303808268224742, -0.01000000000000002623, 9.606718403488663682 ) ) ;
#3214 = CIRCLE ( 'NONE', #278, 0.1999999999999987899 ) ;
#3215 = EDGE_CURVE ( 'NONE', #1456, #4472, #5267, .T. ) ;
#3216 = ORIENTED_EDGE ( 'NONE', *, *, #4657, .F. ) ;
#3217 = ORIENTED_EDGE ( 'NONE', *, *, #276, .T. ) ;
#3218 = FACE_OUTER_BOUND ( 'NONE', #4701, .T. ) ;
#3219 = ORIENTED_EDGE ( 'NONE', *, *, #3865, .F. ) ;
#3220 = DIRECTION ( 'NONE',  ( -0.000000000000000000, -0.000000000000000000, 1.000000000000000000 ) ) ;
#3221 = CARTESIAN_POINT ( 'NONE',  ( -35.92667611258123372, -1.010000000000000009, 2.021237579218202463 ) ) ;
#3222 = AXIS2_PLACEMENT_3D ( 'NONE', #4999, #1700, #483 ) ;
#3223 = VECTOR ( 'NONE', #498, 1000.000000000000000 ) ;
#3224 = VECTOR ( 'NONE', #1942, 1000.000000000000000 ) ;
#3225 = DIRECTION ( 'NONE',  ( -2.312964634635736587E-14, 0.000000000000000000, 1.000000000000000000 ) ) ;
#3226 = DIRECTION ( 'NONE',  ( -0.000000000000000000, -1.000000000000000000, -0.000000000000000000 ) ) ;
#3227 = VECTOR ( 'NONE', #1601, 1000.000000000000000 ) ;
#3228 = EDGE_CURVE ( 'NONE', #4645, #3193, #2831, .T. ) ;
#3229 = EDGE_CURVE ( 'NONE', #5108, #3078, #3238, .T. ) ;
#3230 = ADVANCED_FACE ( 'NONE', ( #3206 ), #4888, .F. ) ;
#3231 = CARTESIAN_POINT ( 'NONE',  ( -43.16303808268223463, -0.01000000000000002623, 6.306718403488663860 ) ) ;
#3232 = EDGE_CURVE ( 'NONE', #2099, #2023, #2398, .T. ) ;
#3233 = VECTOR ( 'NONE', #4267, 1000.000000000000000 ) ;
#3234 = ORIENTED_EDGE ( 'NONE', *, *, #5316, .F. ) ;
#3235 = LINE ( 'NONE', #2289, #989 ) ;
#3236 = CARTESIAN_POINT ( 'NONE',  ( 0.000000000000000000, -0.01000000000000002623, 5.506718403488664926 ) ) ;
#3237 = ORIENTED_EDGE ( 'NONE', *, *, #3081, .F. ) ;
#3238 = LINE ( 'NONE', #4382, #287 ) ;
#3239 = AXIS2_PLACEMENT_3D ( 'NONE', #3503, #1097, #2338 ) ;
#3240 = VECTOR ( 'NONE', #4131, 1000.000000000000000 ) ;
#3241 = VECTOR ( 'NONE', #4151, 1000.000000000000000 ) ;
#3242 = EDGE_CURVE ( 'NONE', #3885, #3623, #5241, .T. ) ;
#3243 = VECTOR ( 'NONE', #3965, 1000.000000000000000 ) ;
#3244 = PLANE ( 'NONE',  #4103 ) ;
#3245 = LINE ( 'NONE', #1185, #5156 ) ;
#3246 = ORIENTED_EDGE ( 'NONE', *, *, #4424, .T. ) ;
#3247 = ORIENTED_EDGE ( 'NONE', *, *, #140, .F. ) ;
#3248 = LINE ( 'NONE', #1188, #1322 ) ;
#3249 = CARTESIAN_POINT ( 'NONE',  ( -34.36303808268228011, 0.000000000000000000, 3.006718403488664482 ) ) ;
#3250 = EDGE_CURVE ( 'NONE', #5324, #2005, #3591, .T. ) ;
#3251 = VECTOR ( 'NONE', #815, 1000.000000000000000 ) ;
#3252 = ORIENTED_EDGE ( 'NONE', *, *, #1147, .T. ) ;
#3253 = VERTEX_POINT ( 'NONE', #1533 ) ;
#3254 = DIRECTION ( 'NONE',  ( -0.000000000000000000, -0.000000000000000000, 1.000000000000000000 ) ) ;
#3255 = ORIENTED_EDGE ( 'NONE', *, *, #527, .T. ) ;
#3256 = CARTESIAN_POINT ( 'NONE',  ( -34.36303808268228011, 0.000000000000000000, 2.606718403488665459 ) ) ;
#3257 = DIRECTION ( 'NONE',  ( 0.000000000000000000, 0.000000000000000000, -1.000000000000000000 ) ) ;
#3258 = VECTOR ( 'NONE', #2375, 1000.000000000000000 ) ;
#3259 = DIRECTION ( 'NONE',  ( 0.000000000000000000, 0.000000000000000000, -1.000000000000000000 ) ) ;
#3260 = DIRECTION ( 'NONE',  ( -1.000000000000000000, 0.000000000000000000, 0.000000000000000000 ) ) ;
#3261 = VECTOR ( 'NONE', #3746, 1000.000000000000000 ) ;
#3262 = ADVANCED_FACE ( 'NONE', ( #2747 ), #667, .F. ) ;
#3263 = CARTESIAN_POINT ( 'NONE',  ( -44.06303808268221900, 0.000000000000000000, 2.806718403488664748 ) ) ;
#3264 = VERTEX_POINT ( 'NONE', #5325 ) ;
#3265 = LINE ( 'NONE', #1229, #4192 ) ;
#3266 = PLANE ( 'NONE',  #4296 ) ;
#3267 = ORIENTED_EDGE ( 'NONE', *, *, #2682, .T. ) ;
#3268 = CARTESIAN_POINT ( 'NONE',  ( -43.16303808268222753, -0.01000000000000002623, 0.000000000000000000 ) ) ;
#3269 = DIRECTION ( 'NONE',  ( 0.000000000000000000, 1.000000000000000000, 0.000000000000000000 ) ) ;
#3270 = LINE ( 'NONE', #5218, #525 ) ;
#3271 = VERTEX_POINT ( 'NONE', #4432 ) ;
#3272 = ORIENTED_EDGE ( 'NONE', *, *, #3394, .F. ) ;
#3273 = PLANE ( 'NONE',  #2183 ) ;
#3274 = CARTESIAN_POINT ( 'NONE',  ( -43.70131370585286845, -0.01000000000000002623, 11.98732127763674171 ) ) ;
#3275 = PRODUCT_DEFINITION_FORMATION_WITH_SPECIFIED_SOURCE ( 'ANY', '', #4935, .NOT_KNOWN. ) ;
#3276 = ORIENTED_EDGE ( 'NONE', *, *, #2605, .F. ) ;
#3277 = ORIENTED_EDGE ( 'NONE', *, *, #1030, .F. ) ;
#3278 = CARTESIAN_POINT ( 'NONE',  ( -42.49940005278327959, -0.01000000000000002623, 11.99219922775913005 ) ) ;
#3279 = VERTEX_POINT ( 'NONE', #2319 ) ;
#3280 = DIRECTION ( 'NONE',  ( -1.000000000000000000, 0.000000000000000000, 0.000000000000000000 ) ) ;
#3281 = CARTESIAN_POINT ( 'NONE',  ( -34.36303808268226589, 0.000000000000000000, 10.70671840348866510 ) ) ;
#3282 = EDGE_CURVE ( 'NONE', #1849, #2130, #262, .T. ) ;
#3283 = DIRECTION ( 'NONE',  ( 0.000000000000000000, 1.000000000000000000, 0.000000000000000000 ) ) ;
#3284 = LINE ( 'NONE', #2854, #277 ) ;
#3285 = DIRECTION ( 'NONE',  ( 0.000000000000000000, 0.000000000000000000, -1.000000000000000000 ) ) ;
#3286 = DIRECTION ( 'NONE',  ( 0.000000000000000000, 0.000000000000000000, 1.000000000000000000 ) ) ;
#3287 = EDGE_LOOP ( 'NONE', ( #2515, #1293, #430, #1469, #1411 ) ) ;
#3288 = DIRECTION ( 'NONE',  ( 1.000000000000000000, 0.000000000000000000, 9.637352644315616444E-16 ) ) ;
#3289 = AXIS2_PLACEMENT_3D ( 'NONE', #805, #4407, #753 ) ;
#3290 = DIRECTION ( 'NONE',  ( -1.000000000000000000, 0.000000000000000000, 0.000000000000000000 ) ) ;
#3291 = CARTESIAN_POINT ( 'NONE',  ( -44.06303808268222610, 0.6500000000000000222, 4.606718403488665459 ) ) ;
#3292 = VERTEX_POINT ( 'NONE', #4829 ) ;
#3293 = ORIENTED_EDGE ( 'NONE', *, *, #192, .T. ) ;
#3294 = CARTESIAN_POINT ( 'NONE',  ( -44.06303808268223321, 0.000000000000000000, 5.906718403488665281 ) ) ;
#3295 = DIRECTION ( 'NONE',  ( -0.000000000000000000, -1.000000000000000000, -0.000000000000000000 ) ) ;
#3296 = EDGE_CURVE ( 'NONE', #1507, #4340, #5214, .T. ) ;
#3297 = ADVANCED_FACE ( 'NONE', ( #2344 ), #1154, .F. ) ;
#3298 = EDGE_CURVE ( 'NONE', #3292, #5278, #2369, .T. ) ;
#3299 = ORIENTED_EDGE ( 'NONE', *, *, #3635, .F. ) ;
#3300 = ORIENTED_EDGE ( 'NONE', *, *, #2164, .F. ) ;
#3301 = ADVANCED_FACE ( 'NONE', ( #318 ), #1971, .T. ) ;
#3302 = CARTESIAN_POINT ( 'NONE',  ( -34.36303808268228011, 0.6500000000000000222, 3.706718403488665547 ) ) ;
#3303 = ORIENTED_EDGE ( 'NONE', *, *, #1954, .T. ) ;
#3304 = ORIENTED_EDGE ( 'NONE', *, *, #2672, .F. ) ;
#3305 = PLANE ( 'NONE',  #5291 ) ;
#3306 = LINE ( 'NONE', #31, #3073 ) ;
#3307 = AXIS2_PLACEMENT_3D ( 'NONE', #4664, #2198, #5201 ) ;
#3308 = EDGE_CURVE ( 'NONE', #4163, #80, #1995, .T. ) ;
#3309 = VECTOR ( 'NONE', #2268, 1000.000000000000000 ) ;
#3310 = DIRECTION ( 'NONE',  ( 0.000000000000000000, 0.000000000000000000, -1.000000000000000000 ) ) ;
#3311 = VECTOR ( 'NONE', #4484, 1000.000000000000000 ) ;
#3312 = FACE_OUTER_BOUND ( 'NONE', #3603, .T. ) ;
#3313 = FACE_OUTER_BOUND ( 'NONE', #1624, .T. ) ;
#3314 = LINE ( 'NONE', #4606, #4216 ) ;
#3315 = VERTEX_POINT ( 'NONE', #414 ) ;
#3316 = LINE ( 'NONE', #906, #5212 ) ;
#3317 = EDGE_CURVE ( 'NONE', #2883, #4108, #4508, .T. ) ;
#3318 = CARTESIAN_POINT ( 'NONE',  ( -43.16303808268224884, -0.01000000000000002623, 11.80671840348866297 ) ) ;
#3319 = LINE ( 'NONE', #4242, #269 ) ;
#3320 = VERTEX_POINT ( 'NONE', #66 ) ;
#3321 = EDGE_LOOP ( 'NONE', ( #1974, #1777, #246, #1377, #4463, #1148 ) ) ;
#3322 = PLANE ( 'NONE',  #4435 ) ;
#3323 = APPROVAL_ROLE ( '' ) ;
#3324 = VECTOR ( 'NONE', #4457, 1000.000000000000000 ) ;
#3325 = VECTOR ( 'NONE', #4316, 1000.000000000000000 ) ;
#3326 = ORIENTED_EDGE ( 'NONE', *, *, #2865, .T. ) ;
#3327 = VERTEX_POINT ( 'NONE', #3367 ) ;
#3328 = CYLINDRICAL_SURFACE ( 'NONE', #659, 0.1999999999999996503 ) ;
#3329 = EDGE_LOOP ( 'NONE', ( #2676, #3045, #889, #3055 ) ) ;
#3330 = ORIENTED_EDGE ( 'NONE', *, *, #759, .T. ) ;
#3331 = FACE_OUTER_BOUND ( 'NONE', #1812, .T. ) ;
#3332 = CARTESIAN_POINT ( 'NONE',  ( 0.000000000000000000, -0.01000000000000002623, 6.606718403488665459 ) ) ;
#3333 = VECTOR ( 'NONE', #4254, 1000.000000000000000 ) ;
#3334 = ADVANCED_FACE ( 'NONE', ( #1232 ), #92, .T. ) ;
#3335 = DIRECTION ( 'NONE',  ( -0.000000000000000000, -1.000000000000000000, -0.000000000000000000 ) ) ;
#3336 = CIRCLE ( 'NONE', #3511, 0.1999999999999996503 ) ;
#3337 = DIRECTION ( 'NONE',  ( 0.000000000000000000, 0.000000000000000000, 1.000000000000000000 ) ) ;
#3338 = ADVANCED_FACE ( 'NONE', ( #4537 ), #3717, .T. ) ;
#3339 = CARTESIAN_POINT ( 'NONE',  ( -44.06303808268224742, 0.6500000000000000222, 10.50671840348866404 ) ) ;
#3340 = LINE ( 'NONE', #4557, #4639 ) ;
#3341 = VERTEX_POINT ( 'NONE', #3342 ) ;
#3342 = CARTESIAN_POINT ( 'NONE',  ( -35.26303808268226447, 0.000000000000000000, 8.506718403488664038 ) ) ;
#3343 = VECTOR ( 'NONE', #1638, 1000.000000000000000 ) ;
#3344 = ADVANCED_FACE ( 'NONE', ( #444 ), #876, .T. ) ;
#3345 = CARTESIAN_POINT ( 'NONE',  ( -43.16303808268224174, -0.01000000000000002623, 7.706718403488665992 ) ) ;
#3346 = DIRECTION ( 'NONE',  ( -0.000000000000000000, -1.000000000000000000, -0.000000000000000000 ) ) ;
#3347 = VERTEX_POINT ( 'NONE', #2884 ) ;
#3348 = ORIENTED_EDGE ( 'NONE', *, *, #687, .T. ) ;
#3349 = DIRECTION ( 'NONE',  ( 0.000000000000000000, 1.000000000000000000, 0.000000000000000000 ) ) ;
#3350 = ADVANCED_FACE ( 'NONE', ( #2476 ), #2932, .F. ) ;
#3351 = VERTEX_POINT ( 'NONE', #4215 ) ;
#3352 = ORIENTED_EDGE ( 'NONE', *, *, #33, .F. ) ;
#3353 = CARTESIAN_POINT ( 'NONE',  ( -44.06303808268224742, 0.000000000000000000, 9.006718403488664038 ) ) ;
#3354 = EDGE_LOOP ( 'NONE', ( #3884, #1681, #4952, #3920 ) ) ;
#3355 = VERTEX_POINT ( 'NONE', #2069 ) ;
#3356 = DIRECTION ( 'NONE',  ( 0.000000000000000000, 1.000000000000000000, 0.000000000000000000 ) ) ;
#3357 = DIRECTION ( 'NONE',  ( 0.000000000000000000, 0.000000000000000000, -1.000000000000000000 ) ) ;
#3358 = VERTEX_POINT ( 'NONE', #2910 ) ;
#3359 = VECTOR ( 'NONE', #4517, 1000.000000000000000 ) ;
#3360 = DIRECTION ( 'NONE',  ( -1.000000000000000000, 0.000000000000000000, 1.927470528863123289E-15 ) ) ;
#3361 = EDGE_CURVE ( 'NONE', #4072, #1191, #4102, .T. ) ;
#3362 = DIRECTION ( 'NONE',  ( 0.000000000000000000, 0.000000000000000000, 1.000000000000000000 ) ) ;
#3363 = ADVANCED_FACE ( 'NONE', ( #41 ), #1668, .F. ) ;
#3364 = DIRECTION ( 'NONE',  ( 0.000000000000000000, 0.000000000000000000, 1.000000000000000000 ) ) ;
#3365 = CARTESIAN_POINT ( 'NONE',  ( -38.71872036012467078, -1.010000000000000009, 2.021237579218202463 ) ) ;
#3366 = ORIENTED_EDGE ( 'NONE', *, *, #4918, .T. ) ;
#3367 = CARTESIAN_POINT ( 'NONE',  ( -38.71872036012467078, -1.010000000000000009, 2.021237579218202463 ) ) ;
#3368 = FACE_OUTER_BOUND ( 'NONE', #1443, .T. ) ;
#3369 = DIRECTION ( 'NONE',  ( -0.000000000000000000, -1.000000000000000000, -0.000000000000000000 ) ) ;
#3370 = ORIENTED_EDGE ( 'NONE', *, *, #3630, .T. ) ;
#3371 = VERTEX_POINT ( 'NONE', #4559 ) ;
#3372 = CARTESIAN_POINT ( 'NONE',  ( -34.36303808268228011, 0.6500000000000000222, 0.000000000000000000 ) ) ;
#3373 = DATE_AND_TIME ( #2591, #249 ) ;
#3374 = ORIENTED_EDGE ( 'NONE', *, *, #3862, .T. ) ;
#3375 = ORIENTED_EDGE ( 'NONE', *, *, #3164, .T. ) ;
#3376 = CARTESIAN_POINT ( 'NONE',  ( -39.70735580523984254, -1.010000000000000009, 11.99219922775913005 ) ) ;
#3377 = ORIENTED_EDGE ( 'NONE', *, *, #4856, .T. ) ;
#3378 = ORIENTED_EDGE ( 'NONE', *, *, #507, .F. ) ;
#3379 = DIRECTION ( 'NONE',  ( 0.000000000000000000, -0.000000000000000000, -1.000000000000000000 ) ) ;
#3380 = DIRECTION ( 'NONE',  ( -1.000000000000000000, 0.000000000000000000, 0.000000000000000000 ) ) ;
#3381 = EDGE_CURVE ( 'NONE', #3977, #4783, #3316, .T. ) ;
#3382 = VECTOR ( 'NONE', #1911, 1000.000000000000000 ) ;
#3383 = ORIENTED_EDGE ( 'NONE', *, *, #2102, .T. ) ;
#3384 = LINE ( 'NONE', #4633, #1859 ) ;
#3385 = APPROVAL ( #2997, 'UNSPECIFIED' ) ;
#3386 = DIRECTION ( 'NONE',  ( -0.000000000000000000, -0.000000000000000000, 1.000000000000000000 ) ) ;
#3387 = CARTESIAN_POINT ( 'NONE',  ( -34.36303808268251458, -0.01000000000000002623, 7.948049182388589452E-13 ) ) ;
#3388 = PLANE ( 'NONE',  #3307 ) ;
#3389 = VERTEX_POINT ( 'NONE', #2557 ) ;
#3390 = DIRECTION ( 'NONE',  ( -0.000000000000000000, 0.000000000000000000, 1.000000000000000000 ) ) ;
#3391 = AXIS2_PLACEMENT_3D ( 'NONE', #349, #2000, #1538 ) ;
#3392 = EDGE_CURVE ( 'NONE', #2772, #4719, #850, .T. ) ;
#3393 = EDGE_CURVE ( 'NONE', #443, #4507, #3691, .T. ) ;
#3394 = EDGE_CURVE ( 'NONE', #1348, #443, #502, .T. ) ;
#3395 = CARTESIAN_POINT ( 'NONE',  ( -44.06303808268222610, -0.01000000000000002623, 0.000000000000000000 ) ) ;
#3396 = DIRECTION ( 'NONE',  ( 0.000000000000000000, 1.000000000000000000, 0.000000000000000000 ) ) ;
#3397 = FACE_OUTER_BOUND ( 'NONE', #2588, .T. ) ;
#3398 = LINE ( 'NONE', #2993, #1566 ) ;
#3399 = VERTEX_POINT ( 'NONE', #4154 ) ;
#3400 = VERTEX_POINT ( 'NONE', #1288 ) ;
#3401 = LINE ( 'NONE', #4948, #193 ) ;
#3402 = EDGE_CURVE ( 'NONE', #79, #595, #5126, .T. ) ;
#3403 = CARTESIAN_POINT ( 'NONE',  ( 0.000000000000000000, -0.01000000000000002623, 9.906718403488664393 ) ) ;
#3404 = ORIENTED_EDGE ( 'NONE', *, *, #1399, .T. ) ;
#3405 = DIRECTION ( 'NONE',  ( 0.000000000000000000, 1.000000000000000000, 0.000000000000000000 ) ) ;
#3406 = ORIENTED_EDGE ( 'NONE', *, *, #1675, .F. ) ;
#3407 = AXIS2_PLACEMENT_3D ( 'NONE', #557, #4698, #2692 ) ;
#3408 = ORIENTED_EDGE ( 'NONE', *, *, #2166, .T. ) ;
#3409 = CARTESIAN_POINT ( 'NONE',  ( -43.70131370585286845, -0.01000000000000002623, 2.027399959825791687 ) ) ;
#3410 = LINE ( 'NONE', #5060, #2982 ) ;
#3411 = VECTOR ( 'NONE', #2015, 1000.000000000000000 ) ;
#3412 = ORIENTED_EDGE ( 'NONE', *, *, #2900, .F. ) ;
#3413 = VECTOR ( 'NONE', #1907, 1000.000000000000000 ) ;
#3414 = FACE_OUTER_BOUND ( 'NONE', #457, .T. ) ;
#3415 = LINE ( 'NONE', #871, #718 ) ;
#3416 = DIRECTION ( 'NONE',  ( -0.000000000000000000, -0.000000000000000000, 1.000000000000000000 ) ) ;
#3417 = DIRECTION ( 'NONE',  ( 0.000000000000000000, 1.000000000000000000, 0.000000000000000000 ) ) ;
#3418 = CARTESIAN_POINT ( 'NONE',  ( -44.06303808268206268, -0.01000000000000002623, -1.019162487798512533E-12 ) ) ;
#3419 = EDGE_CURVE ( 'NONE', #495, #5324, #2125, .T. ) ;
#3420 = DIRECTION ( 'NONE',  ( 0.000000000000000000, -0.000000000000000000, -1.000000000000000000 ) ) ;
#3421 = AXIS2_PLACEMENT_3D ( 'NONE', #2677, #2297, #2241 ) ;
#3422 = DIRECTION ( 'NONE',  ( 0.000000000000000000, 0.000000000000000000, 1.000000000000000000 ) ) ;
#3423 = DIRECTION ( 'NONE',  ( 0.000000000000000000, -1.000000000000000000, 0.000000000000000000 ) ) ;
#3424 = FACE_OUTER_BOUND ( 'NONE', #3104, .T. ) ;
#3425 = ORIENTED_EDGE ( 'NONE', *, *, #2218, .F. ) ;
#3426 = ORIENTED_EDGE ( 'NONE', *, *, #983, .T. ) ;
#3427 = LINE ( 'NONE', #4781, #4950 ) ;
#3428 = DIRECTION ( 'NONE',  ( 1.000000000000000000, -0.000000000000000000, 0.000000000000000000 ) ) ;
#3429 = CARTESIAN_POINT ( 'NONE',  ( -44.06303808268221900, -0.01000000000000002623, 1.956718403488664881 ) ) ;
#3430 = VERTEX_POINT ( 'NONE', #3775 ) ;
#3431 = CARTESIAN_POINT ( 'NONE',  ( -5.017898137406858886E-15, -0.01000000000000002623, 5.206718403488697966 ) ) ;
#3432 = VERTEX_POINT ( 'NONE', #5068 ) ;
#3433 = VERTEX_POINT ( 'NONE', #958 ) ;
#3434 = CARTESIAN_POINT ( 'NONE',  ( -34.36303808268226589, 0.6500000000000000222, 9.206718403488665103 ) ) ;
#3435 = DIRECTION ( 'NONE',  ( -0.000000000000000000, -1.000000000000000000, -0.000000000000000000 ) ) ;
#3436 = ORIENTED_EDGE ( 'NONE', *, *, #4610, .F. ) ;
#3437 = ADVANCED_FACE ( 'NONE', ( #1886 ), #2689, .T. ) ;
#3438 = DIRECTION ( 'NONE',  ( 1.000000000000000000, 0.000000000000000000, 0.000000000000000000 ) ) ;
#3439 =( GEOMETRIC_REPRESENTATION_CONTEXT ( 3 ) GLOBAL_UNCERTAINTY_ASSIGNED_CONTEXT ( ( #1896 ) ) GLOBAL_UNIT_ASSIGNED_CONTEXT ( ( #1320, #1701, #3025 ) ) REPRESENTATION_CONTEXT ( 'NONE', 'WORKASPACE' ) );
#3440 = PLANE ( 'NONE',  #1412 ) ;
#3441 = CARTESIAN_POINT ( 'NONE',  ( -34.75155472807056611, -0.01000000000000002623, 11.98732127763674171 ) ) ;
#3442 = LINE ( 'NONE', #3904, #898 ) ;
#3443 = CARTESIAN_POINT ( 'NONE',  ( -44.06303808268224742, 0.000000000000000000, 10.30671840348866475 ) ) ;
#3444 = DIRECTION ( 'NONE',  ( -0.000000000000000000, -0.000000000000000000, -1.000000000000000000 ) ) ;
#3445 = CARTESIAN_POINT ( 'NONE',  ( -34.36303808268246485, -0.01000000000000002623, 7.948049182388579355E-13 ) ) ;
#3446 = CARTESIAN_POINT ( 'NONE',  ( -43.16303808268222753, 0.000000000000000000, 3.306718403488665192 ) ) ;
#3447 = ORIENTED_EDGE ( 'NONE', *, *, #1810, .T. ) ;
#3448 = ORIENTED_EDGE ( 'NONE', *, *, #2983, .T. ) ;
#3449 = DIRECTION ( 'NONE',  ( -1.000000000000000000, 0.000000000000000000, 9.637352644315616444E-16 ) ) ;
#3450 = PERSON_AND_ORGANIZATION ( #437, #2236 ) ;
#3451 = CARTESIAN_POINT ( 'NONE',  ( -44.06303808268222610, 0.6500000000000000222, 4.806718403488665636 ) ) ;
#3452 = ORIENTED_EDGE ( 'NONE', *, *, #1807, .T. ) ;
#3453 = LINE ( 'NONE', #1077, #4383 ) ;
#3454 = VERTEX_POINT ( 'NONE', #1421 ) ;
#3455 = VERTEX_POINT ( 'NONE', #196 ) ;
#3456 = DIRECTION ( 'NONE',  ( -0.000000000000000000, -1.000000000000000000, -0.000000000000000000 ) ) ;
#3457 = DIRECTION ( 'NONE',  ( -1.000000000000000000, 0.000000000000000000, -0.000000000000000000 ) ) ;
#3458 = EDGE_CURVE ( 'NONE', #4472, #743, #1825, .T. ) ;
#3459 = ADVANCED_FACE ( 'NONE', ( #4343 ), #1040, .F. ) ;
#3460 = EDGE_CURVE ( 'NONE', #5163, #5219, #3500, .T. ) ;
#3461 = VECTOR ( 'NONE', #581, 1000.000000000000000 ) ;
#3462 = ADVANCED_FACE ( 'NONE', ( #3938 ), #2662, .T. ) ;
#3463 = VERTEX_POINT ( 'NONE', #1391 ) ;
#3464 = CARTESIAN_POINT ( 'NONE',  ( -35.92667611258123372, -0.01000000000000002623, 2.027399959825791687 ) ) ;
#3465 = ORIENTED_EDGE ( 'NONE', *, *, #2302, .T. ) ;
#3466 = DIRECTION ( 'NONE',  ( -1.000000000000000000, 0.000000000000000000, 0.000000000000000000 ) ) ;
#3467 = ADVANCED_FACE ( 'NONE', ( #1340 ), #3017, .F. ) ;
#3468 = AXIS2_PLACEMENT_3D ( 'NONE', #4706, #2969, #1808 ) ;
#3469 = PLANE ( 'NONE',  #4865 ) ;
#3470 = CARTESIAN_POINT ( 'NONE',  ( -43.70131370585286845, -0.01000000000000002623, 9.906718403488664393 ) ) ;
#3471 = CARTESIAN_POINT ( 'NONE',  ( 0.000000000000000000, -0.01000000000000002623, 0.000000000000000000 ) ) ;
#3472 = VECTOR ( 'NONE', #3220, 1000.000000000000000 ) ;
#3473 = CARTESIAN_POINT ( 'NONE',  ( -38.71872036012467078, -1.010000000000000009, 11.99219922775913005 ) ) ;
#3474 = DIRECTION ( 'NONE',  ( -0.000000000000000000, 0.000000000000000000, 1.000000000000000000 ) ) ;
#3475 = DIRECTION ( 'NONE',  ( -0.000000000000000000, -1.000000000000000000, -0.000000000000000000 ) ) ;
#3476 = DIRECTION ( 'NONE',  ( -1.000000000000000000, -0.000000000000000000, -0.000000000000000000 ) ) ;
#3477 = VERTEX_POINT ( 'NONE', #2987 ) ;
#3478 = AXIS2_PLACEMENT_3D ( 'NONE', #5086, #1379, #4681 ) ;
#3479 = EDGE_LOOP ( 'NONE', ( #2935, #1520, #3815, #2293, #304 ) ) ;
#3480 = LINE ( 'NONE', #1072, #1578 ) ;
#3481 = VECTOR ( 'NONE', #1754, 1000.000000000000000 ) ;
#3482 = AXIS2_PLACEMENT_3D ( 'NONE', #1722, #4577, #5038 ) ;
#3483 = CARTESIAN_POINT ( 'NONE',  ( -43.16303808268223463, 0.000000000000000000, 5.506718403488664926 ) ) ;
#3484 = ORIENTED_EDGE ( 'NONE', *, *, #2202, .T. ) ;
#3485 = CARTESIAN_POINT ( 'NONE',  ( -38.71872036012467078, -1.010000000000000009, 11.99219922775913005 ) ) ;
#3486 = EDGE_LOOP ( 'NONE', ( #1217, #3986, #4522, #1610 ) ) ;
#3487 = ORIENTED_EDGE ( 'NONE', *, *, #3232, .T. ) ;
#3488 = DIRECTION ( 'NONE',  ( 0.000000000000000000, 1.000000000000000000, 0.000000000000000000 ) ) ;
#3489 = DIRECTION ( 'NONE',  ( 1.000000000000000000, 0.000000000000000000, -1.927470528863123289E-15 ) ) ;
#3490 = VECTOR ( 'NONE', #1981, 1000.000000000000000 ) ;
#3491 = VECTOR ( 'NONE', #4822, 1000.000000000000000 ) ;
#3492 = ORIENTED_EDGE ( 'NONE', *, *, #702, .F. ) ;
#3493 = LINE ( 'NONE', #2758, #2949 ) ;
#3494 = ORIENTED_EDGE ( 'NONE', *, *, #4126, .F. ) ;
#3495 = VECTOR ( 'NONE', #3940, 1000.000000000000000 ) ;
#3496 = CARTESIAN_POINT ( 'NONE',  ( -34.75155472807056611, -0.01000000000000002623, 11.98732127763674171 ) ) ;
#3497 = VECTOR ( 'NONE', #2881, 1000.000000000000000 ) ;
#3498 = VECTOR ( 'NONE', #4014, 1000.000000000000000 ) ;
#3499 = FACE_OUTER_BOUND ( 'NONE', #4971, .T. ) ;
#3500 = LINE ( 'NONE', #2637, #4875 ) ;
#3501 = VECTOR ( 'NONE', #158, 1000.000000000000000 ) ;
#3502 = ADVANCED_FACE ( 'NONE', ( #4292 ), #3039, .F. ) ;
#3503 = CARTESIAN_POINT ( 'NONE',  ( -44.06303808268223321, 0.000000000000000000, 5.906718403488665281 ) ) ;
#3504 = DIRECTION ( 'NONE',  ( -1.000000000000000000, 0.000000000000000000, 0.000000000000000000 ) ) ;
#3505 = CARTESIAN_POINT ( 'NONE',  ( -43.16303808268224884, 0.000000000000000000, 9.906718403488664393 ) ) ;
#3506 = CARTESIAN_POINT ( 'NONE',  ( -43.16303808268222042, -0.01000000000000002623, 3.006718403488663593 ) ) ;
#3507 = ORIENTED_EDGE ( 'NONE', *, *, #4148, .F. ) ;
#3508 = ORIENTED_EDGE ( 'NONE', *, *, #5217, .T. ) ;
#3509 = ADVANCED_FACE ( 'NONE', ( #526 ), #166, .T. ) ;
#3510 = CARTESIAN_POINT ( 'NONE',  ( -1.639644902006208986E-14, -0.01000000000000002623, 8.506718403488731539 ) ) ;
#3511 = AXIS2_PLACEMENT_3D ( 'NONE', #3539, #177, #1839 ) ;
#3512 = LINE ( 'NONE', #3083, #440 ) ;
#3513 = ORIENTED_EDGE ( 'NONE', *, *, #58, .T. ) ;
#3514 = PLANE ( 'NONE',  #3421 ) ;
#3515 = ORIENTED_EDGE ( 'NONE', *, *, #116, .T. ) ;
#3516 = EDGE_LOOP ( 'NONE', ( #266, #641, #1567, #3293 ) ) ;
#3517 = DIRECTION ( 'NONE',  ( 0.000000000000000000, -0.000000000000000000, -1.000000000000000000 ) ) ;
#3518 = CARTESIAN_POINT ( 'NONE',  ( -44.06303808268221900, -0.01000000000000002623, 2.206718403488665103 ) ) ;
#3519 = VECTOR ( 'NONE', #3286, 1000.000000000000000 ) ;
#3520 = ORIENTED_EDGE ( 'NONE', *, *, #3634, .F. ) ;
#3521 = CARTESIAN_POINT ( 'NONE',  ( -44.06303808268224742, 0.000000000000000000, 9.206718403488665103 ) ) ;
#3522 = ORIENTED_EDGE ( 'NONE', *, *, #917, .T. ) ;
#3523 = CYLINDRICAL_SURFACE ( 'NONE', #4344, 0.2000000000000005107 ) ;
#3524 = CARTESIAN_POINT ( 'NONE',  ( -44.06303808268225453, -0.01000000000000002623, 11.00671840348866404 ) ) ;
#3525 = DIRECTION ( 'NONE',  ( -0.000000000000000000, -1.000000000000000000, -0.000000000000000000 ) ) ;
#3526 = DIRECTION ( 'NONE',  ( -1.000000000000000000, 0.000000000000000000, -2.312964634635736587E-14 ) ) ;
#3527 = EDGE_CURVE ( 'NONE', #1994, #5006, #577, .T. ) ;
#3528 = AXIS2_PLACEMENT_3D ( 'NONE', #3621, #1595, #2867 ) ;
#3529 = EDGE_CURVE ( 'NONE', #4140, #2576, #2228, .T. ) ;
#3530 = EDGE_CURVE ( 'NONE', #1813, #1515, #3827, .T. ) ;
#3531 = CARTESIAN_POINT ( 'NONE',  ( -44.06303808268222610, 0.6500000000000000222, 0.000000000000000000 ) ) ;
#3532 = FACE_OUTER_BOUND ( 'NONE', #4081, .T. ) ;
#3533 = DIRECTION ( 'NONE',  ( -1.000000000000000000, 0.000000000000000000, 0.000000000000000000 ) ) ;
#3534 = CARTESIAN_POINT ( 'NONE',  ( -34.36303808268228011, 0.000000000000000000, 3.006718403488664482 ) ) ;
#3535 = VERTEX_POINT ( 'NONE', #3072 ) ;
#3536 = ORIENTED_EDGE ( 'NONE', *, *, #2983, .F. ) ;
#3537 = CARTESIAN_POINT ( 'NONE',  ( -34.36303808268227300, -0.01000000000000002623, 7.406718403488665281 ) ) ;
#3538 = VERTEX_POINT ( 'NONE', #1769 ) ;
#3539 = CARTESIAN_POINT ( 'NONE',  ( -34.36303808268227300, 0.000000000000000000, 5.906718403488665281 ) ) ;
#3540 = ORIENTED_EDGE ( 'NONE', *, *, #4582, .T. ) ;
#3541 = VERTEX_POINT ( 'NONE', #4724 ) ;
#3542 = LINE ( 'NONE', #4762, #2705 ) ;
#3543 = DIRECTION ( 'NONE',  ( 1.000000000000000000, 0.000000000000000000, 0.000000000000000000 ) ) ;
#3544 = ORIENTED_EDGE ( 'NONE', *, *, #3797, .T. ) ;
#3545 = CARTESIAN_POINT ( 'NONE',  ( -43.16303808268224174, -0.01000000000000002623, 0.000000000000000000 ) ) ;
#3546 = ORIENTED_EDGE ( 'NONE', *, *, #281, .F. ) ;
#3547 = LINE ( 'NONE', #3959, #4512 ) ;
#3548 = LINE ( 'NONE', #1092, #1255 ) ;
#3549 = EDGE_CURVE ( 'NONE', #3477, #80, #1016, .T. ) ;
#3550 = AXIS2_PLACEMENT_3D ( 'NONE', #2347, #4003, #2809 ) ;
#3551 = CARTESIAN_POINT ( 'NONE',  ( -35.26303808268227868, -0.01000000000000002623, 0.000000000000000000 ) ) ;
#3552 = DIRECTION ( 'NONE',  ( -1.927470528863123289E-15, 0.000000000000000000, 1.000000000000000000 ) ) ;
#3553 = ADVANCED_FACE ( 'NONE', ( #604 ), #2252, .T. ) ;
#3554 = AXIS2_PLACEMENT_3D ( 'NONE', #689, #4019, #1887 ) ;
#3555 = LINE ( 'NONE', #1938, #2435 ) ;
#3556 = CARTESIAN_POINT ( 'NONE',  ( -43.70131370585286845, -0.01000000000000002623, 11.98732127763674171 ) ) ;
#3557 = PLANE ( 'NONE',  #661 ) ;
#3558 = DIRECTION ( 'NONE',  ( 0.000000000000000000, 0.000000000000000000, -1.000000000000000000 ) ) ;
#3559 = ORIENTED_EDGE ( 'NONE', *, *, #2668, .T. ) ;
#3560 = EDGE_CURVE ( 'NONE', #4778, #4504, #3442, .T. ) ;
#3561 = ORIENTED_EDGE ( 'NONE', *, *, #2948, .T. ) ;
#3562 = VECTOR ( 'NONE', #5067, 1000.000000000000000 ) ;
#3563 = CARTESIAN_POINT ( 'NONE',  ( -34.36303808268228011, 0.6500000000000000222, -0.000000000000000000 ) ) ;
#3564 = EDGE_CURVE ( 'NONE', #2349, #1755, #771, .T. ) ;
#3565 = EDGE_CURVE ( 'NONE', #366, #647, #1910, .T. ) ;
#3566 = EDGE_CURVE ( 'NONE', #2248, #4163, #4880, .T. ) ;
#3567 = ORIENTED_EDGE ( 'NONE', *, *, #2442, .F. ) ;
#3568 = CIRCLE ( 'NONE', #3140, 0.1999999999999996503 ) ;
#3569 = DIRECTION ( 'NONE',  ( 0.000000000000000000, 0.000000000000000000, 1.000000000000000000 ) ) ;
#3570 = ORIENTED_EDGE ( 'NONE', *, *, #2774, .T. ) ;
#3571 = ORIENTED_EDGE ( 'NONE', *, *, #2963, .F. ) ;
#3572 = DIRECTION ( 'NONE',  ( 0.000000000000000000, 0.000000000000000000, -1.000000000000000000 ) ) ;
#3573 = LINE ( 'NONE', #3923, #1372 ) ;
#3574 = VECTOR ( 'NONE', #5014, 1000.000000000000000 ) ;
#3575 = EDGE_CURVE ( 'NONE', #1788, #5329, #2283, .T. ) ;
#3576 = VERTEX_POINT ( 'NONE', #4847 ) ;
#3577 = EDGE_LOOP ( 'NONE', ( #2587, #5359, #671, #4062 ) ) ;
#3578 = CARTESIAN_POINT ( 'NONE',  ( -39.70735580523984254, -0.01000000000000002623, 2.021237579218202463 ) ) ;
#3579 = ORIENTED_EDGE ( 'NONE', *, *, #4661, .F. ) ;
#3580 = FACE_OUTER_BOUND ( 'NONE', #4541, .T. ) ;
#3581 = PLANE ( 'NONE',  #1083 ) ;
#3582 = LINE ( 'NONE', #627, #4621 ) ;
#3583 = AXIS2_PLACEMENT_3D ( 'NONE', #3471, #987, #1797 ) ;
#3584 = DIRECTION ( 'NONE',  ( 0.000000000000000000, 1.000000000000000000, 0.000000000000000000 ) ) ;
#3585 = EDGE_CURVE ( 'NONE', #4340, #2769, #336, .T. ) ;
#3586 = CARTESIAN_POINT ( 'NONE',  ( -34.36303808268225879, 0.6500000000000000222, 10.50671840348866404 ) ) ;
#3588 = DIRECTION ( 'NONE',  ( -0.000000000000000000, -0.000000000000000000, 1.000000000000000000 ) ) ;
#3587 = AXIS2_PLACEMENT_3D ( 'NONE', #1225, #2086, #4530 ) ;
#3589 = DIRECTION ( 'NONE',  ( -1.000000000000000000, 0.000000000000000000, -0.000000000000000000 ) ) ;
#3590 = ORIENTED_EDGE ( 'NONE', *, *, #3755, .T. ) ;
#3591 = LINE ( 'NONE', #3181, #2361 ) ;
#3592 = EDGE_CURVE ( 'NONE', #3400, #5023, #1553, .T. ) ;
#3593 = ORIENTED_EDGE ( 'NONE', *, *, #1326, .F. ) ;
#3594 = DIRECTION ( 'NONE',  ( -1.000000000000000000, 0.000000000000000000, 0.000000000000000000 ) ) ;
#3595 = ORIENTED_EDGE ( 'NONE', *, *, #1424, .F. ) ;
#3596 = VERTEX_POINT ( 'NONE', #4798 ) ;
#3597 = CARTESIAN_POINT ( 'NONE',  ( -43.70131370585286845, -0.01000000000000002623, 11.00671840348866404 ) ) ;
#3598 = LINE ( 'NONE', #2729, #1723 ) ;
#3599 = AXIS2_PLACEMENT_3D ( 'NONE', #3376, #4625, #78 ) ;
#3600 = VERTEX_POINT ( 'NONE', #5284 ) ;
#3601 = EDGE_LOOP ( 'NONE', ( #4644, #1980, #1370, #746 ) ) ;
#3602 = CARTESIAN_POINT ( 'NONE',  ( -34.36303808268226589, -0.01000000000000002623, 8.506718403488665814 ) ) ;
#3603 = EDGE_LOOP ( 'NONE', ( #108, #896, #176, #4711, #413 ) ) ;
#3604 = DIRECTION ( 'NONE',  ( -0.000000000000000000, -0.000000000000000000, 1.000000000000000000 ) ) ;
#3605 = VECTOR ( 'NONE', #3153, 1000.000000000000000 ) ;
#3606 = DIRECTION ( 'NONE',  ( 0.000000000000000000, 0.000000000000000000, 1.000000000000000000 ) ) ;
#3607 = CARTESIAN_POINT ( 'NONE',  ( -43.16303808268222753, -0.01000000000000002623, 0.000000000000000000 ) ) ;
#3608 = FACE_OUTER_BOUND ( 'NONE', #4898, .T. ) ;
#3609 = LINE ( 'NONE', #5183, #3122 ) ;
#3610 = ORIENTED_EDGE ( 'NONE', *, *, #1549, .T. ) ;
#3611 = LINE ( 'NONE', #4377, #1686 ) ;
#3612 = LINE ( 'NONE', #4074, #3605 ) ;
#3613 = ORIENTED_EDGE ( 'NONE', *, *, #3163, .F. ) ;
#3614 = PLANE ( 'NONE',  #3050 ) ;
#3615 = ORIENTED_EDGE ( 'NONE', *, *, #4820, .T. ) ;
#3616 = VECTOR ( 'NONE', #1953, 1000.000000000000000 ) ;
#3617 = CARTESIAN_POINT ( 'NONE',  ( -44.06303808268222610, 0.000000000000000000, 5.206718403488665103 ) ) ;
#3618 = ORIENTED_EDGE ( 'NONE', *, *, #520, .T. ) ;
#3619 = ORIENTED_EDGE ( 'NONE', *, *, #3949, .T. ) ;
#3620 = CARTESIAN_POINT ( 'NONE',  ( -35.26303808268225737, -0.01000000000000002623, 10.70671840348866333 ) ) ;
#3621 = CARTESIAN_POINT ( 'NONE',  ( -34.36303808268227300, 0.000000000000000000, 5.906718403488665281 ) ) ;
#3622 = VERTEX_POINT ( 'NONE', #4069 ) ;
#3623 = VERTEX_POINT ( 'NONE', #3121 ) ;
#3624 = LINE ( 'NONE', #3602, #2536 ) ;
#3625 = ORIENTED_EDGE ( 'NONE', *, *, #4196, .T. ) ;
#3626 = DIRECTION ( 'NONE',  ( 0.000000000000000000, 0.000000000000000000, 1.000000000000000000 ) ) ;
#3627 = CARTESIAN_POINT ( 'NONE',  ( -38.71872036012467078, -1.010000000000000009, 2.027399959825791687 ) ) ;
#3628 = EDGE_CURVE ( 'NONE', #3167, #1328, #1118, .T. ) ;
#3629 = ADVANCED_FACE ( 'NONE', ( #1577 ), #1474, .F. ) ;
#3630 = EDGE_CURVE ( 'NONE', #5188, #1515, #2742, .T. ) ;
#3631 = EDGE_CURVE ( 'NONE', #4437, #1788, #658, .T. ) ;
#3632 = LINE ( 'NONE', #2741, #4715 ) ;
#3633 = DIRECTION ( 'NONE',  ( -0.000000000000000000, -0.000000000000000000, 1.000000000000000000 ) ) ;
#3634 = EDGE_CURVE ( 'NONE', #4871, #4926, #2363, .T. ) ;
#3635 = EDGE_CURVE ( 'NONE', #1244, #1967, #251, .T. ) ;
#3636 = LINE ( 'NONE', #3231, #197 ) ;
#3637 = ORIENTED_EDGE ( 'NONE', *, *, #21, .T. ) ;
#3638 = CARTESIAN_POINT ( 'NONE',  ( -44.06303808268224032, -0.01000000000000002623, 8.506718403488665814 ) ) ;
#3639 = PLANE ( 'NONE',  #3776 ) ;
#3640 = VERTEX_POINT ( 'NONE', #4478 ) ;
#3641 = CARTESIAN_POINT ( 'NONE',  ( 0.000000000000000000, -0.01000000000000002623, 0.000000000000000000 ) ) ;
#3642 = VECTOR ( 'NONE', #1403, 1000.000000000000000 ) ;
#3643 = CARTESIAN_POINT ( 'NONE',  ( -44.06303808268222610, 0.6500000000000000222, 3.706718403488665547 ) ) ;
#3644 = FACE_OUTER_BOUND ( 'NONE', #2365, .T. ) ;
#3645 = ORIENTED_EDGE ( 'NONE', *, *, #1651, .F. ) ;
#3646 = EDGE_LOOP ( 'NONE', ( #2327, #3246, #4064, #761, #1648, #205, #5263, #4680 ) ) ;
#3647 = CARTESIAN_POINT ( 'NONE',  ( -44.06303808268204847, -0.01000000000000002623, -1.019162487798515360E-12 ) ) ;
#3648 = DIRECTION ( 'NONE',  ( -1.000000000000000000, 0.000000000000000000, 0.000000000000000000 ) ) ;
#3649 = VECTOR ( 'NONE', #1248, 1000.000000000000000 ) ;
#3650 = EDGE_LOOP ( 'NONE', ( #1397, #2137, #4651, #3664 ) ) ;
#3651 = VERTEX_POINT ( 'NONE', #2417 ) ;
#3652 = DIRECTION ( 'NONE',  ( 0.000000000000000000, 0.000000000000000000, 1.000000000000000000 ) ) ;
#3653 = ORIENTED_EDGE ( 'NONE', *, *, #3229, .T. ) ;
#3654 = DIRECTION ( 'NONE',  ( -1.000000000000000000, 0.000000000000000000, 0.000000000000000000 ) ) ;
#3655 = DIRECTION ( 'NONE',  ( 0.000000000000000000, 0.000000000000000000, 1.000000000000000000 ) ) ;
#3656 = AXIS2_PLACEMENT_3D ( 'NONE', #3953, #2680, #5194 ) ;
#3657 = EDGE_CURVE ( 'NONE', #3371, #2803, #2011, .T. ) ;
#3658 = VECTOR ( 'NONE', #3362, 1000.000000000000000 ) ;
#3659 = CARTESIAN_POINT ( 'NONE',  ( -43.16303808268224174, -0.01000000000000002623, 0.000000000000000000 ) ) ;
#3660 = CARTESIAN_POINT ( 'NONE',  ( 0.000000000000000000, -0.01000000000000002623, 3.306718403488665192 ) ) ;
#3661 = VECTOR ( 'NONE', #2004, 1000.000000000000000 ) ;
#3662 = PLANE ( 'NONE',  #2169 ) ;
#3663 = AXIS2_PLACEMENT_3D ( 'NONE', #2284, #3097, #4237 ) ;
#3664 = ORIENTED_EDGE ( 'NONE', *, *, #2440, .T. ) ;
#3665 = PLANE ( 'NONE',  #127 ) ;
#3666 = CARTESIAN_POINT ( 'NONE',  ( -44.06303808268222610, 0.000000000000000000, 5.006718403488665814 ) ) ;
#3667 = ORIENTED_EDGE ( 'NONE', *, *, #186, .T. ) ;
#3668 = DIRECTION ( 'NONE',  ( 0.000000000000000000, -1.000000000000000000, 0.000000000000000000 ) ) ;
#3669 = VECTOR ( 'NONE', #4991, 1000.000000000000000 ) ;
#3670 = VECTOR ( 'NONE', #737, 1000.000000000000000 ) ;
#3671 = FACE_OUTER_BOUND ( 'NONE', #3516, .T. ) ;
#3672 = ADVANCED_FACE ( 'NONE', ( #4773 ), #1064, .F. ) ;
#3673 = LINE ( 'NONE', #4487, #4897 ) ;
#3674 = VERTEX_POINT ( 'NONE', #4399 ) ;
#3675 = VERTEX_POINT ( 'NONE', #2334 ) ;
#3676 = LINE ( 'NONE', #2812, #1501 ) ;
#3677 = CARTESIAN_POINT ( 'NONE',  ( -44.06303808268222610, -0.01000000000000002623, 3.306718403488665192 ) ) ;
#3678 = AXIS2_PLACEMENT_3D ( 'NONE', #3221, #3655, #2439 ) ;
#3679 = ORIENTED_EDGE ( 'NONE', *, *, #2501, .T. ) ;
#3680 = ORIENTED_EDGE ( 'NONE', *, *, #1326, .T. ) ;
#3681 = CARTESIAN_POINT ( 'NONE',  ( -44.06303808268215505, -0.01000000000000002623, -1.019162487798514754E-12 ) ) ;
#3682 = EDGE_LOOP ( 'NONE', ( #5141, #4790, #764, #3590 ) ) ;
#3683 = CARTESIAN_POINT ( 'NONE',  ( -44.06303808268222610, 0.000000000000000000, 4.406718403488665281 ) ) ;
#3684 = CARTESIAN_POINT ( 'NONE',  ( -44.06303808268221900, 0.6500000000000000222, 2.606718403488665459 ) ) ;
#3685 = VECTOR ( 'NONE', #2700, 1000.000000000000000 ) ;
#3686 = CARTESIAN_POINT ( 'NONE',  ( -34.75155472807056611, -0.01000000000000002623, 11.00671840348866404 ) ) ;
#3687 = CARTESIAN_POINT ( 'NONE',  ( -35.26303808268227158, -0.01000000000000002623, 0.000000000000000000 ) ) ;
#3688 = CARTESIAN_POINT ( 'NONE',  ( -34.75155472807056611, -0.01000000000000002623, 11.80671840348866297 ) ) ;
#3689 = LINE ( 'NONE', #4179, #1447 ) ;
#3690 = ORIENTED_EDGE ( 'NONE', *, *, #3, .F. ) ;
#3691 = LINE ( 'NONE', #4966, #548 ) ;
#3692 = EDGE_CURVE ( 'NONE', #4388, #831, #1937, .T. ) ;
#3693 = EDGE_CURVE ( 'NONE', #47, #2155, #4017, .T. ) ;
#3694 = ADVANCED_FACE ( 'NONE', ( #3608 ), #5259, .F. ) ;
#3695 = ADVANCED_FACE ( 'NONE', ( #1608 ), #4501, .F. ) ;
#3696 = FACE_OUTER_BOUND ( 'NONE', #2540, .T. ) ;
#3697 = FACE_OUTER_BOUND ( 'NONE', #4101, .T. ) ;
#3698 = ORIENTED_EDGE ( 'NONE', *, *, #2499, .T. ) ;
#3699 = EDGE_LOOP ( 'NONE', ( #840, #27, #2788, #2428, #270 ) ) ;
#3700 = EDGE_CURVE ( 'NONE', #2023, #3433, #793, .T. ) ;
#3701 = DIRECTION ( 'NONE',  ( 0.000000000000000000, 1.000000000000000000, 0.000000000000000000 ) ) ;
#3702 = CARTESIAN_POINT ( 'NONE',  ( -44.06303808268224742, 0.000000000000000000, 10.30671840348866475 ) ) ;
#3703 = VECTOR ( 'NONE', #5223, 1000.000000000000000 ) ;
#3704 = ORIENTED_EDGE ( 'NONE', *, *, #3164, .F. ) ;
#3705 = EDGE_LOOP ( 'NONE', ( #5347, #3404, #148, #5330 ) ) ;
#3706 = DIRECTION ( 'NONE',  ( 1.000000000000000000, 0.000000000000000000, 0.000000000000000000 ) ) ;
#3707 = ORIENTED_EDGE ( 'NONE', *, *, #364, .T. ) ;
#3708 = ORIENTED_EDGE ( 'NONE', *, *, #4123, .F. ) ;
#3709 = LINE ( 'NONE', #333, #1835 ) ;
#3710 = DIRECTION ( 'NONE',  ( 0.000000000000000000, 0.000000000000000000, 1.000000000000000000 ) ) ;
#3711 = EDGE_CURVE ( 'NONE', #5192, #2485, #388, .T. ) ;
#3712 = LINE ( 'NONE', #5312, #4795 ) ;
#3713 = DIRECTION ( 'NONE',  ( 1.000000000000000000, -0.000000000000000000, 0.000000000000000000 ) ) ;
#3714 = CARTESIAN_POINT ( 'NONE',  ( -44.06303808268223321, 0.000000000000000000, 5.706718403488665103 ) ) ;
#3715 = CARTESIAN_POINT ( 'NONE',  ( -34.36303808268245064, -0.01000000000000002623, 7.948049182388551082E-13 ) ) ;
#3716 = ORIENTED_EDGE ( 'NONE', *, *, #1030, .T. ) ;
#3717 = PLANE ( 'NONE',  #2878 ) ;
#3718 = VECTOR ( 'NONE', #2504, 1000.000000000000000 ) ;
#3719 = PLANE ( 'NONE',  #1764 ) ;
#3720 = EDGE_CURVE ( 'NONE', #560, #4227, #1163, .T. ) ;
#3721 = EDGE_CURVE ( 'NONE', #3320, #5026, #4641, .T. ) ;
#3722 = FACE_OUTER_BOUND ( 'NONE', #2702, .T. ) ;
#3723 = VERTEX_POINT ( 'NONE', #3019 ) ;
#3724 = ORIENTED_EDGE ( 'NONE', *, *, #550, .T. ) ;
#3725 = CARTESIAN_POINT ( 'NONE',  ( -34.36303808268226589, 0.000000000000000000, 9.206718403488665103 ) ) ;
#3726 = DIRECTION ( 'NONE',  ( -0.000000000000000000, -1.000000000000000000, -0.000000000000000000 ) ) ;
#3727 = EDGE_CURVE ( 'NONE', #2730, #2803, #992, .T. ) ;
#3728 = VECTOR ( 'NONE', #4277, 1000.000000000000000 ) ;
#3729 = ORIENTED_EDGE ( 'NONE', *, *, #4262, .F. ) ;
#3730 = VERTEX_POINT ( 'NONE', #201 ) ;
#3731 = PLANE ( 'NONE',  #4725 ) ;
#3732 = ORIENTED_EDGE ( 'NONE', *, *, #3727, .T. ) ;
#3733 = DIRECTION ( 'NONE',  ( -0.000000000000000000, 1.000000000000000000, -0.000000000000000000 ) ) ;
#3734 = ORIENTED_EDGE ( 'NONE', *, *, #823, .F. ) ;
#3735 = LINE ( 'NONE', #30, #1752 ) ;
#3736 = DIRECTION ( 'NONE',  ( 1.000000000000000000, -0.000000000000000000, -0.000000000000000000 ) ) ;
#3737 = AXIS2_PLACEMENT_3D ( 'NONE', #5059, #2897, #3008 ) ;
#3738 = EDGE_CURVE ( 'NONE', #4227, #3128, #120, .T. ) ;
#3739 = VECTOR ( 'NONE', #3981, 1000.000000000000000 ) ;
#3740 = CARTESIAN_POINT ( 'NONE',  ( -34.36303808268225879, 0.6500000000000000222, 10.10671840348866546 ) ) ;
#3741 = VECTOR ( 'NONE', #982, 1000.000000000000000 ) ;
#3742 = AXIS2_PLACEMENT_3D ( 'NONE', #206, #5075, #1373 ) ;
#3743 = PLANE ( 'NONE',  #4510 ) ;
#3744 = ADVANCED_FACE ( 'NONE', ( #4728 ), #28, .F. ) ;
#3745 = CARTESIAN_POINT ( 'NONE',  ( -43.70131370585286845, -0.01000000000000002623, 11.98732127763674171 ) ) ;
#3746 = DIRECTION ( 'NONE',  ( 0.000000000000000000, 1.000000000000000000, 0.000000000000000000 ) ) ;
#3747 = ORIENTED_EDGE ( 'NONE', *, *, #4582, .F. ) ;
#3748 = CARTESIAN_POINT ( 'NONE',  ( -34.36303808268227300, 0.6500000000000000222, 6.106718403488664570 ) ) ;
#3749 = VECTOR ( 'NONE', #3226, 1000.000000000000000 ) ;
#3750 = DIRECTION ( 'NONE',  ( 0.000000000000000000, 1.000000000000000000, 0.000000000000000000 ) ) ;
#3751 = AXIS2_PLACEMENT_3D ( 'NONE', #1746, #4612, #4295 ) ;
#3752 = CARTESIAN_POINT ( 'NONE',  ( -43.16303808268223463, -0.01000000000000002623, 5.506718403488664926 ) ) ;
#3753 = ORIENTED_EDGE ( 'NONE', *, *, #3185, .T. ) ;
#3754 = VERTEX_POINT ( 'NONE', #2206 ) ;
#3755 = EDGE_CURVE ( 'NONE', #2328, #1733, #5041, .T. ) ;
#3756 = DIRECTION ( 'NONE',  ( -1.000000000000000000, 0.000000000000000000, 9.637352644315616444E-16 ) ) ;
#3757 = CARTESIAN_POINT ( 'NONE',  ( 0.000000000000000000, -0.01000000000000002623, 9.906718403488664393 ) ) ;
#3758 = VECTOR ( 'NONE', #1796, 1000.000000000000000 ) ;
#3759 = AXIS2_PLACEMENT_3D ( 'NONE', #1909, #4015, #2688 ) ;
#3760 = ORIENTED_EDGE ( 'NONE', *, *, #319, .T. ) ;
#3761 = ORIENTED_EDGE ( 'NONE', *, *, #5150, .T. ) ;
#3762 = DIRECTION ( 'NONE',  ( -9.637352644315616444E-16, 0.000000000000000000, 1.000000000000000000 ) ) ;
#3763 = EDGE_LOOP ( 'NONE', ( #3007, #24, #4232, #1438 ) ) ;
#3764 = ORIENTED_EDGE ( 'NONE', *, *, #4426, .T. ) ;
#3765 = CARTESIAN_POINT ( 'NONE',  ( -44.06303808268224742, 0.000000000000000000, 10.10671840348866546 ) ) ;
#3766 = PLANE ( 'NONE',  #478 ) ;
#3767 = VECTOR ( 'NONE', #3988, 1000.000000000000000 ) ;
#3768 = ORIENTED_EDGE ( 'NONE', *, *, #1721, .F. ) ;
#3769 = CARTESIAN_POINT ( 'NONE',  ( -44.06303808268224032, 0.6500000000000000222, 7.906718403488666169 ) ) ;
#3770 = VECTOR ( 'NONE', #1920, 1000.000000000000000 ) ;
#3771 = DIRECTION ( 'NONE',  ( 0.000000000000000000, 0.000000000000000000, 1.000000000000000000 ) ) ;
#3772 = CARTESIAN_POINT ( 'NONE',  ( -39.70735580523984254, -1.010000000000000009, 2.027399959825791687 ) ) ;
#3773 = DIRECTION ( 'NONE',  ( -0.000000000000000000, -1.000000000000000000, -0.000000000000000000 ) ) ;
#3774 = EDGE_LOOP ( 'NONE', ( #2401, #3436, #1318, #4569, #4189, #3808 ) ) ;
#3775 = CARTESIAN_POINT ( 'NONE',  ( -34.36303808268226589, 0.6500000000000000222, 9.006718403488664038 ) ) ;
#3776 = AXIS2_PLACEMENT_3D ( 'NONE', #285, #3589, #1151 ) ;
#3777 = CARTESIAN_POINT ( 'NONE',  ( -43.70131370585286845, -0.01000000000000002623, 11.98732127763674171 ) ) ;
#3778 = DIRECTION ( 'NONE',  ( 0.000000000000000000, 0.000000000000000000, -1.000000000000000000 ) ) ;
#3779 = ORIENTED_EDGE ( 'NONE', *, *, #4493, .F. ) ;
#3780 = EDGE_LOOP ( 'NONE', ( #2105, #2134, #2506, #4243 ) ) ;
#3781 = ADVANCED_FACE ( 'NONE', ( #3100 ), #1344, .F. ) ;
#3782 = DIRECTION ( 'NONE',  ( 0.000000000000000000, 0.000000000000000000, 1.000000000000000000 ) ) ;
#3783 = ORIENTED_EDGE ( 'NONE', *, *, #2381, .F. ) ;
#3784 = EDGE_LOOP ( 'NONE', ( #4925, #643, #1630, #2909 ) ) ;
#3785 = VECTOR ( 'NONE', #3533, 1000.000000000000000 ) ;
#3786 = CARTESIAN_POINT ( 'NONE',  ( -34.36303808268227300, 0.000000000000000000, 4.806718403488665636 ) ) ;
#3787 = ORIENTED_EDGE ( 'NONE', *, *, #2794, .T. ) ;
#3788 = ORIENTED_EDGE ( 'NONE', *, *, #981, .T. ) ;
#3789 = DIRECTION ( 'NONE',  ( -0.000000000000000000, 0.000000000000000000, 1.000000000000000000 ) ) ;
#3790 = FACE_OUTER_BOUND ( 'NONE', #1613, .T. ) ;
#3791 = APPROVAL ( #1806, 'UNSPECIFIED' ) ;
#3792 = AXIS2_PLACEMENT_3D ( 'NONE', #3274, #2458, #4060 ) ;
#3793 = ORIENTED_EDGE ( 'NONE', *, *, #4756, .T. ) ;
#3794 = EDGE_CURVE ( 'NONE', #1999, #3253, #4271, .T. ) ;
#3795 = PLANE ( 'NONE',  #2200 ) ;
#3796 = EDGE_CURVE ( 'NONE', #1385, #4087, #606, .T. ) ;
#3797 = EDGE_CURVE ( 'NONE', #5081, #3856, #1799, .T. ) ;
#3798 = PLANE ( 'NONE',  #3915 ) ;
#3799 = DIRECTION ( 'NONE',  ( 0.000000000000000000, 0.000000000000000000, -1.000000000000000000 ) ) ;
#3800 = LINE ( 'NONE', #4814, #3905 ) ;
#3801 = ORIENTED_EDGE ( 'NONE', *, *, #917, .F. ) ;
#3802 = EDGE_CURVE ( 'NONE', #3253, #4595, #2990, .T. ) ;
#3803 = CARTESIAN_POINT ( 'NONE',  ( -43.16303808268224884, -0.01000000000000002623, 0.000000000000000000 ) ) ;
#3804 = ADVANCED_FACE ( 'NONE', ( #4667 ), #962, .F. ) ;
#3805 = FACE_OUTER_BOUND ( 'NONE', #15, .T. ) ;
#3806 = DIRECTION ( 'NONE',  ( -1.000000000000000000, 0.000000000000000000, 0.000000000000000000 ) ) ;
#3807 = ORIENTED_EDGE ( 'NONE', *, *, #2271, .T. ) ;
#3808 = ORIENTED_EDGE ( 'NONE', *, *, #3381, .T. ) ;
#3809 = CARTESIAN_POINT ( 'NONE',  ( -43.70131370585286845, -0.01000000000000002623, 11.98732127763674171 ) ) ;
#3810 = PERSON_AND_ORGANIZATION ( #437, #2236 ) ;
#3811 = VECTOR ( 'NONE', #1069, 1000.000000000000000 ) ;
#3812 = CARTESIAN_POINT ( 'NONE',  ( -43.70131370585286845, -0.01000000000000002623, 11.98732127763674171 ) ) ;
#3813 = ORIENTED_EDGE ( 'NONE', *, *, #4091, .F. ) ;
#3814 = FACE_OUTER_BOUND ( 'NONE', #592, .T. ) ;
#3815 = ORIENTED_EDGE ( 'NONE', *, *, #58, .F. ) ;
#3816 = VERTEX_POINT ( 'NONE', #937 ) ;
#3817 = DIRECTION ( 'NONE',  ( 0.000000000000000000, 0.000000000000000000, 1.000000000000000000 ) ) ;
#3818 = LINE ( 'NONE', #1709, #5146 ) ;
#3819 = VECTOR ( 'NONE', #1119, 1000.000000000000000 ) ;
#3820 = VERTEX_POINT ( 'NONE', #1453 ) ;
#3821 = AXIS2_PLACEMENT_3D ( 'NONE', #3987, #1470, #5177 ) ;
#3822 = LINE ( 'NONE', #1416, #2634 ) ;
#3823 = ADVANCED_FACE ( 'NONE', ( #2614 ), #2584, .F. ) ;
#3824 = DIRECTION ( 'NONE',  ( -1.000000000000000000, 0.000000000000000000, 0.000000000000000000 ) ) ;
#3825 = CARTESIAN_POINT ( 'NONE',  ( -34.36303808268228011, -0.01000000000000002623, 3.006718403488664482 ) ) ;
#3826 = DIRECTION ( 'NONE',  ( 0.000000000000000000, 0.000000000000000000, -1.000000000000000000 ) ) ;
#3827 = LINE ( 'NONE', #113, #468 ) ;
#3828 = VECTOR ( 'NONE', #1031, 1000.000000000000000 ) ;
#3829 = CYLINDRICAL_SURFACE ( 'NONE', #1855, 0.1999999999999996503 ) ;
#3830 = CARTESIAN_POINT ( 'NONE',  ( -44.06303808268206268, -0.01000000000000002623, -1.019162487798512533E-12 ) ) ;
#3831 = CARTESIAN_POINT ( 'NONE',  ( -34.36303808268226589, 0.6500000000000000222, 9.406718403488666169 ) ) ;
#3832 = LINE ( 'NONE', #3534, #5281 ) ;
#3833 = ORIENTED_EDGE ( 'NONE', *, *, #195, .T. ) ;
#3834 = ORIENTED_EDGE ( 'NONE', *, *, #1780, .T. ) ;
#3835 = DIRECTION ( 'NONE',  ( -0.000000000000000000, -0.000000000000000000, 1.000000000000000000 ) ) ;
#3836 = LINE ( 'NONE', #3757, #508 ) ;
#3837 = ADVANCED_FACE ( 'NONE', ( #4240 ), #3881, .T. ) ;
#3838 = PLANE ( 'NONE',  #872 ) ;
#3839 = ORIENTED_EDGE ( 'NONE', *, *, #4782, .F. ) ;
#3840 = CARTESIAN_POINT ( 'NONE',  ( -35.26303808268227158, -0.01000000000000002623, 6.306718403488663860 ) ) ;
#3841 = VERTEX_POINT ( 'NONE', #4347 ) ;
#3842 = AXIS2_PLACEMENT_3D ( 'NONE', #5094, #1854, #5155 ) ;
#3843 = ORIENTED_EDGE ( 'NONE', *, *, #5221, .T. ) ;
#3844 = DIRECTION ( 'NONE',  ( 1.000000000000000000, 0.000000000000000000, 0.000000000000000000 ) ) ;
#3845 = LINE ( 'NONE', #1409, #3939 ) ;
#3846 = EDGE_LOOP ( 'NONE', ( #3793, #832, #2028, #4030, #5089 ) ) ;
#3847 = VECTOR ( 'NONE', #2602, 1000.000000000000000 ) ;
#3848 = LINE ( 'NONE', #138, #4453 ) ;
#3849 = DIRECTION ( 'NONE',  ( -9.637352644315616444E-16, 0.000000000000000000, -1.000000000000000000 ) ) ;
#3850 = CARTESIAN_POINT ( 'NONE',  ( -34.36303808268226589, 0.6500000000000000222, 9.206718403488665103 ) ) ;
#3851 = DIRECTION ( 'NONE',  ( -1.000000000000000000, 0.000000000000000000, 0.000000000000000000 ) ) ;
#3852 = DIRECTION ( 'NONE',  ( 1.000000000000000000, 0.000000000000000000, 0.000000000000000000 ) ) ;
#3853 = DIRECTION ( 'NONE',  ( 0.000000000000000000, 0.000000000000000000, -1.000000000000000000 ) ) ;
#3854 = LINE ( 'NONE', #4241, #3955 ) ;
#3855 = DIRECTION ( 'NONE',  ( 0.000000000000000000, 0.000000000000000000, 1.000000000000000000 ) ) ;
#3856 = VERTEX_POINT ( 'NONE', #4297 ) ;
#3857 = EDGE_CURVE ( 'NONE', #3327, #1496, #632, .T. ) ;
#3858 = ORIENTED_EDGE ( 'NONE', *, *, #3113, .T. ) ;
#3859 = DIRECTION ( 'NONE',  ( 0.000000000000000000, -0.000000000000000000, 1.000000000000000000 ) ) ;
#3860 = CARTESIAN_POINT ( 'NONE',  ( 2.275710176530992711E-14, -0.01000000000000002623, 11.80671840348857948 ) ) ;
#3861 = ADVANCED_FACE ( 'NONE', ( #744 ), #690, .F. ) ;
#3862 = EDGE_CURVE ( 'NONE', #4038, #3754, #2313, .T. ) ;
#3863 = EDGE_CURVE ( 'NONE', #3538, #4645, #1556, .T. ) ;
#3864 = PLANE ( 'NONE',  #2094 ) ;
#3865 = EDGE_CURVE ( 'NONE', #595, #4853, #3124, .T. ) ;
#3866 = VERTEX_POINT ( 'NONE', #2341 ) ;
#3867 = FACE_OUTER_BOUND ( 'NONE', #996, .T. ) ;
#3868 = ORIENTED_EDGE ( 'NONE', *, *, #1951, .F. ) ;
#3869 = ORIENTED_EDGE ( 'NONE', *, *, #4269, .T. ) ;
#3870 = FACE_OUTER_BOUND ( 'NONE', #4850, .T. ) ;
#3871 = CARTESIAN_POINT ( 'NONE',  ( -43.70131370585286845, -0.01000000000000002623, 11.98732127763674171 ) ) ;
#3872 = DIRECTION ( 'NONE',  ( 0.000000000000000000, 0.000000000000000000, 1.000000000000000000 ) ) ;
#3873 = ORIENTED_EDGE ( 'NONE', *, *, #782, .F. ) ;
#3874 = CARTESIAN_POINT ( 'NONE',  ( -42.49940005278327959, -1.010000000000000009, 11.98732127763674171 ) ) ;
#3875 = EDGE_CURVE ( 'NONE', #2317, #366, #3152, .T. ) ;
#3876 = VECTOR ( 'NONE', #834, 1000.000000000000000 ) ;
#3877 = FACE_OUTER_BOUND ( 'NONE', #4167, .T. ) ;
#3878 = FACE_OUTER_BOUND ( 'NONE', #271, .T. ) ;
#3879 = DIRECTION ( 'NONE',  ( 1.000000000000000000, 0.000000000000000000, 0.000000000000000000 ) ) ;
#3880 = DIRECTION ( 'NONE',  ( -0.000000000000000000, -1.000000000000000000, -0.000000000000000000 ) ) ;
#3881 = PLANE ( 'NONE',  #5039 ) ;
#3882 = CARTESIAN_POINT ( 'NONE',  ( -34.36303808268226589, 0.000000000000000000, 8.506718403488665814 ) ) ;
#3883 = LINE ( 'NONE', #1831, #869 ) ;
#3884 = ORIENTED_EDGE ( 'NONE', *, *, #2903, .T. ) ;
#3885 = VERTEX_POINT ( 'NONE', #4775 ) ;
#3886 = LINE ( 'NONE', #1805, #2618 ) ;
#3887 = FACE_OUTER_BOUND ( 'NONE', #2014, .T. ) ;
#3888 = ORIENTED_EDGE ( 'NONE', *, *, #1282, .T. ) ;
#3889 = ADVANCED_FACE ( 'NONE', ( #231 ), #314, .F. ) ;
#3890 = CARTESIAN_POINT ( 'NONE',  ( 0.000000000000000000, -0.01000000000000002623, 0.000000000000000000 ) ) ;
#3891 = ORIENTED_EDGE ( 'NONE', *, *, #3000, .F. ) ;
#3892 = ORIENTED_EDGE ( 'NONE', *, *, #3242, .T. ) ;
#3893 = CARTESIAN_POINT ( 'NONE',  ( 0.000000000000000000, -0.01000000000000002623, 0.000000000000000000 ) ) ;
#3894 = LINE ( 'NONE', #182, #3013 ) ;
#3895 = AXIS2_PLACEMENT_3D ( 'NONE', #2961, #1237, #2886 ) ;
#3896 = ORIENTED_EDGE ( 'NONE', *, *, #87, .F. ) ;
#3897 = DIRECTION ( 'NONE',  ( 0.000000000000000000, -1.000000000000000000, 0.000000000000000000 ) ) ;
#3898 = ORIENTED_EDGE ( 'NONE', *, *, #4712, .T. ) ;
#3899 = LINE ( 'NONE', #2735, #389 ) ;
#3900 = EDGE_CURVE ( 'NONE', #1456, #5036, #2718, .T. ) ;
#3901 = VECTOR ( 'NONE', #3985, 1000.000000000000000 ) ;
#3902 = EDGE_CURVE ( 'NONE', #5005, #4009, #4481, .T. ) ;
#3903 = LINE ( 'NONE', #3441, #2027 ) ;
#3904 = CARTESIAN_POINT ( 'NONE',  ( -43.16303808268222753, -0.01000000000000002623, 4.406718403488665281 ) ) ;
#3905 = VECTOR ( 'NONE', #4213, 1000.000000000000000 ) ;
#3906 = EDGE_CURVE ( 'NONE', #3730, #4807, #5238, .T. ) ;
#3907 = CARTESIAN_POINT ( 'NONE',  ( -34.75155472807056611, -0.01000000000000002623, 11.98732127763674171 ) ) ;
#3908 = CARTESIAN_POINT ( 'NONE',  ( 0.000000000000000000, -0.01000000000000002623, 2.206718403488665103 ) ) ;
#3909 = LINE ( 'NONE', #1428, #5105 ) ;
#3910 = PLANE ( 'NONE',  #4675 ) ;
#3911 = ORIENTED_EDGE ( 'NONE', *, *, #3527, .F. ) ;
#3912 = VECTOR ( 'NONE', #3835, 1000.000000000000000 ) ;
#3913 = EDGE_LOOP ( 'NONE', ( #2624, #3003, #4413, #3383, #3787, #4568, #2679, #668, #2964, #3561, #4075, #5100, #720, #4406, #1167, #2595, #1519, #2778, #3522, #3926, #1832, #324 ) ) ;
#3914 = DIRECTION ( 'NONE',  ( 0.000000000000000000, 1.000000000000000000, 0.000000000000000000 ) ) ;
#3915 = AXIS2_PLACEMENT_3D ( 'NONE', #551, #3849, #61 ) ;
#3916 = AXIS2_PLACEMENT_3D ( 'NONE', #1047, #3024, #4673 ) ;
#3917 = LINE ( 'NONE', #5054, #2775 ) ;
#3918 = ORIENTED_EDGE ( 'NONE', *, *, #687, .F. ) ;
#3919 = LINE ( 'NONE', #972, #402 ) ;
#3920 = ORIENTED_EDGE ( 'NONE', *, *, #846, .T. ) ;
#3921 = ORIENTED_EDGE ( 'NONE', *, *, #384, .F. ) ;
#3922 = LINE ( 'NONE', #617, #4518 ) ;
#3923 = CARTESIAN_POINT ( 'NONE',  ( 0.000000000000000000, -0.01000000000000002623, 5.506718403488664926 ) ) ;
#3924 = VECTOR ( 'NONE', #3254, 1000.000000000000000 ) ;
#3925 = VECTOR ( 'NONE', #1365, 1000.000000000000000 ) ;
#3926 = ORIENTED_EDGE ( 'NONE', *, *, #2201, .T. ) ;
#3927 = PLANE ( 'NONE',  #2280 ) ;
#3928 = ORIENTED_EDGE ( 'NONE', *, *, #1549, .F. ) ;
#3929 = VECTOR ( 'NONE', #578, 1000.000000000000000 ) ;
#3930 = DIRECTION ( 'NONE',  ( 0.000000000000000000, 0.000000000000000000, -1.000000000000000000 ) ) ;
#3931 = FACE_OUTER_BOUND ( 'NONE', #369, .T. ) ;
#3932 = VECTOR ( 'NONE', #3269, 1000.000000000000000 ) ;
#3933 = EDGE_CURVE ( 'NONE', #4009, #3399, #3235, .T. ) ;
#3934 = EDGE_CURVE ( 'NONE', #3264, #29, #3611, .T. ) ;
#3935 = AXIS2_PLACEMENT_3D ( 'NONE', #111, #4605, #2636 ) ;
#3936 = VECTOR ( 'NONE', #980, 1000.000000000000000 ) ;
#3937 = CARTESIAN_POINT ( 'NONE',  ( -43.16303808268224884, -0.01000000000000002623, 10.70671840348866333 ) ) ;
#3938 = FACE_OUTER_BOUND ( 'NONE', #5003, .T. ) ;
#3939 = VECTOR ( 'NONE', #1357, 1000.000000000000000 ) ;
#3940 = DIRECTION ( 'NONE',  ( 0.000000000000000000, 0.000000000000000000, 1.000000000000000000 ) ) ;
#3941 = DIRECTION ( 'NONE',  ( 0.000000000000000000, 1.000000000000000000, 0.000000000000000000 ) ) ;
#3942 = DIRECTION ( 'NONE',  ( -1.000000000000000000, 0.000000000000000000, 9.637352644315616444E-16 ) ) ;
#3943 = LINE ( 'NONE', #4730, #1912 ) ;
#3944 = VERTEX_POINT ( 'NONE', #5184 ) ;
#3945 = VERTEX_POINT ( 'NONE', #3638 ) ;
#3946 = FACE_OUTER_BOUND ( 'NONE', #2466, .T. ) ;
#3947 = AXIS2_PLACEMENT_3D ( 'NONE', #3681, #5337, #4953 ) ;
#3948 = ORIENTED_EDGE ( 'NONE', *, *, #2502, .T. ) ;
#3949 = EDGE_CURVE ( 'NONE', #697, #4562, #1992, .T. ) ;
#3950 = DIRECTION ( 'NONE',  ( -1.000000000000000000, 0.000000000000000000, 0.000000000000000000 ) ) ;
#3951 = ORIENTED_EDGE ( 'NONE', *, *, #2939, .F. ) ;
#3952 = ORIENTED_EDGE ( 'NONE', *, *, #3250, .F. ) ;
#3953 = CARTESIAN_POINT ( 'NONE',  ( 0.000000000000000000, -0.01000000000000002623, 0.000000000000000000 ) ) ;
#3954 = LINE ( 'NONE', #4411, #4055 ) ;
#3955 = VECTOR ( 'NONE', #4324, 1000.000000000000000 ) ;
#3956 = VERTEX_POINT ( 'NONE', #4885 ) ;
#3957 = FACE_OUTER_BOUND ( 'NONE', #4617, .T. ) ;
#3958 = ORIENTED_EDGE ( 'NONE', *, *, #3865, .T. ) ;
#3959 = CARTESIAN_POINT ( 'NONE',  ( -43.70131370585286845, -1.010000000000000009, 11.98732127763674171 ) ) ;
#3960 = CARTESIAN_POINT ( 'NONE',  ( -44.06303808268224032, 0.000000000000000000, 8.106718403488665459 ) ) ;
#3961 = EDGE_CURVE ( 'NONE', #1999, #4616, #1178, .T. ) ;
#3962 = ADVANCED_FACE ( 'NONE', ( #5264 ), #1505, .F. ) ;
#3963 = ADVANCED_FACE ( 'NONE', ( #3532 ), #3996, .F. ) ;
#3964 = ADVANCED_FACE ( 'NONE', ( #4826 ), #2770, .F. ) ;
#3965 = DIRECTION ( 'NONE',  ( 0.000000000000000000, 1.000000000000000000, 0.000000000000000000 ) ) ;
#3966 = EDGE_CURVE ( 'NONE', #743, #3371, #2366, .T. ) ;
#3967 = DIRECTION ( 'NONE',  ( 0.000000000000000000, -0.000000000000000000, -1.000000000000000000 ) ) ;
#3968 = APPROVAL_PERSON_ORGANIZATION ( #535, #3791, #4704 ) ;
#3969 = DIRECTION ( 'NONE',  ( -0.000000000000000000, -0.000000000000000000, 1.000000000000000000 ) ) ;
#3970 = CARTESIAN_POINT ( 'NONE',  ( -44.06303808268224742, 0.6500000000000000222, 9.406718403488666169 ) ) ;
#3971 = DIRECTION ( 'NONE',  ( -0.000000000000000000, -1.000000000000000000, -0.000000000000000000 ) ) ;
#3972 = DIRECTION ( 'NONE',  ( -0.000000000000000000, -1.000000000000000000, 0.000000000000000000 ) ) ;
#3973 = VERTEX_POINT ( 'NONE', #3688 ) ;
#3974 = ORIENTED_EDGE ( 'NONE', *, *, #1050, .T. ) ;
#3975 = CARTESIAN_POINT ( 'NONE',  ( 5.017898137406786311E-15, -0.01000000000000002623, 5.206718403488622471 ) ) ;
#3976 = EDGE_CURVE ( 'NONE', #4072, #4894, #441, .T. ) ;
#3977 = VERTEX_POINT ( 'NONE', #1637 ) ;
#3978 = CARTESIAN_POINT ( 'NONE',  ( -44.06303808268224742, 0.6500000000000000222, 0.000000000000000000 ) ) ;
#3979 = ORIENTED_EDGE ( 'NONE', *, *, #5022, .T. ) ;
#3980 = ORIENTED_EDGE ( 'NONE', *, *, #4330, .T. ) ;
#3981 = DIRECTION ( 'NONE',  ( 1.000000000000000000, 0.000000000000000000, 0.000000000000000000 ) ) ;
#3982 = CARTESIAN_POINT ( 'NONE',  ( -34.36303808268226589, 0.000000000000000000, 9.606718403488663682 ) ) ;
#3983 = VERTEX_POINT ( 'NONE', #1308 ) ;
#3984 = ORIENTED_EDGE ( 'NONE', *, *, #4745, .F. ) ;
#3985 = DIRECTION ( 'NONE',  ( 0.000000000000000000, 0.000000000000000000, -1.000000000000000000 ) ) ;
#3986 = ORIENTED_EDGE ( 'NONE', *, *, #3068, .F. ) ;
#3987 = CARTESIAN_POINT ( 'NONE',  ( 5.017898137406786311E-15, -0.01000000000000002623, 5.206718403488622471 ) ) ;
#3988 = DIRECTION ( 'NONE',  ( 0.000000000000000000, 1.000000000000000000, 0.000000000000000000 ) ) ;
#3989 = EDGE_CURVE ( 'NONE', #5163, #697, #4963, .T. ) ;
#3990 = VECTOR ( 'NONE', #938, 1000.000000000000000 ) ;
#3991 = ADVANCED_FACE ( 'NONE', ( #3313 ), #825, .F. ) ;
#3992 = PLANE ( 'NONE',  #1944 ) ;
#3993 = AXIS2_PLACEMENT_3D ( 'NONE', #4995, #1290, #2833 ) ;
#3994 = CARTESIAN_POINT ( 'NONE',  ( 0.000000000000000000, -0.01000000000000002623, 6.606718403488665459 ) ) ;
#3995 = DIRECTION ( 'NONE',  ( 0.000000000000000000, 1.000000000000000000, 0.000000000000000000 ) ) ;
#3996 = PLANE ( 'NONE',  #213 ) ;
#3997 = CARTESIAN_POINT ( 'NONE',  ( -44.06303808268222610, 0.6500000000000000222, 3.906718403488665281 ) ) ;
#3998 = ORIENTED_EDGE ( 'NONE', *, *, #4579, .F. ) ;
#3999 = VECTOR ( 'NONE', #814, 1000.000000000000000 ) ;
#4000 = DIRECTION ( 'NONE',  ( 0.000000000000000000, -0.000000000000000000, -1.000000000000000000 ) ) ;
#4001 = ORIENTED_EDGE ( 'NONE', *, *, #1895, .T. ) ;
#4002 = VECTOR ( 'NONE', #2590, 1000.000000000000000 ) ;
#4003 = DIRECTION ( 'NONE',  ( -0.000000000000000000, -1.000000000000000000, -0.000000000000000000 ) ) ;
#4004 = VERTEX_POINT ( 'NONE', #3714 ) ;
#4005 = ORIENTED_EDGE ( 'NONE', *, *, #424, .T. ) ;
#4006 = DIRECTION ( 'NONE',  ( 0.000000000000000000, 0.000000000000000000, -1.000000000000000000 ) ) ;
#4007 = DIRECTION ( 'NONE',  ( 0.000000000000000000, 0.000000000000000000, -1.000000000000000000 ) ) ;
#4008 = VECTOR ( 'NONE', #1894, 1000.000000000000000 ) ;
#4009 = VERTEX_POINT ( 'NONE', #4127 ) ;
#4010 = EDGE_LOOP ( 'NONE', ( #1917, #4415, #3247, #1375 ) ) ;
#4011 = PLANE ( 'NONE',  #2968 ) ;
#4012 = EDGE_LOOP ( 'NONE', ( #1355, #4315, #3299, #1158, #3084, #3704 ) ) ;
#4013 = DIRECTION ( 'NONE',  ( 0.000000000000000000, -0.000000000000000000, -1.000000000000000000 ) ) ;
#4014 = DIRECTION ( 'NONE',  ( -1.000000000000000000, -0.000000000000000000, -0.000000000000000000 ) ) ;
#4015 = DIRECTION ( 'NONE',  ( 0.000000000000000000, -1.000000000000000000, 0.000000000000000000 ) ) ;
#4016 = AXIS2_PLACEMENT_3D ( 'NONE', #4095, #3260, #4908 ) ;
#4017 = LINE ( 'NONE', #311, #2541 ) ;
#4018 = VECTOR ( 'NONE', #1662, 1000.000000000000000 ) ;
#4019 = DIRECTION ( 'NONE',  ( -1.000000000000000000, 0.000000000000000000, 0.000000000000000000 ) ) ;
#4020 = VERTEX_POINT ( 'NONE', #799 ) ;
#4022 = DIRECTION ( 'NONE',  ( -1.000000000000000000, 0.000000000000000000, 0.000000000000000000 ) ) ;
#4021 = VECTOR ( 'NONE', #2544, 1000.000000000000000 ) ;
#4023 = CARTESIAN_POINT ( 'NONE',  ( -43.16303808268222753, -0.01000000000000002623, 5.206718403488664215 ) ) ;
#4024 = EDGE_LOOP ( 'NONE', ( #103, #1029, #4109, #2617 ) ) ;
#4025 = CARTESIAN_POINT ( 'NONE',  ( -35.26303808268225737, 0.000000000000000000, 10.70671840348866333 ) ) ;
#4026 = PLANE ( 'NONE',  #4614 ) ;
#4027 = EDGE_CURVE ( 'NONE', #1113, #2382, #471, .T. ) ;
#4028 = ADVANCED_FACE ( 'NONE', ( #4534 ), #2954, .T. ) ;
#4029 = CARTESIAN_POINT ( 'NONE',  ( -35.26303808268227868, -0.01000000000000002623, 4.106718403488663682 ) ) ;
#4030 = ORIENTED_EDGE ( 'NONE', *, *, #3215, .F. ) ;
#4031 = ORIENTED_EDGE ( 'NONE', *, *, #654, .F. ) ;
#4032 = EDGE_CURVE ( 'NONE', #4786, #1113, #4505, .T. ) ;
#4033 = LINE ( 'NONE', #1564, #19 ) ;
#4034 = LINE ( 'NONE', #3677, #3876 ) ;
#4035 = EDGE_CURVE ( 'NONE', #2526, #3315, #1204, .T. ) ;
#4036 = AXIS2_PLACEMENT_3D ( 'NONE', #4200, #512, #2972 ) ;
#4037 = ORIENTED_EDGE ( 'NONE', *, *, #1643, .F. ) ;
#4038 = VERTEX_POINT ( 'NONE', #2122 ) ;
#4039 = PLANE ( 'NONE',  #2019 ) ;
#4040 = VERTEX_POINT ( 'NONE', #473 ) ;
#4041 = DIRECTION ( 'NONE',  ( -0.000000000000000000, -1.000000000000000000, 0.000000000000000000 ) ) ;
#4042 = VECTOR ( 'NONE', #4402, 1000.000000000000000 ) ;
#4043 = CARTESIAN_POINT ( 'NONE',  ( -44.06303808268224742, 0.000000000000000000, 10.70671840348866510 ) ) ;
#4044 = EDGE_CURVE ( 'NONE', #2243, #4520, #3265, .T. ) ;
#4045 = CARTESIAN_POINT ( 'NONE',  ( -34.36303808268227300, -0.01000000000000002623, 5.506718403488664926 ) ) ;
#4046 = DIRECTION ( 'NONE',  ( 0.000000000000000000, 1.000000000000000000, 0.000000000000000000 ) ) ;
#4047 = DIRECTION ( 'NONE',  ( -1.927470528863123289E-15, 0.000000000000000000, 1.000000000000000000 ) ) ;
#4048 = ORIENTED_EDGE ( 'NONE', *, *, #5249, .T. ) ;
#4049 = DIRECTION ( 'NONE',  ( 1.000000000000000000, -0.000000000000000000, 0.000000000000000000 ) ) ;
#4050 = CARTESIAN_POINT ( 'NONE',  ( -34.36303808268228011, 0.000000000000000000, 3.706718403488665547 ) ) ;
#4051 = VERTEX_POINT ( 'NONE', #391 ) ;
#4052 = DIRECTION ( 'NONE',  ( -0.000000000000000000, -0.000000000000000000, 1.000000000000000000 ) ) ;
#4053 = VECTOR ( 'NONE', #1977, 1000.000000000000000 ) ;
#4054 = VERTEX_POINT ( 'NONE', #3772 ) ;
#4055 = VECTOR ( 'NONE', #2351, 1000.000000000000000 ) ;
#4056 = DIRECTION ( 'NONE',  ( 1.000000000000000000, 0.000000000000000000, -9.637352644315616444E-16 ) ) ;
#4057 = ORIENTED_EDGE ( 'NONE', *, *, #2575, .T. ) ;
#4058 = VERTEX_POINT ( 'NONE', #1261 ) ;
#4059 = DIRECTION ( 'NONE',  ( 0.000000000000000000, -0.000000000000000000, 1.000000000000000000 ) ) ;
#4060 = DIRECTION ( 'NONE',  ( 1.000000000000000000, 0.000000000000000000, 0.000000000000000000 ) ) ;
#4061 = ORIENTED_EDGE ( 'NONE', *, *, #4689, .F. ) ;
#4062 = ORIENTED_EDGE ( 'NONE', *, *, #2148, .T. ) ;
#4063 = CARTESIAN_POINT ( 'NONE',  ( -39.70735580523984254, -1.010000000000000009, 2.021237579218202463 ) ) ;
#4064 = ORIENTED_EDGE ( 'NONE', *, *, #3419, .T. ) ;
#4065 = PLANE ( 'NONE',  #969 ) ;
#4066 = CARTESIAN_POINT ( 'NONE',  ( -34.36303808268225879, 0.000000000000000000, 11.80671840348866475 ) ) ;
#4067 = LINE ( 'NONE', #573, #3847 ) ;
#4068 = ADVANCED_FACE ( 'NONE', ( #4911 ), #5322, .F. ) ;
#4069 = CARTESIAN_POINT ( 'NONE',  ( -44.06303808268224032, 0.000000000000000000, 8.506718403488665814 ) ) ;
#4070 = EDGE_CURVE ( 'NONE', #3271, #4140, #4936, .T. ) ;
#4071 = CARTESIAN_POINT ( 'NONE',  ( 0.000000000000000000, -0.01000000000000002623, 8.806718403488666524 ) ) ;
#4072 = VERTEX_POINT ( 'NONE', #2473 ) ;
#4073 = DIRECTION ( 'NONE',  ( -1.000000000000000000, 0.000000000000000000, 0.000000000000000000 ) ) ;
#4074 = CARTESIAN_POINT ( 'NONE',  ( -42.49940005278327959, -0.01000000000000002623, 2.021237579218202463 ) ) ;
#4075 = ORIENTED_EDGE ( 'NONE', *, *, #986, .T. ) ;
#4076 = CARTESIAN_POINT ( 'NONE',  ( -2.897680555657400471E-15, -0.01000000000000002623, 3.006718403488697344 ) ) ;
#4077 = VECTOR ( 'NONE', #4125, 1000.000000000000000 ) ;
#4078 = LINE ( 'NONE', #4106, #1856 ) ;
#4079 = CARTESIAN_POINT ( 'NONE',  ( -43.16303808268224174, 0.000000000000000000, 8.806718403488666524 ) ) ;
#4080 = ORIENTED_EDGE ( 'NONE', *, *, #2738, .F. ) ;
#4081 = EDGE_LOOP ( 'NONE', ( #1134, #3801, #4037, #3951 ) ) ;
#4082 = DIRECTION ( 'NONE',  ( -0.000000000000000000, -0.000000000000000000, 1.000000000000000000 ) ) ;
#4083 = CARTESIAN_POINT ( 'NONE',  ( 0.000000000000000000, -0.01000000000000002623, 4.406718403488665281 ) ) ;
#4084 = ORIENTED_EDGE ( 'NONE', *, *, #1820, .F. ) ;
#4085 = ORIENTED_EDGE ( 'NONE', *, *, #763, .F. ) ;
#4086 = CARTESIAN_POINT ( 'NONE',  ( 0.000000000000000000, 0.6500000000000000222, 1.956718403488664881 ) ) ;
#4087 = VERTEX_POINT ( 'NONE', #5011 ) ;
#4088 = CARTESIAN_POINT ( 'NONE',  ( 2.063688418356066591E-14, -0.01000000000000002623, 10.70671840348857984 ) ) ;
#4089 = LINE ( 'NONE', #383, #908 ) ;
#4090 = VECTOR ( 'NONE', #2703, 1000.000000000000000 ) ;
#4091 = EDGE_CURVE ( 'NONE', #5057, #3078, #411, .T. ) ;
#4092 = DIRECTION ( 'NONE',  ( 0.000000000000000000, 0.000000000000000000, 1.000000000000000000 ) ) ;
#4093 = ADVANCED_FACE ( 'NONE', ( #774 ), #3665, .F. ) ;
#4094 = EDGE_CURVE ( 'NONE', #5073, #2748, #4556, .T. ) ;
#4095 = CARTESIAN_POINT ( 'NONE',  ( -34.36303808268225879, 0.6500000000000000222, 11.80671840348866475 ) ) ;
#4096 = EDGE_CURVE ( 'NONE', #3956, #2644, #1691, .T. ) ;
#4097 = DIRECTION ( 'NONE',  ( -1.000000000000000000, 0.000000000000000000, 9.637352644315616444E-16 ) ) ;
#4098 = AXIS2_PLACEMENT_3D ( 'NONE', #529, #3474, #4323 ) ;
#4099 = DIRECTION ( 'NONE',  ( -1.000000000000000000, 0.000000000000000000, 0.000000000000000000 ) ) ;
#4100 = LINE ( 'NONE', #826, #2309 ) ;
#4101 = EDGE_LOOP ( 'NONE', ( #325, #2630, #5245, #5275 ) ) ;
#4102 = LINE ( 'NONE', #2452, #894 ) ;
#4103 = AXIS2_PLACEMENT_3D ( 'NONE', #5327, #2070, #1670 ) ;
#4104 = AXIS2_PLACEMENT_3D ( 'NONE', #4291, #4636, #2197 ) ;
#4105 = AXIS2_PLACEMENT_3D ( 'NONE', #3659, #360, #4092 ) ;
#4106 = CARTESIAN_POINT ( 'NONE',  ( -43.16303808268224884, 0.000000000000000000, 9.906718403488664393 ) ) ;
#4107 = DIRECTION ( 'NONE',  ( 0.000000000000000000, -0.000000000000000000, 1.000000000000000000 ) ) ;
#4108 = VERTEX_POINT ( 'NONE', #1015 ) ;
#4109 = ORIENTED_EDGE ( 'NONE', *, *, #4819, .F. ) ;
#4110 = FACE_OUTER_BOUND ( 'NONE', #1011, .T. ) ;
#4111 = CARTESIAN_POINT ( 'NONE',  ( 6.078006928281503686E-15, -0.01000000000000002623, 6.306718403488622116 ) ) ;
#4112 = ADVANCED_FACE ( 'NONE', ( #5123 ), #1419, .T. ) ;
#4113 = ORIENTED_EDGE ( 'NONE', *, *, #4269, .F. ) ;
#4114 = EDGE_LOOP ( 'NONE', ( #2538, #2178, #4834, #2409 ) ) ;
#4115 = LINE ( 'NONE', #4521, #4181 ) ;
#4116 = ORIENTED_EDGE ( 'NONE', *, *, #3857, .F. ) ;
#4117 = LINE ( 'NONE', #407, #3040 ) ;
#4118 = CARTESIAN_POINT ( 'NONE',  ( -34.36303808268228011, -0.01000000000000002623, 4.106718403488664570 ) ) ;
#4119 = VECTOR ( 'NONE', #5083, 1000.000000000000000 ) ;
#4120 = CC_DESIGN_PERSON_AND_ORGANIZATION_ASSIGNMENT ( #3450, #5103, ( #3275 ) ) ;
#4121 = LINE ( 'NONE', #1200, #2288 ) ;
#4122 = ADVANCED_FACE ( 'NONE', ( #985 ), #576, .T. ) ;
#4123 = EDGE_CURVE ( 'NONE', #1593, #1731, #2985, .T. ) ;
#4124 = ADVANCED_FACE ( 'NONE', ( #933 ), #141, .F. ) ;
#4125 = DIRECTION ( 'NONE',  ( 0.000000000000000000, 0.000000000000000000, 1.000000000000000000 ) ) ;
#4126 = EDGE_CURVE ( 'NONE', #3541, #1247, #4235, .T. ) ;
#4127 = CARTESIAN_POINT ( 'NONE',  ( -44.06303808268223321, -0.01000000000000002623, 6.606718403488665459 ) ) ;
#4128 = LINE ( 'NONE', #800, #496 ) ;
#4129 = ORIENTED_EDGE ( 'NONE', *, *, #418, .F. ) ;
#4130 = DIRECTION ( 'NONE',  ( -0.000000000000000000, -1.000000000000000000, -0.000000000000000000 ) ) ;
#4131 = DIRECTION ( 'NONE',  ( -0.000000000000000000, -0.000000000000000000, 1.000000000000000000 ) ) ;
#4132 = CARTESIAN_POINT ( 'NONE',  ( -34.36303808268226589, 0.000000000000000000, 7.206718403488665103 ) ) ;
#4133 = ORIENTED_EDGE ( 'NONE', *, *, #1739, .T. ) ;
#4134 = ORIENTED_EDGE ( 'NONE', *, *, #4721, .F. ) ;
#4135 = FACE_OUTER_BOUND ( 'NONE', #5116, .T. ) ;
#4136 = DIRECTION ( 'NONE',  ( -0.000000000000000000, -0.000000000000000000, 1.000000000000000000 ) ) ;
#4137 = ADVANCED_FACE ( 'NONE', ( #3878 ), #2168, .F. ) ;
#4138 = LOCAL_TIME ( 19, 20, 10.00000000000000000, #331 ) ;
#4139 = ORIENTED_EDGE ( 'NONE', *, *, #4796, .T. ) ;
#4140 = VERTEX_POINT ( 'NONE', #3470 ) ;
#4141 = PLANE ( 'NONE',  #5063 ) ;
#4142 = VERTEX_POINT ( 'NONE', #4723 ) ;
#4143 = ORIENTED_EDGE ( 'NONE', *, *, #2318, .T. ) ;
#4144 = DIRECTION ( 'NONE',  ( -0.000000000000000000, -1.000000000000000000, 0.000000000000000000 ) ) ;
#4145 = DIRECTION ( 'NONE',  ( -0.000000000000000000, -1.000000000000000000, 0.000000000000000000 ) ) ;
#4146 = ADVANCED_FACE ( 'NONE', ( #3499 ), #5153, .F. ) ;
#4147 = LINE ( 'NONE', #386, #1687 ) ;
#4148 = EDGE_CURVE ( 'NONE', #366, #3973, #903, .T. ) ;
#4149 = EDGE_CURVE ( 'NONE', #4472, #4549, #1823, .T. ) ;
#4150 = DIRECTION ( 'NONE',  ( -0.000000000000000000, -0.000000000000000000, 1.000000000000000000 ) ) ;
#4151 = DIRECTION ( 'NONE',  ( -0.000000000000000000, -1.000000000000000000, -0.000000000000000000 ) ) ;
#4152 = LINE ( 'NONE', #848, #3261 ) ;
#4153 = ORIENTED_EDGE ( 'NONE', *, *, #517, .F. ) ;
#4154 = CARTESIAN_POINT ( 'NONE',  ( -43.70131370585286845, -0.01000000000000002623, 6.606718403488665459 ) ) ;
#4155 = VECTOR ( 'NONE', #1774, 1000.000000000000000 ) ;
#4156 = DIRECTION ( 'NONE',  ( 0.000000000000000000, 0.000000000000000000, -1.000000000000000000 ) ) ;
#4157 = PLANE ( 'NONE',  #2339 ) ;
#4158 = ORIENTED_EDGE ( 'NONE', *, *, #3863, .T. ) ;
#4159 = ORIENTED_EDGE ( 'NONE', *, *, #2371, .T. ) ;
#4160 = PLANE ( 'NONE',  #885 ) ;
#4161 = CARTESIAN_POINT ( 'NONE',  ( 0.000000000000000000, -0.01000000000000002623, 5.506718403488664926 ) ) ;
#4162 = AXIS2_PLACEMENT_3D ( 'NONE', #175, #1025, #2565 ) ;
#4163 = VERTEX_POINT ( 'NONE', #4320 ) ;
#4164 = ORIENTED_EDGE ( 'NONE', *, *, #587, .T. ) ;
#4165 = CARTESIAN_POINT ( 'NONE',  ( -44.06303808268204847, 0.6500000000000000222, -1.019162487798515360E-12 ) ) ;
#4166 = ORIENTED_EDGE ( 'NONE', *, *, #5052, .T. ) ;
#4167 = EDGE_LOOP ( 'NONE', ( #2896, #4326, #348, #5084, #1656, #190, #3918, #875, #4134, #2260, #4811, #3546, #5002, #2921, #3619, #4461 ) ) ;
#4168 = CARTESIAN_POINT ( 'NONE',  ( -2.275710176531022056E-14, -0.01000000000000002623, 11.80671840348873047 ) ) ;
#4169 = DIRECTION ( 'NONE',  ( -1.000000000000000000, -0.000000000000000000, -0.000000000000000000 ) ) ;
#4170 = AXIS2_PLACEMENT_3D ( 'NONE', #2357, #4041, #1603 ) ;
#4171 = ORIENTED_EDGE ( 'NONE', *, *, #1661, .T. ) ;
#4172 = AXIS2_PLACEMENT_3D ( 'NONE', #4895, #699, #4059 ) ;
#4173 = CARTESIAN_POINT ( 'NONE',  ( -38.71872036012467078, -0.01000000000000002623, 11.98732127763674171 ) ) ;
#4174 = VECTOR ( 'NONE', #1323, 1000.000000000000000 ) ;
#4175 = VECTOR ( 'NONE', #4914, 1000.000000000000000 ) ;
#4176 = EDGE_CURVE ( 'NONE', #2915, #3430, #603, .T. ) ;
#4177 = CARTESIAN_POINT ( 'NONE',  ( -34.36303808268225879, 0.6500000000000000222, 11.60671840348866546 ) ) ;
#4178 = DIRECTION ( 'NONE',  ( 2.312964634635736587E-14, 0.000000000000000000, 1.000000000000000000 ) ) ;
#4179 = CARTESIAN_POINT ( 'NONE',  ( -2.897680555657400471E-15, -0.01000000000000002623, 3.006718403488697344 ) ) ;
#4180 = ORIENTED_EDGE ( 'NONE', *, *, #4659, .T. ) ;
#4181 = VECTOR ( 'NONE', #3706, 1000.000000000000000 ) ;
#4182 = CARTESIAN_POINT ( 'NONE',  ( -6.078006928281576261E-15, -0.01000000000000002623, 6.306718403488697611 ) ) ;
#4183 = VECTOR ( 'NONE', #3633, 1000.000000000000000 ) ;
#4184 = LINE ( 'NONE', #803, #2285 ) ;
#4185 = VECTOR ( 'NONE', #5127, 1000.000000000000000 ) ;
#4186 = VECTOR ( 'NONE', #1265, 1000.000000000000000 ) ;
#4187 = PLANE ( 'NONE',  #3119 ) ;
#4188 = EDGE_LOOP ( 'NONE', ( #4546, #505, #3492, #1871, #2484, #2701 ) ) ;
#4189 = ORIENTED_EDGE ( 'NONE', *, *, #2682, .F. ) ;
#4190 = PLANE ( 'NONE',  #3222 ) ;
#4191 = PLANE ( 'NONE',  #1460 ) ;
#4192 = VECTOR ( 'NONE', #3285, 1000.000000000000000 ) ;
#4193 = VECTOR ( 'NONE', #1012, 1000.000000000000000 ) ;
#4194 = EDGE_CURVE ( 'NONE', #3754, #2349, #4663, .T. ) ;
#4195 = EDGE_CURVE ( 'NONE', #4020, #1456, #3903, .T. ) ;
#4196 = EDGE_CURVE ( 'NONE', #1563, #3168, #5066, .T. ) ;
#4197 = ORIENTED_EDGE ( 'NONE', *, *, #396, .T. ) ;
#4198 = ORIENTED_EDGE ( 'NONE', *, *, #1272, .F. ) ;
#4199 = ADVANCED_FACE ( 'NONE', ( #499 ), #1363, .T. ) ;
#4200 = CARTESIAN_POINT ( 'NONE',  ( -43.70131370585286845, -0.01000000000000002623, 11.98732127763674171 ) ) ;
#4201 = ORIENTED_EDGE ( 'NONE', *, *, #1260, .T. ) ;
#4202 = ORIENTED_EDGE ( 'NONE', *, *, #276, .F. ) ;
#4203 = CARTESIAN_POINT ( 'NONE',  ( -42.49940005278327959, -1.010000000000000009, 2.021237579218202463 ) ) ;
#4204 = PLANE ( 'NONE',  #1434 ) ;
#4205 = CIRCLE ( 'NONE', #4717, 0.2000000000000000944 ) ;
#4206 = EDGE_CURVE ( 'NONE', #4600, #599, #2607, .T. ) ;
#4207 = VERTEX_POINT ( 'NONE', #1389 ) ;
#4208 = LINE ( 'NONE', #1793, #2469 ) ;
#4209 = EDGE_CURVE ( 'NONE', #53, #1276, #3038, .T. ) ;
#4210 = VECTOR ( 'NONE', #1535, 1000.000000000000000 ) ;
#4211 = DIRECTION ( 'NONE',  ( -0.000000000000000000, -1.000000000000000000, -0.000000000000000000 ) ) ;
#4212 = CARTESIAN_POINT ( 'NONE',  ( -34.36303808268246485, 0.6500000000000000222, 7.948049182388579355E-13 ) ) ;
#4213 = DIRECTION ( 'NONE',  ( 0.000000000000000000, 1.000000000000000000, 0.000000000000000000 ) ) ;
#4214 = ORIENTED_EDGE ( 'NONE', *, *, #1590, .T. ) ;
#4215 = CARTESIAN_POINT ( 'NONE',  ( -44.06303808268222610, 0.6500000000000000222, 3.906718403488665281 ) ) ;
#4216 = VECTOR ( 'NONE', #1262, 1000.000000000000000 ) ;
#4217 = CARTESIAN_POINT ( 'NONE',  ( -34.36303808268228011, 0.000000000000000000, 2.406718403488664837 ) ) ;
#4218 = DIRECTION ( 'NONE',  ( -2.312964634635743529E-14, 0.000000000000000000, 1.000000000000000000 ) ) ;
#4219 = VERTEX_POINT ( 'NONE', #4450 ) ;
#4220 = ORIENTED_EDGE ( 'NONE', *, *, #5249, .F. ) ;
#4221 = LINE ( 'NONE', #17, #714 ) ;
#4222 = FACE_OUTER_BOUND ( 'NONE', #5167, .T. ) ;
#4223 = EDGE_CURVE ( 'NONE', #3078, #1999, #4342, .T. ) ;
#4224 = ORIENTED_EDGE ( 'NONE', *, *, #2064, .F. ) ;
#4225 = ORIENTED_EDGE ( 'NONE', *, *, #1050, .F. ) ;
#4226 = LINE ( 'NONE', #4547, #1963 ) ;
#4227 = VERTEX_POINT ( 'NONE', #3120 ) ;
#4228 = ORIENTED_EDGE ( 'NONE', *, *, #1382, .T. ) ;
#4229 = CARTESIAN_POINT ( 'NONE',  ( -43.16303808268224884, -0.01000000000000002623, 9.906718403488664393 ) ) ;
#4230 = CARTESIAN_POINT ( 'NONE',  ( -43.70131370585286845, -0.01000000000000002623, 3.306718403488666080 ) ) ;
#4231 = APPROVAL_PERSON_ORGANIZATION ( #2509, #3385, #3323 ) ;
#4232 = ORIENTED_EDGE ( 'NONE', *, *, #3215, .T. ) ;
#4233 = DIRECTION ( 'NONE',  ( -0.000000000000000000, -0.000000000000000000, 1.000000000000000000 ) ) ;
#4234 = FACE_OUTER_BOUND ( 'NONE', #1292, .T. ) ;
#4235 = LINE ( 'NONE', #1448, #1598 ) ;
#4236 = CARTESIAN_POINT ( 'NONE',  ( -44.06303808268206268, 0.6500000000000000222, -1.019162487798512533E-12 ) ) ;
#4237 = DIRECTION ( 'NONE',  ( -1.000000000000000000, 0.000000000000000000, -0.000000000000000000 ) ) ;
#4238 = EDGE_CURVE ( 'NONE', #1813, #4384, #2333, .T. ) ;
#4239 = CARTESIAN_POINT ( 'NONE',  ( -7.138115719156294425E-15, -0.01000000000000002623, 7.406718403488698144 ) ) ;
#4240 = FACE_OUTER_BOUND ( 'NONE', #2376, .T. ) ;
#4241 = CARTESIAN_POINT ( 'NONE',  ( -6.078006928281576261E-15, -0.01000000000000002623, 6.306718403488697611 ) ) ;
#4242 = CARTESIAN_POINT ( 'NONE',  ( -44.06303808268224032, 0.000000000000000000, 8.506718403488665814 ) ) ;
#4243 = ORIENTED_EDGE ( 'NONE', *, *, #2201, .F. ) ;
#4244 = ORIENTED_EDGE ( 'NONE', *, *, #3585, .T. ) ;
#4245 = CARTESIAN_POINT ( 'NONE',  ( -34.36303808268226589, 0.6500000000000000222, 0.000000000000000000 ) ) ;
#4246 = DATE_TIME_ROLE ( 'creation_date' ) ;
#4247 = VECTOR ( 'NONE', #3806, 1000.000000000000000 ) ;
#4248 = CARTESIAN_POINT ( 'NONE',  ( 0.000000000000000000, -0.01000000000000002623, 9.906718403488664393 ) ) ;
#4249 = ORIENTED_EDGE ( 'NONE', *, *, #1954, .F. ) ;
#4250 = DIRECTION ( 'NONE',  ( -1.000000000000000000, 0.000000000000000000, 9.637352644315616444E-16 ) ) ;
#4251 = ORIENTED_EDGE ( 'NONE', *, *, #3394, .T. ) ;
#4252 = ORIENTED_EDGE ( 'NONE', *, *, #2737, .F. ) ;
#4253 = CARTESIAN_POINT ( 'NONE',  ( -42.49940005278327959, -0.01000000000000002623, 11.99219922775913005 ) ) ;
#4254 = DIRECTION ( 'NONE',  ( 0.000000000000000000, 1.000000000000000000, 0.000000000000000000 ) ) ;
#4255 = VECTOR ( 'NONE', #199, 1000.000000000000000 ) ;
#4256 = ORIENTED_EDGE ( 'NONE', *, *, #1714, .F. ) ;
#4257 = AXIS2_PLACEMENT_3D ( 'NONE', #1364, #3417, #4769 ) ;
#4258 = LINE ( 'NONE', #5032, #1770 ) ;
#4259 = VECTOR ( 'NONE', #2211, 1000.000000000000000 ) ;
#4260 = EDGE_CURVE ( 'NONE', #831, #137, #5257, .T. ) ;
#4261 = CARTESIAN_POINT ( 'NONE',  ( -35.26303808268225026, 0.000000000000000000, 11.80671840348866297 ) ) ;
#4262 = EDGE_CURVE ( 'NONE', #2730, #1404, #225, .T. ) ;
#4263 = EDGE_CURVE ( 'NONE', #5081, #5356, #3632, .T. ) ;
#4264 = DIRECTION ( 'NONE',  ( 2.312964634635743529E-14, 0.000000000000000000, 1.000000000000000000 ) ) ;
#4265 = DIRECTION ( 'NONE',  ( 0.000000000000000000, -0.000000000000000000, -1.000000000000000000 ) ) ;
#4266 = EDGE_CURVE ( 'NONE', #1507, #465, #4398, .T. ) ;
#4267 = DIRECTION ( 'NONE',  ( 0.000000000000000000, 0.000000000000000000, -1.000000000000000000 ) ) ;
#4268 = VECTOR ( 'NONE', #4994, 1000.000000000000000 ) ;
#4269 = EDGE_CURVE ( 'NONE', #1348, #2510, #4772, .T. ) ;
#4270 = CARTESIAN_POINT ( 'NONE',  ( -34.36303808268240090, 0.6500000000000000222, 7.948049182388564208E-13 ) ) ;
#4271 = LINE ( 'NONE', #4749, #2194 ) ;
#4272 = DIRECTION ( 'NONE',  ( -0.000000000000000000, -1.000000000000000000, -0.000000000000000000 ) ) ;
#4273 = DIRECTION ( 'NONE',  ( 0.000000000000000000, 0.000000000000000000, 1.000000000000000000 ) ) ;
#4274 = ORIENTED_EDGE ( 'NONE', *, *, #5051, .F. ) ;
#4275 = VERTEX_POINT ( 'NONE', #1936 ) ;
#4276 = LINE ( 'NONE', #4733, #1934 ) ;
#4277 = DIRECTION ( 'NONE',  ( 0.000000000000000000, 0.000000000000000000, 1.000000000000000000 ) ) ;
#4278 = VERTEX_POINT ( 'NONE', #712 ) ;
#4279 = DIRECTION ( 'NONE',  ( -0.000000000000000000, -1.000000000000000000, -0.000000000000000000 ) ) ;
#4280 = ORIENTED_EDGE ( 'NONE', *, *, #4721, .T. ) ;
#4281 = AXIS2_PLACEMENT_3D ( 'NONE', #741, #4375, #1174 ) ;
#4282 = EDGE_LOOP ( 'NONE', ( #2895, #4623, #940, #2570, #4483, #316 ) ) ;
#4283 = CARTESIAN_POINT ( 'NONE',  ( -35.26303808268227868, -0.01000000000000002623, 3.306718403488665192 ) ) ;
#4284 = CARTESIAN_POINT ( 'NONE',  ( -44.06303808268211242, -0.01000000000000002623, -1.019162487798516774E-12 ) ) ;
#4285 = VECTOR ( 'NONE', #2710, 1000.000000000000000 ) ;
#4286 = ADVANCED_FACE ( 'NONE', ( #740 ), #3992, .F. ) ;
#4287 = EDGE_LOOP ( 'NONE', ( #2402, #1734, #2872, #4607 ) ) ;
#4288 = VECTOR ( 'NONE', #623, 1000.000000000000000 ) ;
#4289 = CARTESIAN_POINT ( 'NONE',  ( -34.36303808268226589, -0.01000000000000002623, 10.70671840348866510 ) ) ;
#4290 = CARTESIAN_POINT ( 'NONE',  ( -35.26303808268226447, -0.01000000000000002623, 0.000000000000000000 ) ) ;
#4291 = CARTESIAN_POINT ( 'NONE',  ( -44.06303808268222610, -0.01000000000000002623, 0.000000000000000000 ) ) ;
#4292 = FACE_OUTER_BOUND ( 'NONE', #3763, .T. ) ;
#4293 = VECTOR ( 'NONE', #3405, 1000.000000000000000 ) ;
#4294 = EDGE_CURVE ( 'NONE', #4778, #2099, #1502, .T. ) ;
#4295 = DIRECTION ( 'NONE',  ( 0.000000000000000000, 0.000000000000000000, 1.000000000000000000 ) ) ;
#4296 = AXIS2_PLACEMENT_3D ( 'NONE', #3715, #64, #5012 ) ;
#4297 = CARTESIAN_POINT ( 'NONE',  ( -35.92667611258123372, -1.010000000000000009, 2.027399959825791687 ) ) ;
#4298 = PLANE ( 'NONE',  #2998 ) ;
#4299 = DIRECTION ( 'NONE',  ( 1.000000000000000000, -0.000000000000000000, -0.000000000000000000 ) ) ;
#4300 = ORIENTED_EDGE ( 'NONE', *, *, #1633, .T. ) ;
#4301 = VERTEX_POINT ( 'NONE', #686 ) ;
#4302 = DIRECTION ( 'NONE',  ( -1.000000000000000000, 0.000000000000000000, 2.312964634635743529E-14 ) ) ;
#4303 = SECURITY_CLASSIFICATION_LEVEL ( 'unclassified' ) ;
#4304 = LINE ( 'NONE', #2623, #3728 ) ;
#4305 = ORIENTED_EDGE ( 'NONE', *, *, #2041, .F. ) ;
#4306 = DIRECTION ( 'NONE',  ( 1.000000000000000000, 0.000000000000000000, 9.637352644315616444E-16 ) ) ;
#4307 = VERTEX_POINT ( 'NONE', #4045 ) ;
#4308 = ORIENTED_EDGE ( 'NONE', *, *, #2229, .T. ) ;
#4309 = EDGE_CURVE ( 'NONE', #1563, #3866, #1140, .T. ) ;
#4310 = CARTESIAN_POINT ( 'NONE',  ( -34.75155472807056611, -0.01000000000000002623, 4.106718403488664570 ) ) ;
#4311 = LINE ( 'NONE', #4763, #1289 ) ;
#4312 = ADVANCED_FACE ( 'NONE', ( #2795 ), #2362, .T. ) ;
#4313 = ORIENTED_EDGE ( 'NONE', *, *, #1162, .F. ) ;
#4314 = LINE ( 'NONE', #600, #5285 ) ;
#4315 = ORIENTED_EDGE ( 'NONE', *, *, #5197, .F. ) ;
#4316 = DIRECTION ( 'NONE',  ( 0.000000000000000000, 0.000000000000000000, 1.000000000000000000 ) ) ;
#4317 = EDGE_CURVE ( 'NONE', #880, #676, #3582, .T. ) ;
#4318 = VECTOR ( 'NONE', #2483, 1000.000000000000000 ) ;
#4319 = CARTESIAN_POINT ( 'NONE',  ( -43.16303808268223463, -0.01000000000000002623, 0.000000000000000000 ) ) ;
#4320 = CARTESIAN_POINT ( 'NONE',  ( -44.06303808268225453, 0.6500000000000000222, 12.05671840348866475 ) ) ;
#4321 = CARTESIAN_POINT ( 'NONE',  ( -34.36303808268225879, -0.01000000000000002623, 12.05671840348866475 ) ) ;
#4322 = DIRECTION ( 'NONE',  ( -0.000000000000000000, -0.000000000000000000, 1.000000000000000000 ) ) ;
#4323 = DIRECTION ( 'NONE',  ( 1.000000000000000000, 0.000000000000000000, 0.000000000000000000 ) ) ;
#4324 = DIRECTION ( 'NONE',  ( 1.000000000000000000, 0.000000000000000000, 9.637352644315616444E-16 ) ) ;
#4325 = CARTESIAN_POINT ( 'NONE',  ( -34.36303808268225879, 0.000000000000000000, 9.906718403488664393 ) ) ;
#4326 = ORIENTED_EDGE ( 'NONE', *, *, #2171, .F. ) ;
#4327 = ORIENTED_EDGE ( 'NONE', *, *, #4685, .T. ) ;
#4328 = CARTESIAN_POINT ( 'NONE',  ( -34.36303808268227300, -0.01000000000000002623, 6.606718403488665459 ) ) ;
#4329 = DIRECTION ( 'NONE',  ( -1.000000000000000000, 0.000000000000000000, 0.000000000000000000 ) ) ;
#4330 = EDGE_CURVE ( 'NONE', #4786, #2185, #3146, .T. ) ;
#4331 = ORIENTED_EDGE ( 'NONE', *, *, #3692, .T. ) ;
#4332 = EDGE_CURVE ( 'NONE', #1707, #2005, #1552, .T. ) ;
#4333 = FACE_OUTER_BOUND ( 'NONE', #2343, .T. ) ;
#4334 = ORIENTED_EDGE ( 'NONE', *, *, #359, .F. ) ;
#4335 = VERTEX_POINT ( 'NONE', #2712 ) ;
#4336 = CARTESIAN_POINT ( 'NONE',  ( -34.36303808268227300, -0.01000000000000002623, 7.406718403488665281 ) ) ;
#4337 = DIRECTION ( 'NONE',  ( -0.000000000000000000, -1.000000000000000000, -0.000000000000000000 ) ) ;
#4338 = ORIENTED_EDGE ( 'NONE', *, *, #1451, .F. ) ;
#4339 = CARTESIAN_POINT ( 'NONE',  ( -34.36303808268225879, 0.000000000000000000, 10.50671840348866404 ) ) ;
#4340 = VERTEX_POINT ( 'NONE', #4374 ) ;
#4341 = CARTESIAN_POINT ( 'NONE',  ( -44.06303808268224742, -0.01000000000000002623, 9.606718403488663682 ) ) ;
#4342 = LINE ( 'NONE', #1964, #5140 ) ;
#4343 = FACE_OUTER_BOUND ( 'NONE', #4489, .T. ) ;
#4344 = AXIS2_PLACEMENT_3D ( 'NONE', #89, #1523, #2609 ) ;
#4345 = EDGE_CURVE ( 'NONE', #3944, #4163, #657, .T. ) ;
#4346 = CARTESIAN_POINT ( 'NONE',  ( -34.75155472807056611, -0.01000000000000002623, 9.606718403488663682 ) ) ;
#4347 = CARTESIAN_POINT ( 'NONE',  ( -43.70131370585286845, -0.01000000000000002623, 8.506718403488665814 ) ) ;
#4348 = CARTESIAN_POINT ( 'NONE',  ( -44.06303808268223321, 0.6500000000000000222, 5.706718403488665103 ) ) ;
#4349 = CARTESIAN_POINT ( 'NONE',  ( -35.26303808268228579, -0.01000000000000002623, 0.000000000000000000 ) ) ;
#4350 = ORIENTED_EDGE ( 'NONE', *, *, #2381, .T. ) ;
#4351 = VECTOR ( 'NONE', #2866, 1000.000000000000000 ) ;
#4352 = VERTEX_POINT ( 'NONE', #4797 ) ;
#4353 = CARTESIAN_POINT ( 'NONE',  ( -34.36303808268225879, 0.000000000000000000, 11.20671840348866510 ) ) ;
#4354 = ADVANCED_FACE ( 'NONE', ( #4844 ), #3173, .F. ) ;
#4355 = ORIENTED_EDGE ( 'NONE', *, *, #2762, .T. ) ;
#4356 = DIRECTION ( 'NONE',  ( 0.000000000000000000, 0.000000000000000000, -1.000000000000000000 ) ) ;
#4357 = ORIENTED_EDGE ( 'NONE', *, *, #959, .T. ) ;
#4358 = VERTEX_POINT ( 'NONE', #3686 ) ;
#4359 = PLANE ( 'NONE',  #2958 ) ;
#4360 = CARTESIAN_POINT ( 'NONE',  ( -35.26303808268228579, -0.01000000000000002623, 2.206718403488665103 ) ) ;
#4361 = VECTOR ( 'NONE', #2871, 1000.000000000000000 ) ;
#4362 = ADVANCED_FACE ( 'NONE', ( #2926 ), #770, .T. ) ;
#4363 = ADVANCED_FACE ( 'NONE', ( #4572 ), #1283, .F. ) ;
#4364 = EDGE_CURVE ( 'NONE', #1761, #4926, #2493, .T. ) ;
#4365 = VECTOR ( 'NONE', #3396, 1000.000000000000000 ) ;
#4366 = ORIENTED_EDGE ( 'NONE', *, *, #5104, .T. ) ;
#4367 = DIRECTION ( 'NONE',  ( -1.000000000000000000, 0.000000000000000000, 0.000000000000000000 ) ) ;
#4368 = VERTEX_POINT ( 'NONE', #2471 ) ;
#4369 = CARTESIAN_POINT ( 'NONE',  ( 0.000000000000000000, -0.01000000000000002623, 0.000000000000000000 ) ) ;
#4370 = CARTESIAN_POINT ( 'NONE',  ( -44.06303808268222610, 0.000000000000000000, 3.306718403488665192 ) ) ;
#4371 = AXIS2_PLACEMENT_3D ( 'NONE', #1121, #4428, #717 ) ;
#4372 = EDGE_CURVE ( 'NONE', #1333, #329, #4121, .T. ) ;
#4373 = VECTOR ( 'NONE', #2389, 1000.000000000000000 ) ;
#4374 = CARTESIAN_POINT ( 'NONE',  ( -34.75155472807056611, -0.01000000000000002623, 7.706718403488665992 ) ) ;
#4375 = DIRECTION ( 'NONE',  ( -0.000000000000000000, -1.000000000000000000, -0.000000000000000000 ) ) ;
#4376 = CARTESIAN_POINT ( 'NONE',  ( -44.06303808268222610, 0.000000000000000000, 3.906718403488665281 ) ) ;
#4377 = CARTESIAN_POINT ( 'NONE',  ( -43.16303808268222753, 0.000000000000000000, 4.106718403488663682 ) ) ;
#4378 = CARTESIAN_POINT ( 'NONE',  ( -44.06303808268225453, 0.000000000000000000, 11.00671840348866404 ) ) ;
#4379 = DIRECTION ( 'NONE',  ( -1.000000000000000000, 0.000000000000000000, 0.000000000000000000 ) ) ;
#4380 = EDGE_LOOP ( 'NONE', ( #582, #4252, #569, #65 ) ) ;
#4381 = ORIENTED_EDGE ( 'NONE', *, *, #2026, .T. ) ;
#4382 = CARTESIAN_POINT ( 'NONE',  ( -34.75155472807056611, -1.010000000000000009, 11.98732127763674171 ) ) ;
#4383 = VECTOR ( 'NONE', #5109, 1000.000000000000000 ) ;
#4384 = VERTEX_POINT ( 'NONE', #868 ) ;
#4385 = ADVANCED_FACE ( 'NONE', ( #4500 ), #1635, .F. ) ;
#4386 = LINE ( 'NONE', #2650, #2732 ) ;
#4387 = ORIENTED_EDGE ( 'NONE', *, *, #4149, .T. ) ;
#4388 = VERTEX_POINT ( 'NONE', #2009 ) ;
#4389 = CARTESIAN_POINT ( 'NONE',  ( -44.06303808268223321, 0.000000000000000000, 6.806718403488664748 ) ) ;
#4390 = DIRECTION ( 'NONE',  ( -1.000000000000000000, -0.000000000000000000, -0.000000000000000000 ) ) ;
#4391 = EDGE_CURVE ( 'NONE', #3816, #3292, #792, .T. ) ;
#4392 = ORIENTED_EDGE ( 'NONE', *, *, #819, .T. ) ;
#4393 = FACE_OUTER_BOUND ( 'NONE', #785, .T. ) ;
#4394 = VERTEX_POINT ( 'NONE', #34 ) ;
#4395 = PLANE ( 'NONE',  #3821 ) ;
#4396 = CARTESIAN_POINT ( 'NONE',  ( 0.000000000000000000, -0.01000000000000002623, 1.956718403488664881 ) ) ;
#4397 = ADVANCED_BREP_SHAPE_REPRESENTATION ( 'ATGM336H', ( #993, #2061 ), #3439 ) ;
#4398 = LINE ( 'NONE', #335, #2373 ) ;
#4399 = CARTESIAN_POINT ( 'NONE',  ( -39.70735580523984254, -1.010000000000000009, 2.021237579218202463 ) ) ;
#4400 = LINE ( 'NONE', #3531, #2608 ) ;
#4401 = DIRECTION ( 'NONE',  ( 0.000000000000000000, 0.000000000000000000, 1.000000000000000000 ) ) ;
#4402 = DIRECTION ( 'NONE',  ( 0.000000000000000000, 1.000000000000000000, 0.000000000000000000 ) ) ;
#4403 = ORIENTED_EDGE ( 'NONE', *, *, #2834, .F. ) ;
#4404 = ADVANCED_FACE ( 'NONE', ( #4878 ), #2118, .T. ) ;
#4405 = DIRECTION ( 'NONE',  ( 0.000000000000000000, 0.000000000000000000, -1.000000000000000000 ) ) ;
#4406 = ORIENTED_EDGE ( 'NONE', *, *, #782, .T. ) ;
#4407 = DIRECTION ( 'NONE',  ( -1.000000000000000000, 0.000000000000000000, -0.000000000000000000 ) ) ;
#4408 = EDGE_LOOP ( 'NONE', ( #4965, #5198, #485, #2072, #2353, #1922, #1928, #2837 ) ) ;
#4409 = ORIENTED_EDGE ( 'NONE', *, *, #1888, .T. ) ;
#4410 = LINE ( 'NONE', #3647, #4351 ) ;
#4411 = CARTESIAN_POINT ( 'NONE',  ( -43.16303808268224174, 0.000000000000000000, 9.606718403488663682 ) ) ;
#4412 = ORIENTED_EDGE ( 'NONE', *, *, #4364, .F. ) ;
#4413 = ORIENTED_EDGE ( 'NONE', *, *, #4194, .T. ) ;
#4414 = CARTESIAN_POINT ( 'NONE',  ( -34.36303808268227300, 0.000000000000000000, 6.306718403488664748 ) ) ;
#4415 = ORIENTED_EDGE ( 'NONE', *, *, #4423, .F. ) ;
#4416 = DIRECTION ( 'NONE',  ( 0.000000000000000000, -1.000000000000000000, 0.000000000000000000 ) ) ;
#4417 = LINE ( 'NONE', #275, #4288 ) ;
#4418 = VECTOR ( 'NONE', #3423, 1000.000000000000000 ) ;
#4419 = DIRECTION ( 'NONE',  ( 0.000000000000000000, 1.000000000000000000, 0.000000000000000000 ) ) ;
#4420 = DIRECTION ( 'NONE',  ( 0.000000000000000000, 0.000000000000000000, -1.000000000000000000 ) ) ;
#4421 = VECTOR ( 'NONE', #2657, 1000.000000000000000 ) ;
#4422 = EDGE_CURVE ( 'NONE', #4591, #5026, #3712, .T. ) ;
#4423 = EDGE_CURVE ( 'NONE', #204, #568, #1607, .T. ) ;
#4424 = EDGE_CURVE ( 'NONE', #2941, #495, #4147, .T. ) ;
#4425 = CARTESIAN_POINT ( 'NONE',  ( -35.92667611258123372, -0.01000000000000002623, 11.99219922775913005 ) ) ;
#4426 = EDGE_CURVE ( 'NONE', #2383, #5192, #843, .T. ) ;
#4427 = EDGE_LOOP ( 'NONE', ( #2699, #922, #2434, #1872, #3768, #2277 ) ) ;
#4428 = DIRECTION ( 'NONE',  ( 0.000000000000000000, 0.000000000000000000, -1.000000000000000000 ) ) ;
#4429 = LINE ( 'NONE', #719, #4904 ) ;
#4430 = ORIENTED_EDGE ( 'NONE', *, *, #5260, .T. ) ;
#4431 = AXIS2_PLACEMENT_3D ( 'NONE', #3434, #4144, #5007 ) ;
#4432 = CARTESIAN_POINT ( 'NONE',  ( -43.70131370585286845, -0.01000000000000002623, 10.70671840348866333 ) ) ;
#4433 = EDGE_CURVE ( 'NONE', #3841, #3945, #1688, .T. ) ;
#4434 = ORIENTED_EDGE ( 'NONE', *, *, #4658, .T. ) ;
#4435 = AXIS2_PLACEMENT_3D ( 'NONE', #913, #833, #3782 ) ;
#4436 = CARTESIAN_POINT ( 'NONE',  ( -34.75155472807056611, -0.01000000000000002623, 3.006718403488664482 ) ) ;
#4437 = VERTEX_POINT ( 'NONE', #3769 ) ;
#4438 = EDGE_LOOP ( 'NONE', ( #4709, #2234, #3304, #4921 ) ) ;
#4439 = DIRECTION ( 'NONE',  ( 0.000000000000000000, 0.000000000000000000, -1.000000000000000000 ) ) ;
#4440 = FACE_OUTER_BOUND ( 'NONE', #2652, .T. ) ;
#4441 = VECTOR ( 'NONE', #1014, 1000.000000000000000 ) ;
#4442 = EDGE_LOOP ( 'NONE', ( #2240, #1982, #1658, #2455, #4802 ) ) ;
#4443 = VERTEX_POINT ( 'NONE', #4960 ) ;
#4444 = CARTESIAN_POINT ( 'NONE',  ( -34.36303808268226589, 0.000000000000000000, 7.706718403488665992 ) ) ;
#4445 = ORIENTED_EDGE ( 'NONE', *, *, #4590, .T. ) ;
#4446 = CARTESIAN_POINT ( 'NONE',  ( -34.75155472807056611, -0.01000000000000002623, 11.98732127763674171 ) ) ;
#4447 = LINE ( 'NONE', #3496, #3670 ) ;
#4448 = VECTOR ( 'NONE', #2582, 1000.000000000000000 ) ;
#4449 = VECTOR ( 'NONE', #4322, 1000.000000000000000 ) ;
#4450 = CARTESIAN_POINT ( 'NONE',  ( -43.16303808268224174, 0.000000000000000000, 8.806718403488666524 ) ) ;
#4451 = VECTOR ( 'NONE', #5093, 1000.000000000000000 ) ;
#4452 = CARTESIAN_POINT ( 'NONE',  ( -43.16303808268224174, -0.01000000000000002623, 9.606718403488663682 ) ) ;
#4453 = VECTOR ( 'NONE', #3438, 1000.000000000000000 ) ;
#4454 = LINE ( 'NONE', #1636, #1925 ) ;
#4455 = ORIENTED_EDGE ( 'NONE', *, *, #2442, .T. ) ;
#4457 = DIRECTION ( 'NONE',  ( -0.000000000000000000, -0.000000000000000000, -1.000000000000000000 ) ) ;
#4456 = VECTOR ( 'NONE', #3435, 1000.000000000000000 ) ;
#4458 = CARTESIAN_POINT ( 'NONE',  ( -35.92667611258123372, -1.010000000000000009, 11.98732127763674171 ) ) ;
#4459 = ORIENTED_EDGE ( 'NONE', *, *, #1432, .F. ) ;
#4460 = DIRECTION ( 'NONE',  ( 1.000000000000000000, 0.000000000000000000, 0.000000000000000000 ) ) ;
#4461 = ORIENTED_EDGE ( 'NONE', *, *, #1548, .F. ) ;
#4462 = CARTESIAN_POINT ( 'NONE',  ( -38.71872036012467078, -0.01000000000000002623, 2.021237579218202463 ) ) ;
#4463 = ORIENTED_EDGE ( 'NONE', *, *, #4317, .F. ) ;
#4464 = ORIENTED_EDGE ( 'NONE', *, *, #709, .F. ) ;
#4465 = LINE ( 'NONE', #1160, #1142 ) ;
#4466 = CARTESIAN_POINT ( 'NONE',  ( -43.16303808268222753, 0.000000000000000000, 4.406718403488665281 ) ) ;
#4467 = AXIS2_PLACEMENT_3D ( 'NONE', #5169, #4279, #567 ) ;
#4468 = EDGE_CURVE ( 'NONE', #3170, #5303, #1173, .T. ) ;
#4469 = VERTEX_POINT ( 'NONE', #4173 ) ;
#4470 = ORIENTED_EDGE ( 'NONE', *, *, #3961, .T. ) ;
#4471 = CARTESIAN_POINT ( 'NONE',  ( -35.26303808268225737, 0.000000000000000000, 9.606718403488663682 ) ) ;
#4472 = VERTEX_POINT ( 'NONE', #1257 ) ;
#4473 = DIRECTION ( 'NONE',  ( 0.000000000000000000, 0.000000000000000000, 1.000000000000000000 ) ) ;
#4474 = VECTOR ( 'NONE', #4937, 1000.000000000000000 ) ;
#4475 = CARTESIAN_POINT ( 'NONE',  ( -44.06303808268222610, 0.6500000000000000222, 5.006718403488665814 ) ) ;
#4476 = EDGE_CURVE ( 'NONE', #2941, #4868, #2901, .T. ) ;
#4477 = CARTESIAN_POINT ( 'NONE',  ( -44.06303808268223321, 0.000000000000000000, 5.506718403488664926 ) ) ;
#4478 = CARTESIAN_POINT ( 'NONE',  ( -34.36303808268228011, 0.000000000000000000, 4.106718403488664570 ) ) ;
#4479 = FACE_OUTER_BOUND ( 'NONE', #1100, .T. ) ;
#4480 = ORIENTED_EDGE ( 'NONE', *, *, #134, .F. ) ;
#4481 = LINE ( 'NONE', #1067, #118 ) ;
#4482 = CARTESIAN_POINT ( 'NONE',  ( -34.36303808268227300, 0.000000000000000000, 5.206718403488665103 ) ) ;
#4483 = ORIENTED_EDGE ( 'NONE', *, *, #5152, .F. ) ;
#4484 = DIRECTION ( 'NONE',  ( -1.000000000000000000, 0.000000000000000000, 9.637352644315616444E-16 ) ) ;
#4485 = LOCAL_TIME ( 19, 20, 10.00000000000000000, #4588 ) ;
#4486 = CARTESIAN_POINT ( 'NONE',  ( -35.26303808268227158, -0.01000000000000002623, 0.000000000000000000 ) ) ;
#4487 = CARTESIAN_POINT ( 'NONE',  ( -34.36303808268226589, -0.01000000000000002623, 10.70671840348866510 ) ) ;
#4488 = ORIENTED_EDGE ( 'NONE', *, *, #5333, .T. ) ;
#4489 = EDGE_LOOP ( 'NONE', ( #1816, #4761, #123, #2002 ) ) ;
#4490 = DIRECTION ( 'NONE',  ( 0.000000000000000000, 1.000000000000000000, 0.000000000000000000 ) ) ;
#4491 = CARTESIAN_POINT ( 'NONE',  ( -35.26303808268226447, -0.01000000000000002623, 0.000000000000000000 ) ) ;
#4492 = EDGE_CURVE ( 'NONE', #1652, #4004, #2823, .T. ) ;
#4493 = EDGE_CURVE ( 'NONE', #1385, #448, #4067, .T. ) ;
#4494 = ORIENTED_EDGE ( 'NONE', *, *, #521, .T. ) ;
#4495 = ORIENTED_EDGE ( 'NONE', *, *, #288, .F. ) ;
#4496 = DIRECTION ( 'NONE',  ( 0.000000000000000000, 0.000000000000000000, 1.000000000000000000 ) ) ;
#4497 = EDGE_LOOP ( 'NONE', ( #4972, #886, #2489, #2962 ) ) ;
#4498 = DIRECTION ( 'NONE',  ( 0.000000000000000000, 0.000000000000000000, 1.000000000000000000 ) ) ;
#4499 = DIRECTION ( 'NONE',  ( 0.000000000000000000, 1.000000000000000000, 0.000000000000000000 ) ) ;
#4500 = FACE_OUTER_BOUND ( 'NONE', #1457, .T. ) ;
#4501 = PLANE ( 'NONE',  #4016 ) ;
#4502 = VECTOR ( 'NONE', #1915, 1000.000000000000000 ) ;
#4503 = CARTESIAN_POINT ( 'NONE',  ( -2.063688418356095936E-14, -0.01000000000000002623, 10.70671840348873083 ) ) ;
#4504 = VERTEX_POINT ( 'NONE', #60 ) ;
#4505 = LINE ( 'NONE', #4574, #1165 ) ;
#4506 = DIRECTION ( 'NONE',  ( 1.000000000000000000, 0.000000000000000000, -9.637352644315616444E-16 ) ) ;
#4507 = VERTEX_POINT ( 'NONE', #3874 ) ;
#4508 = LINE ( 'NONE', #3748, #2530 ) ;
#4509 = EDGE_CURVE ( 'NONE', #4520, #4741, #3822, .T. ) ;
#4510 = AXIS2_PLACEMENT_3D ( 'NONE', #4531, #1284, #365 ) ;
#4511 = DIRECTION ( 'NONE',  ( -0.000000000000000000, -1.000000000000000000, -0.000000000000000000 ) ) ;
#4512 = VECTOR ( 'NONE', #4637, 1000.000000000000000 ) ;
#4513 = CARTESIAN_POINT ( 'NONE',  ( -35.26303808268227158, 0.000000000000000000, 5.506718403488664926 ) ) ;
#4514 = EDGE_LOOP ( 'NONE', ( #619, #3374, #2724, #4338 ) ) ;
#4515 = ORIENTED_EDGE ( 'NONE', *, *, #195, .F. ) ;
#4516 = PLANE ( 'NONE',  #4172 ) ;
#4517 = DIRECTION ( 'NONE',  ( 1.000000000000000000, 0.000000000000000000, 0.000000000000000000 ) ) ;
#4518 = VECTOR ( 'NONE', #3488, 1000.000000000000000 ) ;
#4519 = ORIENTED_EDGE ( 'NONE', *, *, #4509, .T. ) ;
#4520 = VERTEX_POINT ( 'NONE', #602 ) ;
#4521 = CARTESIAN_POINT ( 'NONE',  ( 0.000000000000000000, -0.01000000000000002623, 2.206718403488665103 ) ) ;
#4522 = ORIENTED_EDGE ( 'NONE', *, *, #3392, .T. ) ;
#4523 = CARTESIAN_POINT ( 'NONE',  ( -44.06303808268222610, -0.01000000000000002623, 4.106718403488664570 ) ) ;
#4524 = CARTESIAN_POINT ( 'NONE',  ( -35.26303808268227158, -0.01000000000000002623, 6.606718403488665459 ) ) ;
#4525 = VECTOR ( 'NONE', #3572, 1000.000000000000000 ) ;
#4526 = EDGE_CURVE ( 'NONE', #3167, #1498, #4720, .T. ) ;
#4527 = EDGE_CURVE ( 'NONE', #647, #4783, #4258, .T. ) ;
#4528 = EDGE_CURVE ( 'NONE', #2383, #3841, #5090, .T. ) ;
#4529 = EDGE_CURVE ( 'NONE', #3538, #2695, #1361, .T. ) ;
#4530 = DIRECTION ( 'NONE',  ( 1.000000000000000000, 0.000000000000000000, 0.000000000000000000 ) ) ;
#4531 = CARTESIAN_POINT ( 'NONE',  ( -35.26303808268227868, -0.01000000000000002623, 0.000000000000000000 ) ) ;
#4532 = VECTOR ( 'NONE', #3853, 1000.000000000000000 ) ;
#4533 = EDGE_CURVE ( 'NONE', #4591, #1593, #1334, .T. ) ;
#4534 = FACE_OUTER_BOUND ( 'NONE', #2242, .T. ) ;
#4535 = LINE ( 'NONE', #2882, #5159 ) ;
#4536 = ORIENTED_EDGE ( 'NONE', *, *, #1384, .F. ) ;
#4537 = FACE_OUTER_BOUND ( 'NONE', #3006, .T. ) ;
#4538 = AXIS2_PLACEMENT_3D ( 'NONE', #930, #5120, #2577 ) ;
#4539 = LINE ( 'NONE', #12, #3932 ) ;
#4540 = DIRECTION ( 'NONE',  ( 0.000000000000000000, 0.000000000000000000, 1.000000000000000000 ) ) ;
#4541 = EDGE_LOOP ( 'NONE', ( #3536, #3237, #4758, #2448, #3984, #2746 ) ) ;
#4542 = ORIENTED_EDGE ( 'NONE', *, *, #3458, .F. ) ;
#4543 = CARTESIAN_POINT ( 'NONE',  ( -34.75155472807056611, -0.01000000000000002623, 9.906718403488664393 ) ) ;
#4544 = PLANE ( 'NONE',  #3792 ) ;
#4545 = EDGE_LOOP ( 'NONE', ( #3667, #4861, #1210, #3408 ) ) ;
#4546 = ORIENTED_EDGE ( 'NONE', *, *, #300, .F. ) ;
#4547 = CARTESIAN_POINT ( 'NONE',  ( 6.078006928281503686E-15, -0.01000000000000002623, 6.306718403488622116 ) ) ;
#4548 = ORIENTED_EDGE ( 'NONE', *, *, #2390, .F. ) ;
#4549 = VERTEX_POINT ( 'NONE', #163 ) ;
#4550 = CARTESIAN_POINT ( 'NONE',  ( -35.26303808268227158, 0.000000000000000000, 5.206718403488664215 ) ) ;
#4551 = DIRECTION ( 'NONE',  ( 0.000000000000000000, 0.000000000000000000, -1.000000000000000000 ) ) ;
#4552 = EDGE_CURVE ( 'NONE', #77, #4108, #1738, .T. ) ;
#4553 = AXIS2_PLACEMENT_3D ( 'NONE', #2585, #1345, #1773 ) ;
#4554 = CARTESIAN_POINT ( 'NONE',  ( -44.06303808268215505, 0.6500000000000000222, -1.019162487798514754E-12 ) ) ;
#4555 = LINE ( 'NONE', #1990, #2792 ) ;
#4556 = LINE ( 'NONE', #847, #3241 ) ;
#4557 = CARTESIAN_POINT ( 'NONE',  ( -34.75155472807056611, -0.01000000000000002623, 11.98732127763674171 ) ) ;
#4558 = VERTEX_POINT ( 'NONE', #1762 ) ;
#4559 = CARTESIAN_POINT ( 'NONE',  ( -34.36303808268228011, 0.000000000000000000, 3.306718403488665192 ) ) ;
#4560 = LINE ( 'NONE', #2020, #5311 ) ;
#4561 = LINE ( 'NONE', #910, #5 ) ;
#4562 = VERTEX_POINT ( 'NONE', #519 ) ;
#4563 = ORIENTED_EDGE ( 'NONE', *, *, #4260, .T. ) ;
#4564 = DIRECTION ( 'NONE',  ( 0.000000000000000000, 0.000000000000000000, 1.000000000000000000 ) ) ;
#4565 = ORIENTED_EDGE ( 'NONE', *, *, #1450, .T. ) ;
#4566 = ORIENTED_EDGE ( 'NONE', *, *, #4330, .F. ) ;
#4567 = LINE ( 'NONE', #4594, #1010 ) ;
#4568 = ORIENTED_EDGE ( 'NONE', *, *, #4070, .T. ) ;
#4569 = ORIENTED_EDGE ( 'NONE', *, *, #3549, .F. ) ;
#4570 = CARTESIAN_POINT ( 'NONE',  ( -43.16303808268224884, -0.01000000000000002623, 9.906718403488664393 ) ) ;
#4571 = DIRECTION ( 'NONE',  ( 1.000000000000000000, 0.000000000000000000, 9.637352644315616444E-16 ) ) ;
#4572 = FACE_OUTER_BOUND ( 'NONE', #615, .T. ) ;
#4573 = DIRECTION ( 'NONE',  ( 0.000000000000000000, 0.000000000000000000, -1.000000000000000000 ) ) ;
#4574 = CARTESIAN_POINT ( 'NONE',  ( -44.06303808268211242, 0.6500000000000000222, -1.019162487798516774E-12 ) ) ;
#4575 = CARTESIAN_POINT ( 'NONE',  ( -35.26303808268226447, -0.01000000000000002623, 8.806718403488666524 ) ) ;
#4576 = ORIENTED_EDGE ( 'NONE', *, *, #2879, .T. ) ;
#4577 = DIRECTION ( 'NONE',  ( 0.000000000000000000, 1.000000000000000000, -0.000000000000000000 ) ) ;
#4578 = ADVANCED_FACE ( 'NONE', ( #2631 ), #1819, .T. ) ;
#4579 = EDGE_CURVE ( 'NONE', #5005, #3400, #3384, .T. ) ;
#4580 = ADVANCED_FACE ( 'NONE', ( #3414 ), #5062, .F. ) ;
#4581 = VECTOR ( 'NONE', #2258, 1000.000000000000000 ) ;
#4582 = EDGE_CURVE ( 'NONE', #3675, #4207, #549, .T. ) ;
#4583 = CARTESIAN_POINT ( 'NONE',  ( -44.06303808268225453, 0.000000000000000000, 11.00671840348866404 ) ) ;
#4584 = PLANE ( 'NONE',  #3895 ) ;
#4585 = ORIENTED_EDGE ( 'NONE', *, *, #3560, .T. ) ;
#4586 = ORIENTED_EDGE ( 'NONE', *, *, #1220, .F. ) ;
#4587 = DIRECTION ( 'NONE',  ( 0.000000000000000000, -1.000000000000000000, 0.000000000000000000 ) ) ;
#4588 = COORDINATED_UNIVERSAL_TIME_OFFSET ( 3, 30, .AHEAD. ) ;
#4589 = AXIS2_PLACEMENT_3D ( 'NONE', #5117, #3060, #3142 ) ;
#4590 = EDGE_CURVE ( 'NONE', #4868, #3351, #3065, .T. ) ;
#4591 = VERTEX_POINT ( 'NONE', #2163 ) ;
#4592 = ORIENTED_EDGE ( 'NONE', *, *, #4309, .T. ) ;
#4593 = ADVANCED_FACE ( 'NONE', ( #2249 ), #3795, .F. ) ;
#4594 = CARTESIAN_POINT ( 'NONE',  ( -34.75155472807056611, -0.01000000000000002623, 11.98732127763674171 ) ) ;
#4595 = VERTEX_POINT ( 'NONE', #2551 ) ;
#4596 = ORIENTED_EDGE ( 'NONE', *, *, #2143, .T. ) ;
#4597 = PLANE ( 'NONE',  #621 ) ;
#4598 = FACE_OUTER_BOUND ( 'NONE', #3705, .T. ) ;
#4599 = VECTOR ( 'NONE', #2331, 1000.000000000000000 ) ;
#4600 = VERTEX_POINT ( 'NONE', #4289 ) ;
#4601 = AXIS2_PLACEMENT_3D ( 'NONE', #2100, #5019, #3756 ) ;
#4602 = DIRECTION ( 'NONE',  ( 0.000000000000000000, -1.000000000000000000, 0.000000000000000000 ) ) ;
#4603 = VECTOR ( 'NONE', #470, 1000.000000000000000 ) ;
#4604 = CARTESIAN_POINT ( 'NONE',  ( -34.36303808268227300, -0.01000000000000002623, 0.000000000000000000 ) ) ;
#4605 = DIRECTION ( 'NONE',  ( 0.000000000000000000, 0.000000000000000000, -1.000000000000000000 ) ) ;
#4606 = CARTESIAN_POINT ( 'NONE',  ( 0.000000000000000000, -0.01000000000000002623, 5.506718403488664926 ) ) ;
#4607 = ORIENTED_EDGE ( 'NONE', *, *, #546, .F. ) ;
#4608 = VECTOR ( 'NONE', #1817, 1000.000000000000000 ) ;
#4609 = CARTESIAN_POINT ( 'NONE',  ( -44.06303808268224742, 0.6500000000000000222, 9.206718403488665103 ) ) ;
#4610 = EDGE_CURVE ( 'NONE', #560, #4558, #4208, .T. ) ;
#4611 = AXIS2_PLACEMENT_3D ( 'NONE', #145, #1367, #1772 ) ;
#4612 = DIRECTION ( 'NONE',  ( -1.000000000000000000, 0.000000000000000000, 0.000000000000000000 ) ) ;
#4613 = AXIS2_PLACEMENT_3D ( 'NONE', #3443, #5069, #1366 ) ;
#4614 = AXIS2_PLACEMENT_3D ( 'NONE', #322, #1560, #3208 ) ;
#4615 = DIRECTION ( 'NONE',  ( -1.000000000000000000, 0.000000000000000000, -2.312964634635743529E-14 ) ) ;
#4616 = VERTEX_POINT ( 'NONE', #497 ) ;
#4617 = EDGE_LOOP ( 'NONE', ( #514, #5174, #1706, #3187 ) ) ;
#4618 = DIRECTION ( 'NONE',  ( -9.637352644315541502E-16, 0.000000000000000000, 1.000000000000000000 ) ) ;
#4619 = DIRECTION ( 'NONE',  ( 0.000000000000000000, 0.000000000000000000, 1.000000000000000000 ) ) ;
#4620 = VECTOR ( 'NONE', #4073, 1000.000000000000000 ) ;
#4621 = VECTOR ( 'NONE', #5181, 1000.000000000000000 ) ;
#4622 = CARTESIAN_POINT ( 'NONE',  ( -34.36303808268228011, 0.6500000000000000222, 2.406718403488664837 ) ) ;
#4623 = ORIENTED_EDGE ( 'NONE', *, *, #1780, .F. ) ;
#4624 = ORIENTED_EDGE ( 'NONE', *, *, #2166, .F. ) ;
#4625 = DIRECTION ( 'NONE',  ( -1.000000000000000000, 0.000000000000000000, -0.000000000000000000 ) ) ;
#4626 = VERTEX_POINT ( 'NONE', #4660 ) ;
#4627 = EDGE_LOOP ( 'NONE', ( #422, #703, #261, #2918, #4707, #4495, #2514, #1127 ) ) ;
#4628 = LINE ( 'NONE', #3409, #710 ) ;
#4629 = CARTESIAN_POINT ( 'NONE',  ( -2.275710176531022056E-14, -0.01000000000000002623, 11.80671840348873047 ) ) ;
#4630 = VECTOR ( 'NONE', #4499, 1000.000000000000000 ) ;
#4631 = ORIENTED_EDGE ( 'NONE', *, *, #4817, .T. ) ;
#4632 = EDGE_CURVE ( 'NONE', #3856, #5108, #3848, .T. ) ;
#4633 = CARTESIAN_POINT ( 'NONE',  ( -44.06303808268223321, -0.01000000000000002623, 6.306718403488664748 ) ) ;
#4634 = VECTOR ( 'NONE', #1157, 1000.000000000000000 ) ;
#4635 = CARTESIAN_POINT ( 'NONE',  ( -34.75155472807056611, -0.01000000000000002623, 11.98732127763674171 ) ) ;
#4636 = DIRECTION ( 'NONE',  ( -1.000000000000000000, 0.000000000000000000, 0.000000000000000000 ) ) ;
#4637 = DIRECTION ( 'NONE',  ( -1.000000000000000000, -0.000000000000000000, -0.000000000000000000 ) ) ;
#4638 = DIRECTION ( 'NONE',  ( 0.000000000000000000, 1.000000000000000000, -0.000000000000000000 ) ) ;
#4639 = VECTOR ( 'NONE', #392, 1000.000000000000000 ) ;
#4640 = PLANE ( 'NONE',  #35 ) ;
#4641 = LINE ( 'NONE', #3075, #4532 ) ;
#4642 = DIRECTION ( 'NONE',  ( -0.000000000000000000, -1.000000000000000000, -0.000000000000000000 ) ) ;
#4643 = CARTESIAN_POINT ( 'NONE',  ( 2.063688418356066591E-14, -0.01000000000000002623, 10.70671840348857984 ) ) ;
#4644 = ORIENTED_EDGE ( 'NONE', *, *, #2406, .F. ) ;
#4645 = VERTEX_POINT ( 'NONE', #4341 ) ;
#4646 = PLANE ( 'NONE',  #4601 ) ;
#4647 = PERSON_AND_ORGANIZATION_ROLE ( 'creator' ) ;
#4648 = DIRECTION ( 'NONE',  ( 0.000000000000000000, 0.000000000000000000, -1.000000000000000000 ) ) ;
#4649 = ORIENTED_EDGE ( 'NONE', *, *, #2026, .F. ) ;
#4650 = CARTESIAN_POINT ( 'NONE',  ( -34.36303808268227300, 0.6500000000000000222, 5.906718403488665281 ) ) ;
#4651 = ORIENTED_EDGE ( 'NONE', *, *, #236, .T. ) ;
#4652 = ORIENTED_EDGE ( 'NONE', *, *, #1868, .F. ) ;
#4653 = DIRECTION ( 'NONE',  ( 0.000000000000000000, 1.000000000000000000, 0.000000000000000000 ) ) ;
#4654 = CARTESIAN_POINT ( 'NONE',  ( -43.16303808268223463, 0.000000000000000000, 6.306718403488663860 ) ) ;
#4655 = ADVANCED_FACE ( 'NONE', ( #3931 ), #224, .F. ) ;
#4656 = VECTOR ( 'NONE', #1843, 1000.000000000000000 ) ;
#4657 = EDGE_CURVE ( 'NONE', #2769, #4894, #5149, .T. ) ;
#4658 = EDGE_CURVE ( 'NONE', #4838, #137, #1850, .T. ) ;
#4659 = EDGE_CURVE ( 'NONE', #5227, #1348, #1115, .T. ) ;
#4660 = CARTESIAN_POINT ( 'NONE',  ( -44.06303808268224032, 0.6500000000000000222, 8.306718403488664748 ) ) ;
#4661 = EDGE_CURVE ( 'NONE', #3432, #4993, #1471, .T. ) ;
#4662 = CARTESIAN_POINT ( 'NONE',  ( -34.36303808268225879, -0.01000000000000002623, 11.00671840348866404 ) ) ;
#4663 = LINE ( 'NONE', #2250, #642 ) ;
#4664 = CARTESIAN_POINT ( 'NONE',  ( -43.16303808268224884, -0.01000000000000002623, 0.000000000000000000 ) ) ;
#4665 = CARTESIAN_POINT ( 'NONE',  ( 0.000000000000000000, -0.01000000000000002623, 0.000000000000000000 ) ) ;
#4666 = DIRECTION ( 'NONE',  ( 0.000000000000000000, -1.000000000000000000, 0.000000000000000000 ) ) ;
#4667 = FACE_OUTER_BOUND ( 'NONE', #2827, .T. ) ;
#4668 = FACE_OUTER_BOUND ( 'NONE', #2044, .T. ) ;
#4669 = DIRECTION ( 'NONE',  ( -0.000000000000000000, -0.000000000000000000, 1.000000000000000000 ) ) ;
#4670 = ORIENTED_EDGE ( 'NONE', *, *, #5080, .T. ) ;
#4671 = ORIENTED_EDGE ( 'NONE', *, *, #1342, .T. ) ;
#4672 = EDGE_CURVE ( 'NONE', #2155, #72, #4417, .T. ) ;
#4673 = DIRECTION ( 'NONE',  ( -1.000000000000000000, 0.000000000000000000, 1.927470528863123289E-15 ) ) ;
#4674 = LINE ( 'NONE', #3860, #851 ) ;
#4675 = AXIS2_PLACEMENT_3D ( 'NONE', #4751, #608, #3102 ) ;
#4676 = DIRECTION ( 'NONE',  ( 0.000000000000000000, 0.000000000000000000, -1.000000000000000000 ) ) ;
#4677 = ORIENTED_EDGE ( 'NONE', *, *, #796, .T. ) ;
#4678 = CARTESIAN_POINT ( 'NONE',  ( -35.26303808268225737, -0.01000000000000002623, 0.000000000000000000 ) ) ;
#4679 = ORIENTED_EDGE ( 'NONE', *, *, #1049, .F. ) ;
#4680 = ORIENTED_EDGE ( 'NONE', *, *, #1215, .F. ) ;
#4681 = DIRECTION ( 'NONE',  ( 0.000000000000000000, 0.000000000000000000, 1.000000000000000000 ) ) ;
#4682 = PLANE ( 'NONE',  #1172 ) ;
#4683 = EDGE_CURVE ( 'NONE', #4040, #2566, #3548, .T. ) ;
#4684 = VERTEX_POINT ( 'NONE', #5202 ) ;
#4685 = EDGE_CURVE ( 'NONE', #4993, #1498, #3118, .T. ) ;
#4686 = VECTOR ( 'NONE', #274, 1000.000000000000000 ) ;
#4687 = DIRECTION ( 'NONE',  ( 0.000000000000000000, 0.000000000000000000, -1.000000000000000000 ) ) ;
#4688 = EDGE_CURVE ( 'NONE', #3535, #4813, #3172, .T. ) ;
#4689 = EDGE_CURVE ( 'NONE', #4807, #4040, #2308, .T. ) ;
#4690 = ADVANCED_FACE ( 'NONE', ( #306 ), #2761, .F. ) ;
#4691 = CIRCLE ( 'NONE', #3742, 0.2000000000000000944 ) ;
#4692 = DIRECTION ( 'NONE',  ( 0.000000000000000000, 0.000000000000000000, -1.000000000000000000 ) ) ;
#4693 = CARTESIAN_POINT ( 'NONE',  ( 7.138115719156221850E-15, -0.01000000000000002623, 7.406718403488622648 ) ) ;
#4694 = DIRECTION ( 'NONE',  ( 0.000000000000000000, 0.000000000000000000, 1.000000000000000000 ) ) ;
#4695 = VECTOR ( 'NONE', #1586, 1000.000000000000000 ) ;
#4696 = ADVANCED_FACE ( 'NONE', ( #248 ), #1500, .F. ) ;
#4697 = LINE ( 'NONE', #936, #1597 ) ;
#4698 = DIRECTION ( 'NONE',  ( -0.000000000000000000, -1.000000000000000000, -0.000000000000000000 ) ) ;
#4699 = DIRECTION ( 'NONE',  ( 0.000000000000000000, 1.000000000000000000, 0.000000000000000000 ) ) ;
#4700 = LINE ( 'NONE', #2642, #957 ) ;
#4701 = EDGE_LOOP ( 'NONE', ( #1035, #302, #1838, #855 ) ) ;
#4702 = ORIENTED_EDGE ( 'NONE', *, *, #5049, .T. ) ;
#4703 = CARTESIAN_POINT ( 'NONE',  ( 0.000000000000000000, -0.01000000000000002623, 9.906718403488664393 ) ) ;
#4704 = APPROVAL_ROLE ( '' ) ;
#4705 = VECTOR ( 'NONE', #4726, 1000.000000000000000 ) ;
#4706 = CARTESIAN_POINT ( 'NONE',  ( -44.06303808268225453, -0.01000000000000002623, 0.000000000000000000 ) ) ;
#4707 = ORIENTED_EDGE ( 'NONE', *, *, #711, .T. ) ;
#4708 = CARTESIAN_POINT ( 'NONE',  ( -43.16303808268224884, 0.000000000000000000, 10.70671840348866333 ) ) ;
#4709 = ORIENTED_EDGE ( 'NONE', *, *, #292, .T. ) ;
#4710 = VECTOR ( 'NONE', #1913, 1000.000000000000000 ) ;
#4711 = ORIENTED_EDGE ( 'NONE', *, *, #5216, .T. ) ;
#4712 = EDGE_CURVE ( 'NONE', #4058, #4358, #4447, .T. ) ;
#4713 = LINE ( 'NONE', #4336, #3828 ) ;
#4714 = CARTESIAN_POINT ( 'NONE',  ( -34.75155472807056611, -0.01000000000000002623, 11.98732127763674171 ) ) ;
#4715 = VECTOR ( 'NONE', #1117, 1000.000000000000000 ) ;
#4716 = ORIENTED_EDGE ( 'NONE', *, *, #4756, .F. ) ;
#4717 = AXIS2_PLACEMENT_3D ( 'NONE', #3684, #791, #3710 ) ;
#4718 = DIRECTION ( 'NONE',  ( -0.000000000000000000, -1.000000000000000000, -0.000000000000000000 ) ) ;
#4719 = VERTEX_POINT ( 'NONE', #4744 ) ;
#4720 = LINE ( 'NONE', #109, #3936 ) ;
#4721 = EDGE_CURVE ( 'NONE', #5164, #974, #1545, .T. ) ;
#4722 = CARTESIAN_POINT ( 'NONE',  ( -43.70131370585286845, -0.01000000000000002623, 2.027399959825791687 ) ) ;
#4723 = CARTESIAN_POINT ( 'NONE',  ( -35.26303808268225737, -0.01000000000000002623, 9.906718403488664393 ) ) ;
#4724 = CARTESIAN_POINT ( 'NONE',  ( -44.06303808268224742, 0.000000000000000000, 8.806718403488666524 ) ) ;
#4725 = AXIS2_PLACEMENT_3D ( 'NONE', #3431, #3762, #2486 ) ;
#4726 = DIRECTION ( 'NONE',  ( 1.000000000000000000, 0.000000000000000000, 9.637352644315616444E-16 ) ) ;
#4727 = VECTOR ( 'NONE', #1068, 1000.000000000000000 ) ;
#4728 = FACE_OUTER_BOUND ( 'NONE', #1893, .T. ) ;
#4729 = LINE ( 'NONE', #5042, #2860 ) ;
#4730 = CARTESIAN_POINT ( 'NONE',  ( -42.49940005278327959, -1.010000000000000009, 11.98732127763674171 ) ) ;
#4731 = ORIENTED_EDGE ( 'NONE', *, *, #2279, .F. ) ;
#4732 = ORIENTED_EDGE ( 'NONE', *, *, #2335, .T. ) ;
#4733 = CARTESIAN_POINT ( 'NONE',  ( -34.36303808268228011, -0.01000000000000002623, 5.206718403488665103 ) ) ;
#4734 = FACE_OUTER_BOUND ( 'NONE', #1698, .T. ) ;
#4735 = ORIENTED_EDGE ( 'NONE', *, *, #3857, .T. ) ;
#4736 = FACE_OUTER_BOUND ( 'NONE', #978, .T. ) ;
#4737 = VERTEX_POINT ( 'NONE', #4794 ) ;
#4738 = ORIENTED_EDGE ( 'NONE', *, *, #1643, .T. ) ;
#4739 = FACE_OUTER_BOUND ( 'NONE', #3577, .T. ) ;
#4740 = CARTESIAN_POINT ( 'NONE',  ( -34.75155472807056611, -1.010000000000000009, 2.027399959825791687 ) ) ;
#4741 = VERTEX_POINT ( 'NONE', #2790 ) ;
#4742 = CARTESIAN_POINT ( 'NONE',  ( -34.36303808268227300, 0.000000000000000000, 5.706718403488665103 ) ) ;
#4743 = ORIENTED_EDGE ( 'NONE', *, *, #4889, .F. ) ;
#4744 = CARTESIAN_POINT ( 'NONE',  ( -34.36303808268227300, -0.01000000000000002623, 6.306718403488664748 ) ) ;
#4745 = EDGE_CURVE ( 'NONE', #448, #3320, #3899, .T. ) ;
#4746 = CARTESIAN_POINT ( 'NONE',  ( -43.16303808268223463, -0.01000000000000002623, 0.000000000000000000 ) ) ;
#4747 = CARTESIAN_POINT ( 'NONE',  ( -34.36303808268235827, -0.01000000000000002623, 7.948049182388530887E-13 ) ) ;
#4748 = DIRECTION ( 'NONE',  ( 0.000000000000000000, 0.000000000000000000, 1.000000000000000000 ) ) ;
#4749 = CARTESIAN_POINT ( 'NONE',  ( -35.92667611258123372, -1.010000000000000009, 11.99219922775913005 ) ) ;
#4750 = LINE ( 'NONE', #1043, #4984 ) ;
#4751 = CARTESIAN_POINT ( 'NONE',  ( 0.000000000000000000, -0.01000000000000002623, 7.706718403488665992 ) ) ;
#4752 = ORIENTED_EDGE ( 'NONE', *, *, #1215, .T. ) ;
#4753 = ADVANCED_FACE ( 'NONE', ( #1446 ), #3581, .F. ) ;
#4754 = ORIENTED_EDGE ( 'NONE', *, *, #709, .T. ) ;
#4755 = CARTESIAN_POINT ( 'NONE',  ( -44.06303808268224742, 0.000000000000000000, 9.906718403488664393 ) ) ;
#4756 = EDGE_CURVE ( 'NONE', #2944, #1967, #680, .T. ) ;
#4757 = EDGE_CURVE ( 'NONE', #4443, #4301, #2924, .T. ) ;
#4758 = ORIENTED_EDGE ( 'NONE', *, *, #2203, .F. ) ;
#4759 = LINE ( 'NONE', #3133, #3685 ) ;
#4760 = ORIENTED_EDGE ( 'NONE', *, *, #1987, .T. ) ;
#4761 = ORIENTED_EDGE ( 'NONE', *, *, #986, .F. ) ;
#4762 = CARTESIAN_POINT ( 'NONE',  ( -35.26303808268225737, 0.000000000000000000, 8.806718403488666524 ) ) ;
#4763 = CARTESIAN_POINT ( 'NONE',  ( -43.16303808268222753, -0.01000000000000002623, 4.106718403488663682 ) ) ;
#4764 = EDGE_CURVE ( 'NONE', #4207, #890, #5309, .T. ) ;
#4765 = EDGE_CURVE ( 'NONE', #2644, #4840, #408, .T. ) ;
#4766 = ORIENTED_EDGE ( 'NONE', *, *, #4867, .T. ) ;
#4767 = CARTESIAN_POINT ( 'NONE',  ( -44.06303808268221900, 0.000000000000000000, 2.206718403488665103 ) ) ;
#4768 = ORIENTED_EDGE ( 'NONE', *, *, #4917, .F. ) ;
#4769 = DIRECTION ( 'NONE',  ( 0.000000000000000000, -0.000000000000000000, 1.000000000000000000 ) ) ;
#4770 = DIRECTION ( 'NONE',  ( 0.000000000000000000, 1.000000000000000000, 0.000000000000000000 ) ) ;
#4771 = VECTOR ( 'NONE', #2826, 1000.000000000000000 ) ;
#4772 = LINE ( 'NONE', #5282, #991 ) ;
#4773 = FACE_OUTER_BOUND ( 'NONE', #1803, .T. ) ;
#4774 = DIRECTION ( 'NONE',  ( -0.000000000000000000, -0.000000000000000000, 1.000000000000000000 ) ) ;
#4775 = CARTESIAN_POINT ( 'NONE',  ( -34.75155472807056611, -0.01000000000000002623, 5.206718403488664215 ) ) ;
#4776 = LINE ( 'NONE', #4482, #2911 ) ;
#4777 = LINE ( 'NONE', #5099, #3811 ) ;
#4778 = VERTEX_POINT ( 'NONE', #2007 ) ;
#4779 = AXIS2_PLACEMENT_3D ( 'NONE', #783, #2780, #1952 ) ;
#4780 = ORIENTED_EDGE ( 'NONE', *, *, #867, .T. ) ;
#4781 = CARTESIAN_POINT ( 'NONE',  ( -43.70131370585286845, -0.01000000000000002623, 11.98732127763674171 ) ) ;
#4782 = EDGE_CURVE ( 'NONE', #5303, #3816, #2820, .T. ) ;
#4783 = VERTEX_POINT ( 'NONE', #4066 ) ;
#4784 = DIRECTION ( 'NONE',  ( 0.000000000000000000, -0.000000000000000000, -1.000000000000000000 ) ) ;
#4785 = ORIENTED_EDGE ( 'NONE', *, *, #2841, .F. ) ;
#4786 = VERTEX_POINT ( 'NONE', #4475 ) ;
#4787 = CARTESIAN_POINT ( 'NONE',  ( -35.26303808268227868, -0.01000000000000002623, 0.000000000000000000 ) ) ;
#4788 = CARTESIAN_POINT ( 'NONE',  ( -44.06303808268221900, -0.01000000000000002623, 3.006718403488664482 ) ) ;
#4789 = VECTOR ( 'NONE', #4800, 1000.000000000000000 ) ;
#4790 = ORIENTED_EDGE ( 'NONE', *, *, #3934, .T. ) ;
#4791 = PLANE ( 'NONE',  #1392 ) ;
#4792 = ORIENTED_EDGE ( 'NONE', *, *, #1387, .T. ) ;
#4793 = LINE ( 'NONE', #553, #2352 ) ;
#4794 = CARTESIAN_POINT ( 'NONE',  ( -34.36303808268228011, 0.000000000000000000, 2.806718403488665192 ) ) ;
#4795 = VECTOR ( 'NONE', #3283, 1000.000000000000000 ) ;
#4796 = EDGE_CURVE ( 'NONE', #2940, #3600, #1984, .T. ) ;
#4797 = CARTESIAN_POINT ( 'NONE',  ( -44.06303808268222610, 0.000000000000000000, 4.106718403488664570 ) ) ;
#4798 = CARTESIAN_POINT ( 'NONE',  ( -34.36303808268228011, 0.000000000000000000, 2.206718403488665103 ) ) ;
#4799 = CARTESIAN_POINT ( 'NONE',  ( -35.26303808268227868, -0.01000000000000002623, 5.206718403488664215 ) ) ;
#4800 = DIRECTION ( 'NONE',  ( 0.000000000000000000, 0.000000000000000000, 1.000000000000000000 ) ) ;
#4801 = LINE ( 'NONE', #691, #2392 ) ;
#4802 = ORIENTED_EDGE ( 'NONE', *, *, #5154, .T. ) ;
#4803 = DIRECTION ( 'NONE',  ( -0.000000000000000000, -1.000000000000000000, -0.000000000000000000 ) ) ;
#4804 = EDGE_LOOP ( 'NONE', ( #636, #3593, #5137, #4732 ) ) ;
#4805 = CARTESIAN_POINT ( 'NONE',  ( 0.000000000000000000, -0.01000000000000002623, 6.606718403488665459 ) ) ;
#4806 = ORIENTED_EDGE ( 'NONE', *, *, #1399, .F. ) ;
#4807 = VERTEX_POINT ( 'NONE', #4874 ) ;
#4808 = DIRECTION ( 'NONE',  ( 0.000000000000000000, 1.000000000000000000, 0.000000000000000000 ) ) ;
#4809 = LINE ( 'NONE', #216, #5261 ) ;
#4810 = ORIENTED_EDGE ( 'NONE', *, *, #3139, .T. ) ;
#4811 = ORIENTED_EDGE ( 'NONE', *, *, #2548, .F. ) ;
#4812 = CARTESIAN_POINT ( 'NONE',  ( -34.36303808268227300, 0.6500000000000000222, 4.606718403488665459 ) ) ;
#4813 = VERTEX_POINT ( 'NONE', #4905 ) ;
#4814 = CARTESIAN_POINT ( 'NONE',  ( -34.36303808268226589, -0.01000000000000002623, 9.606718403488663682 ) ) ;
#4815 = DIRECTION ( 'NONE',  ( 0.000000000000000000, 0.000000000000000000, 1.000000000000000000 ) ) ;
#4816 = ADVANCED_FACE ( 'NONE', ( #5341 ), #356, .F. ) ;
#4817 = EDGE_CURVE ( 'NONE', #2883, #4998, #220, .T. ) ;
#4818 = ADVANCED_FACE ( 'NONE', ( #1604 ), #1574, .F. ) ;
#4819 = EDGE_CURVE ( 'NONE', #3651, #2941, #4205, .T. ) ;
#4820 = EDGE_CURVE ( 'NONE', #4558, #3079, #2380, .T. ) ;
#4821 = DIRECTION ( 'NONE',  ( -0.000000000000000000, -1.000000000000000000, -0.000000000000000000 ) ) ;
#4822 = DIRECTION ( 'NONE',  ( 0.000000000000000000, 0.000000000000000000, 1.000000000000000000 ) ) ;
#4823 = APPROVAL_PERSON_ORGANIZATION ( #2465, #3156, #4955 ) ;
#4824 = CARTESIAN_POINT ( 'NONE',  ( -39.70735580523984254, -0.01000000000000002623, 2.021237579218202463 ) ) ;
#4825 = ORIENTED_EDGE ( 'NONE', *, *, #3000, .T. ) ;
#4826 = FACE_OUTER_BOUND ( 'NONE', #3479, .T. ) ;
#4827 = CARTESIAN_POINT ( 'NONE',  ( -44.06303808268223321, 0.6500000000000000222, 7.006718403488665814 ) ) ;
#4828 = ORIENTED_EDGE ( 'NONE', *, *, #4372, .T. ) ;
#4829 = CARTESIAN_POINT ( 'NONE',  ( -35.26303808268225737, 0.000000000000000000, 9.906718403488664393 ) ) ;
#4830 = ORIENTED_EDGE ( 'NONE', *, *, #1384, .T. ) ;
#4831 = EDGE_CURVE ( 'NONE', #1599, #133, #3306, .T. ) ;
#4832 = LINE ( 'NONE', #4079, #1877 ) ;
#4833 = VERTEX_POINT ( 'NONE', #3281 ) ;
#4834 = ORIENTED_EDGE ( 'NONE', *, *, #654, .T. ) ;
#4835 = DIRECTION ( 'NONE',  ( -0.000000000000000000, -1.000000000000000000, -0.000000000000000000 ) ) ;
#4836 = FACE_OUTER_BOUND ( 'NONE', #3321, .T. ) ;
#4837 = ORIENTED_EDGE ( 'NONE', *, *, #2202, .F. ) ;
#4838 = VERTEX_POINT ( 'NONE', #2850 ) ;
#4839 = FACE_OUTER_BOUND ( 'NONE', #3646, .T. ) ;
#4840 = VERTEX_POINT ( 'NONE', #1171 ) ;
#4841 = CARTESIAN_POINT ( 'NONE',  ( -44.06303808268221900, 0.000000000000000000, 2.206718403488665103 ) ) ;
#4842 = DIRECTION ( 'NONE',  ( -0.000000000000000000, 0.000000000000000000, -1.000000000000000000 ) ) ;
#4843 = VECTOR ( 'NONE', #3126, 1000.000000000000000 ) ;
#4844 = FACE_OUTER_BOUND ( 'NONE', #4380, .T. ) ;
#4845 = EDGE_CURVE ( 'NONE', #2753, #3640, #433, .T. ) ;
#4846 = AXIS2_PLACEMENT_3D ( 'NONE', #2529, #2426, #2613 ) ;
#4847 = CARTESIAN_POINT ( 'NONE',  ( -44.06303808268225453, 0.000000000000000000, 11.20671840348866510 ) ) ;
#4848 = VECTOR ( 'NONE', #4676, 1000.000000000000000 ) ;
#4849 = CARTESIAN_POINT ( 'NONE',  ( -44.06303808268224742, 0.6500000000000000222, 10.30671840348866475 ) ) ;
#4850 = EDGE_LOOP ( 'NONE', ( #1106, #3059, #2124, #171 ) ) ;
#4851 = CARTESIAN_POINT ( 'NONE',  ( -35.26303808268225737, -0.01000000000000002623, 0.000000000000000000 ) ) ;
#4852 = CARTESIAN_POINT ( 'NONE',  ( -34.36303808268225879, 0.000000000000000000, 10.30671840348866475 ) ) ;
#4853 = VERTEX_POINT ( 'NONE', #2874 ) ;
#4854 = CIRCLE ( 'NONE', #4170, 0.1999999999999987899 ) ;
#4855 = CARTESIAN_POINT ( 'NONE',  ( 0.000000000000000000, -0.01000000000000002623, 12.05671840348866475 ) ) ;
#4856 = EDGE_CURVE ( 'NONE', #5227, #1487, #4089, .T. ) ;
#4857 = FACE_OUTER_BOUND ( 'NONE', #4114, .T. ) ;
#4858 = AXIS2_PLACEMENT_3D ( 'NONE', #376, #2024, #1625 ) ;
#4859 = EDGE_CURVE ( 'NONE', #3355, #1218, #1224, .T. ) ;
#4860 = FACE_OUTER_BOUND ( 'NONE', #2054, .T. ) ;
#4861 = ORIENTED_EDGE ( 'NONE', *, *, #3565, .F. ) ;
#4862 = ORIENTED_EDGE ( 'NONE', *, *, #4817, .F. ) ;
#4863 = PLANE ( 'NONE',  #4779 ) ;
#4864 = DIRECTION ( 'NONE',  ( 0.000000000000000000, 1.000000000000000000, 0.000000000000000000 ) ) ;
#4865 = AXIS2_PLACEMENT_3D ( 'NONE', #4319, #2660, #1418 ) ;
#4866 = AXIS2_PLACEMENT_3D ( 'NONE', #4855, #343, #4460 ) ;
#4867 = EDGE_CURVE ( 'NONE', #1496, #5356, #2083, .T. ) ;
#4868 = VERTEX_POINT ( 'NONE', #2 ) ;
#4869 = ORIENTED_EDGE ( 'NONE', *, *, #3565, .T. ) ;
#4870 = CARTESIAN_POINT ( 'NONE',  ( -43.70131370585286845, -0.01000000000000002623, 11.98732127763674171 ) ) ;
#4871 = VERTEX_POINT ( 'NONE', #4958 ) ;
#4872 = VECTOR ( 'NONE', #1959, 1000.000000000000000 ) ;
#4873 = CARTESIAN_POINT ( 'NONE',  ( 0.000000000000000000, -0.01000000000000002623, 3.306718403488665192 ) ) ;
#4874 = CARTESIAN_POINT ( 'NONE',  ( -34.36303808268227300, 0.000000000000000000, 4.406718403488665281 ) ) ;
#4875 = VECTOR ( 'NONE', #2610, 1000.000000000000000 ) ;
#4876 = VECTOR ( 'NONE', #1771, 1000.000000000000000 ) ;
#4877 = VECTOR ( 'NONE', #2912, 1000.000000000000000 ) ;
#4878 = FACE_OUTER_BOUND ( 'NONE', #1268, .T. ) ;
#4879 = AXIS2_PLACEMENT_3D ( 'NONE', #3070, #2580, #2227 ) ;
#4880 = LINE ( 'NONE', #3148, #3491 ) ;
#4881 = AXIS2_PLACEMENT_3D ( 'NONE', #2062, #2852, #3310 ) ;
#4882 = CARTESIAN_POINT ( 'NONE',  ( 6.078006928281503686E-15, -0.01000000000000002623, 6.306718403488622116 ) ) ;
#4883 = ORIENTED_EDGE ( 'NONE', *, *, #4528, .T. ) ;
#4885 = CARTESIAN_POINT ( 'NONE',  ( -44.06303808268224742, 0.6500000000000000222, 10.50671840348866404 ) ) ;
#4884 = CIRCLE ( 'NONE', #648, 0.2000000000000000944 ) ;
#4886 = CARTESIAN_POINT ( 'NONE',  ( -34.36303808268235827, 0.6500000000000000222, 7.948049182388530887E-13 ) ) ;
#4887 = ORIENTED_EDGE ( 'NONE', *, *, #5045, .T. ) ;
#4888 = PLANE ( 'NONE',  #198 ) ;
#4889 = EDGE_CURVE ( 'NONE', #1328, #3355, #1684, .T. ) ;
#4890 = EDGE_CURVE ( 'NONE', #3973, #3977, #1281, .T. ) ;
#4891 = CARTESIAN_POINT ( 'NONE',  ( -43.16303808268222753, 0.000000000000000000, 3.306718403488665192 ) ) ;
#4892 = DIRECTION ( 'NONE',  ( -1.000000000000000000, -0.000000000000000000, -0.000000000000000000 ) ) ;
#4893 = ORIENTED_EDGE ( 'NONE', *, *, #2148, .F. ) ;
#4894 = VERTEX_POINT ( 'NONE', #2947 ) ;
#4895 = CARTESIAN_POINT ( 'NONE',  ( -44.06303808268221900, 0.000000000000000000, 2.606718403488665459 ) ) ;
#4896 = CARTESIAN_POINT ( 'NONE',  ( -35.26303808268226447, 0.000000000000000000, 8.506718403488664038 ) ) ;
#4897 = VECTOR ( 'NONE', #5328, 1000.000000000000000 ) ;
#4898 = EDGE_LOOP ( 'NONE', ( #2593, #760, #2188, #2323, #973 ) ) ;
#4899 = ORIENTED_EDGE ( 'NONE', *, *, #3549, .T. ) ;
#4900 = DIRECTION ( 'NONE',  ( 0.000000000000000000, 1.000000000000000000, 0.000000000000000000 ) ) ;
#4901 = CALENDAR_DATE ( 2024, 26, 11 ) ;
#4902 = EDGE_LOOP ( 'NONE', ( #4313, #5132, #3114, #1916 ) ) ;
#4903 = LINE ( 'NONE', #707, #13 ) ;
#4904 = VECTOR ( 'NONE', #2367, 1000.000000000000000 ) ;
#4905 = CARTESIAN_POINT ( 'NONE',  ( -44.06303808268222610, 0.000000000000000000, 3.506718403488664926 ) ) ;
#4906 = EDGE_CURVE ( 'NONE', #1404, #2667, #491, .T. ) ;
#4907 = DIRECTION ( 'NONE',  ( 2.312964634635743529E-14, 0.000000000000000000, 1.000000000000000000 ) ) ;
#4908 = DIRECTION ( 'NONE',  ( 0.000000000000000000, 0.000000000000000000, 1.000000000000000000 ) ) ;
#4909 = LINE ( 'NONE', #4961, #4941 ) ;
#4910 = EDGE_LOOP ( 'NONE', ( #609, #3330, #725, #666, #1878, #3366 ) ) ;
#4911 = FACE_OUTER_BOUND ( 'NONE', #4627, .T. ) ;
#4912 = CYLINDRICAL_SURFACE ( 'NONE', #230, 0.2000000000000000944 ) ;
#4913 = ORIENTED_EDGE ( 'NONE', *, *, #626, .T. ) ;
#4914 = DIRECTION ( 'NONE',  ( 1.000000000000000000, 0.000000000000000000, 9.637352644315541502E-16 ) ) ;
#4915 = AXIS2_PLACEMENT_3D ( 'NONE', #4491, #3648, #5274 ) ;
#4916 = DIRECTION ( 'NONE',  ( -0.000000000000000000, -0.000000000000000000, -1.000000000000000000 ) ) ;
#4917 = EDGE_CURVE ( 'NONE', #5057, #4616, #460, .T. ) ;
#4918 = EDGE_CURVE ( 'NONE', #4562, #2130, #106, .T. ) ;
#4919 = LINE ( 'NONE', #4513, #1181 ) ;
#4920 = ORIENTED_EDGE ( 'NONE', *, *, #3755, .F. ) ;
#4921 = ORIENTED_EDGE ( 'NONE', *, *, #1049, .T. ) ;
#4922 = FACE_OUTER_BOUND ( 'NONE', #162, .T. ) ;
#4923 = CARTESIAN_POINT ( 'NONE',  ( -34.36303808268226589, 0.000000000000000000, 7.406718403488665281 ) ) ;
#4924 = ADVANCED_FACE ( 'NONE', ( #4598 ), #1736, .F. ) ;
#4925 = ORIENTED_EDGE ( 'NONE', *, *, #1946, .F. ) ;
#4926 = VERTEX_POINT ( 'NONE', #1815 ) ;
#4927 = DIRECTION ( 'NONE',  ( 0.000000000000000000, 0.000000000000000000, -1.000000000000000000 ) ) ;
#4928 = ORIENTED_EDGE ( 'NONE', *, *, #2102, .F. ) ;
#4929 = CARTESIAN_POINT ( 'NONE',  ( -44.06303808268225453, 0.000000000000000000, 11.40671840348866617 ) ) ;
#4930 = DIRECTION ( 'NONE',  ( 0.000000000000000000, 1.000000000000000000, 0.000000000000000000 ) ) ;
#4931 = EDGE_CURVE ( 'NONE', #265, #2649, #2977, .T. ) ;
#4932 = DIRECTION ( 'NONE',  ( 0.000000000000000000, 1.000000000000000000, 0.000000000000000000 ) ) ;
#4933 = VECTOR ( 'NONE', #2290, 1000.000000000000000 ) ;
#4934 = DIRECTION ( 'NONE',  ( -9.637352644315616444E-16, 0.000000000000000000, -1.000000000000000000 ) ) ;
#4935 = PRODUCT ( 'ATGM336H', 'ATGM336H', '', ( #968 ) ) ;
#4936 = LINE ( 'NONE', #3745, #5313 ) ;
#4937 = DIRECTION ( 'NONE',  ( 0.000000000000000000, 1.000000000000000000, 0.000000000000000000 ) ) ;
#4938 = ORIENTED_EDGE ( 'NONE', *, *, #4947, .T. ) ;
#4939 = CARTESIAN_POINT ( 'NONE',  ( 0.000000000000000000, 0.6500000000000000222, 12.05671840348866475 ) ) ;
#4940 = EDGE_CURVE ( 'NONE', #1580, #3433, #3818, .T. ) ;
#4941 = VECTOR ( 'NONE', #824, 1000.000000000000000 ) ;
#4942 = DIRECTION ( 'NONE',  ( 0.000000000000000000, 1.000000000000000000, 0.000000000000000000 ) ) ;
#4943 = VECTOR ( 'NONE', #3826, 1000.000000000000000 ) ;
#4944 = CARTESIAN_POINT ( 'NONE',  ( -44.06303808268225453, 0.6500000000000000222, 11.60671840348866546 ) ) ;
#4945 = EDGE_LOOP ( 'NONE', ( #3974, #2487, #3272, #3869 ) ) ;
#4946 = ORIENTED_EDGE ( 'NONE', *, *, #1651, .T. ) ;
#4947 = EDGE_CURVE ( 'NONE', #1218, #1415, #892, .T. ) ;
#4948 = CARTESIAN_POINT ( 'NONE',  ( -43.70131370585286845, -0.01000000000000002623, 11.98732127763674171 ) ) ;
#4949 = DIRECTION ( 'NONE',  ( -1.000000000000000000, 0.000000000000000000, 9.637352644315616444E-16 ) ) ;
#4950 = VECTOR ( 'NONE', #237, 1000.000000000000000 ) ;
#4951 = ORIENTED_EDGE ( 'NONE', *, *, #4422, .T. ) ;
#4952 = ORIENTED_EDGE ( 'NONE', *, *, #5049, .F. ) ;
#4953 = DIRECTION ( 'NONE',  ( -2.312964634635736587E-14, 0.000000000000000000, 1.000000000000000000 ) ) ;
#4954 = ORIENTED_EDGE ( 'NONE', *, *, #2302, .F. ) ;
#4955 = APPROVAL_ROLE ( '' ) ;
#4956 = ORIENTED_EDGE ( 'NONE', *, *, #1551, .F. ) ;
#4957 = FACE_OUTER_BOUND ( 'NONE', #4012, .T. ) ;
#4958 = CARTESIAN_POINT ( 'NONE',  ( -43.16303808268224174, -0.01000000000000002623, 9.606718403488663682 ) ) ;
#4959 = VECTOR ( 'NONE', #289, 1000.000000000000000 ) ;
#4960 = CARTESIAN_POINT ( 'NONE',  ( -35.26303808268227158, -0.01000000000000002623, 7.406718403488664393 ) ) ;
#4961 = CARTESIAN_POINT ( 'NONE',  ( -34.75155472807056611, -0.01000000000000002623, 11.98732127763674171 ) ) ;
#4962 = VECTOR ( 'NONE', #5097, 1000.000000000000000 ) ;
#4963 = LINE ( 'NONE', #2042, #3669 ) ;
#4964 = LINE ( 'NONE', #1719, #3519 ) ;
#4965 = ORIENTED_EDGE ( 'NONE', *, *, #4176, .T. ) ;
#4966 = CARTESIAN_POINT ( 'NONE',  ( -42.49940005278327959, -1.010000000000000009, 11.99219922775913005 ) ) ;
#4967 = VECTOR ( 'NONE', #4815, 1000.000000000000000 ) ;
#4968 = VECTOR ( 'NONE', #1249, 1000.000000000000000 ) ;
#4969 = CARTESIAN_POINT ( 'NONE',  ( -44.06303808268221900, -0.01000000000000002623, 3.006718403488664482 ) ) ;
#4970 = LINE ( 'NONE', #2150, #4247 ) ;
#4971 = EDGE_LOOP ( 'NONE', ( #1481, #2971, #952, #427, #2330 ) ) ;
#4972 = ORIENTED_EDGE ( 'NONE', *, *, #4528, .F. ) ;
#4973 = CARTESIAN_POINT ( 'NONE',  ( -44.06303808268215505, -0.01000000000000002623, -1.019162487798514754E-12 ) ) ;
#4974 = CARTESIAN_POINT ( 'NONE',  ( -35.92667611258123372, -0.01000000000000002623, 2.021237579218202463 ) ) ;
#4975 = EDGE_LOOP ( 'NONE', ( #2956, #296, #3412, #2669, #328, #5230 ) ) ;
#4976 = ORIENTED_EDGE ( 'NONE', *, *, #5064, .F. ) ;
#4977 = DIRECTION ( 'NONE',  ( -1.000000000000000000, 0.000000000000000000, 0.000000000000000000 ) ) ;
#4978 = ORIENTED_EDGE ( 'NONE', *, *, #4917, .T. ) ;
#4979 = ORIENTED_EDGE ( 'NONE', *, *, #1715, .T. ) ;
#4980 = LINE ( 'NONE', #4570, #2875 ) ;
#4981 = DIRECTION ( 'NONE',  ( -1.000000000000000000, 0.000000000000000000, 0.000000000000000000 ) ) ;
#4982 = VECTOR ( 'NONE', #4977, 1000.000000000000000 ) ;
#4983 = PRODUCT_DEFINITION_SHAPE ( 'NONE', 'NONE',  #2599 ) ;
#4984 = VECTOR ( 'NONE', #1368, 1000.000000000000000 ) ;
#4985 = ADVANCED_FACE ( 'NONE', ( #2190 ), #4204, .F. ) ;
#4986 = CARTESIAN_POINT ( 'NONE',  ( -34.36303808268226589, -0.01000000000000002623, 0.000000000000000000 ) ) ;
#4987 = ADVANCED_FACE ( 'NONE', ( #3790 ), #3009, .F. ) ;
#4988 = EDGE_CURVE ( 'NONE', #404, #3170, #3845, .T. ) ;
#4989 = ADVANCED_FACE ( 'NONE', ( #5087 ), #3766, .F. ) ;
#4990 = CARTESIAN_POINT ( 'NONE',  ( -42.49940005278327959, -1.010000000000000009, 2.027399959825791687 ) ) ;
#4991 = DIRECTION ( 'NONE',  ( 0.000000000000000000, 0.000000000000000000, -1.000000000000000000 ) ) ;
#4992 = DIRECTION ( 'NONE',  ( 0.000000000000000000, 0.000000000000000000, 1.000000000000000000 ) ) ;
#4993 = VERTEX_POINT ( 'NONE', #2517 ) ;
#4994 = DIRECTION ( 'NONE',  ( 1.000000000000000000, -0.000000000000000000, 0.000000000000000000 ) ) ;
#4995 = CARTESIAN_POINT ( 'NONE',  ( 0.000000000000000000, -0.01000000000000002623, 0.000000000000000000 ) ) ;
#4996 = LINE ( 'NONE', #4944, #1131 ) ;
#4997 = ORIENTED_EDGE ( 'NONE', *, *, #424, .F. ) ;
#4998 = VERTEX_POINT ( 'NONE', #516 ) ;
#4999 = CARTESIAN_POINT ( 'NONE',  ( -42.49940005278327959, -1.010000000000000009, 2.021237579218202463 ) ) ;
#5000 = APPLICATION_PROTOCOL_DEFINITION ( 'international standard', 'config_control_design', 1994, #5294 ) ;
#5001 = VECTOR ( 'NONE', #2301, 1000.000000000000000 ) ;
#5002 = ORIENTED_EDGE ( 'NONE', *, *, #3460, .F. ) ;
#5003 = EDGE_LOOP ( 'NONE', ( #4331, #4563, #1841, #1080, #4355 ) ) ;
#5004 = DIRECTION ( 'NONE',  ( 0.000000000000000000, -0.000000000000000000, -1.000000000000000000 ) ) ;
#5005 = VERTEX_POINT ( 'NONE', #136 ) ;
#5006 = VERTEX_POINT ( 'NONE', #4230 ) ;
#5007 = DIRECTION ( 'NONE',  ( 0.000000000000000000, 0.000000000000000000, -1.000000000000000000 ) ) ;
#5008 = FACE_OUTER_BOUND ( 'NONE', #3287, .T. ) ;
#5009 = CARTESIAN_POINT ( 'NONE',  ( -43.16303808268223463, -0.01000000000000002623, 0.000000000000000000 ) ) ;
#5010 = CARTESIAN_POINT ( 'NONE',  ( -5.017898137406858886E-15, -0.01000000000000002623, 5.206718403488697966 ) ) ;
#5011 = CARTESIAN_POINT ( 'NONE',  ( -44.06303808268224032, -0.01000000000000002623, 7.706718403488665992 ) ) ;
#5012 = DIRECTION ( 'NONE',  ( 2.312964634635736587E-14, 0.000000000000000000, 1.000000000000000000 ) ) ;
#5013 = ORIENTED_EDGE ( 'NONE', *, *, #1776, .F. ) ;
#5014 = DIRECTION ( 'NONE',  ( -1.000000000000000000, -0.000000000000000000, -0.000000000000000000 ) ) ;
#5015 = DIRECTION ( 'NONE',  ( 0.000000000000000000, 0.000000000000000000, -1.000000000000000000 ) ) ;
#5016 = CARTESIAN_POINT ( 'NONE',  ( -35.26303808268226447, -0.01000000000000002623, 9.606718403488663682 ) ) ;
#5017 = VERTEX_POINT ( 'NONE', #2160 ) ;
#5018 = ORIENTED_EDGE ( 'NONE', *, *, #1087, .F. ) ;
#5019 = DIRECTION ( 'NONE',  ( -9.637352644315616444E-16, 0.000000000000000000, -1.000000000000000000 ) ) ;
#5020 = DIRECTION ( 'NONE',  ( -1.000000000000000000, -0.000000000000000000, -0.000000000000000000 ) ) ;
#5021 = ADVANCED_FACE ( 'NONE', ( #5008 ), #4682, .F. ) ;
#5022 = EDGE_CURVE ( 'NONE', #2526, #4394, #976, .T. ) ;
#5023 = VERTEX_POINT ( 'NONE', #4654 ) ;
#5024 = ORIENTED_EDGE ( 'NONE', *, *, #310, .F. ) ;
#5025 = DIRECTION ( 'NONE',  ( 0.000000000000000000, 0.000000000000000000, 1.000000000000000000 ) ) ;
#5026 = VERTEX_POINT ( 'NONE', #5029 ) ;
#5027 = ORIENTED_EDGE ( 'NONE', *, *, #507, .T. ) ;
#5028 = PLANE ( 'NONE',  #2262 ) ;
#5029 = CARTESIAN_POINT ( 'NONE',  ( -43.16303808268223463, 0.000000000000000000, 6.606718403488665459 ) ) ;
#5030 = EDGE_LOOP ( 'NONE', ( #4224, #130, #2410, #295 ) ) ;
#5031 = VECTOR ( 'NONE', #1441, 1000.000000000000000 ) ;
#5032 = CARTESIAN_POINT ( 'NONE',  ( -34.36303808268225879, 0.000000000000000000, 11.80671840348866475 ) ) ;
#5033 = CARTESIAN_POINT ( 'NONE',  ( 7.138115719156221850E-15, -0.01000000000000002623, 7.406718403488622648 ) ) ;
#5034 = DIRECTION ( 'NONE',  ( 0.000000000000000000, 0.000000000000000000, -1.000000000000000000 ) ) ;
#5035 = CARTESIAN_POINT ( 'NONE',  ( -43.70131370585286845, -0.01000000000000002623, 11.80671840348866297 ) ) ;
#5036 = VERTEX_POINT ( 'NONE', #1331 ) ;
#5037 = VECTOR ( 'NONE', #4927, 1000.000000000000000 ) ;
#5038 = DIRECTION ( 'NONE',  ( 0.000000000000000000, 0.000000000000000000, 1.000000000000000000 ) ) ;
#5039 = AXIS2_PLACEMENT_3D ( 'NONE', #5160, #1427, #2640 ) ;
#5040 = FACE_OUTER_BOUND ( 'NONE', #3192, .T. ) ;
#5041 = LINE ( 'NONE', #5070, #207 ) ;
#5042 = CARTESIAN_POINT ( 'NONE',  ( -44.06303808268224742, -0.01000000000000002623, 8.806718403488666524 ) ) ;
#5043 = CARTESIAN_POINT ( 'NONE',  ( 0.000000000000000000, -0.01000000000000002623, 2.206718403488665103 ) ) ;
#5044 = EDGE_LOOP ( 'NONE', ( #2292, #780, #1628, #4220, #948 ) ) ;
#5045 = EDGE_CURVE ( 'NONE', #1522, #1467, #3410, .T. ) ;
#5046 = VERTEX_POINT ( 'NONE', #5248 ) ;
#5047 = LINE ( 'NONE', #3372, #4002 ) ;
#5048 = DIRECTION ( 'NONE',  ( 1.000000000000000000, 0.000000000000000000, 0.000000000000000000 ) ) ;
#5049 = EDGE_CURVE ( 'NONE', #513, #4335, #4884, .T. ) ;
#5050 = VECTOR ( 'NONE', #165, 1000.000000000000000 ) ;
#5051 = EDGE_CURVE ( 'NONE', #2316, #1244, #5173, .T. ) ;
#5052 = EDGE_CURVE ( 'NONE', #4009, #2532, #1492, .T. ) ;
#5053 = VECTOR ( 'NONE', #4233, 1000.000000000000000 ) ;
#5054 = CARTESIAN_POINT ( 'NONE',  ( -34.36303808268225879, 0.000000000000000000, 10.70671840348866510 ) ) ;
#5055 = ORIENTED_EDGE ( 'NONE', *, *, #3228, .T. ) ;
#5056 = CARTESIAN_POINT ( 'NONE',  ( -44.06303808268224032, 0.6500000000000000222, 8.106718403488665459 ) ) ;
#5057 = VERTEX_POINT ( 'NONE', #4714 ) ;
#5058 = VERTEX_POINT ( 'NONE', #645 ) ;
#5059 = CARTESIAN_POINT ( 'NONE',  ( -44.06303808268224742, 0.000000000000000000, 9.206718403488665103 ) ) ;
#5060 = CARTESIAN_POINT ( 'NONE',  ( -35.26303808268226447, -0.01000000000000002623, 9.606718403488663682 ) ) ;
#5061 = ORIENTED_EDGE ( 'NONE', *, *, #21, .F. ) ;
#5062 = PLANE ( 'NONE',  #4538 ) ;
#5063 = AXIS2_PLACEMENT_3D ( 'NONE', #2108, #1705, #429 ) ;
#5064 = EDGE_CURVE ( 'NONE', #465, #4051, #5195, .T. ) ;
#5065 = CARTESIAN_POINT ( 'NONE',  ( -35.26303808268227158, -0.01000000000000002623, 5.506718403488664926 ) ) ;
#5066 = LINE ( 'NONE', #194, #1766 ) ;
#5067 = DIRECTION ( 'NONE',  ( -0.000000000000000000, 1.000000000000000000, -0.000000000000000000 ) ) ;
#5068 = CARTESIAN_POINT ( 'NONE',  ( -34.36303808268226589, 0.6500000000000000222, 6.806718403488664748 ) ) ;
#5069 = DIRECTION ( 'NONE',  ( 0.000000000000000000, 1.000000000000000000, 0.000000000000000000 ) ) ;
#5070 = CARTESIAN_POINT ( 'NONE',  ( -43.16303808268222753, -0.01000000000000002623, 0.000000000000000000 ) ) ;
#5071 = CARTESIAN_POINT ( 'NONE',  ( 0.000000000000000000, -0.01000000000000002623, 0.000000000000000000 ) ) ;
#5072 = CARTESIAN_POINT ( 'NONE',  ( -43.70131370585286845, -0.01000000000000002623, 7.406718403488664393 ) ) ;
#5073 = VERTEX_POINT ( 'NONE', #1902 ) ;
#5074 = ORIENTED_EDGE ( 'NONE', *, *, #3794, .T. ) ;
#5075 = DIRECTION ( 'NONE',  ( -0.000000000000000000, -1.000000000000000000, 0.000000000000000000 ) ) ;
#5076 = DIRECTION ( 'NONE',  ( -0.000000000000000000, 0.000000000000000000, 1.000000000000000000 ) ) ;
#5077 = EDGE_CURVE ( 'NONE', #4840, #1276, #3598, .T. ) ;
#5078 = EDGE_CURVE ( 'NONE', #3596, #1244, #1007, .T. ) ;
#5079 = DIRECTION ( 'NONE',  ( -1.000000000000000000, 0.000000000000000000, -0.000000000000000000 ) ) ;
#5080 = EDGE_CURVE ( 'NONE', #1515, #4993, #5349, .T. ) ;
#5081 = VERTEX_POINT ( 'NONE', #3112 ) ;
#5082 = EDGE_CURVE ( 'NONE', #1733, #3264, #4311, .T. ) ;
#5083 = DIRECTION ( 'NONE',  ( 1.000000000000000000, -0.000000000000000000, 1.927470528863108300E-15 ) ) ;
#5084 = ORIENTED_EDGE ( 'NONE', *, *, #2360, .F. ) ;
#5085 = ORIENTED_EDGE ( 'NONE', *, *, #2738, .T. ) ;
#5086 = CARTESIAN_POINT ( 'NONE',  ( 0.000000000000000000, -0.01000000000000002623, 0.000000000000000000 ) ) ;
#5087 = FACE_OUTER_BOUND ( 'NONE', #4287, .T. ) ;
#5088 = VECTOR ( 'NONE', #784, 1000.000000000000000 ) ;
#5089 = ORIENTED_EDGE ( 'NONE', *, *, #2119, .F. ) ;
#5090 = LINE ( 'NONE', #953, #1605 ) ;
#5091 = EDGE_CURVE ( 'NONE', #2915, #4384, #1634, .T. ) ;
#5092 = DIRECTION ( 'NONE',  ( 0.000000000000000000, 0.000000000000000000, 1.000000000000000000 ) ) ;
#5093 = DIRECTION ( 'NONE',  ( 2.312964634635743529E-14, 0.000000000000000000, 1.000000000000000000 ) ) ;
#5094 = CARTESIAN_POINT ( 'NONE',  ( 0.000000000000000000, -0.01000000000000002623, 0.000000000000000000 ) ) ;
#5095 = EDGE_CURVE ( 'NONE', #3723, #5046, #2326, .T. ) ;
#5096 = LINE ( 'NONE', #2960, #4449 ) ;
#5097 = DIRECTION ( 'NONE',  ( 0.000000000000000000, 0.000000000000000000, 1.000000000000000000 ) ) ;
#5098 = LINE ( 'NONE', #1020, #3990 ) ;
#5099 = CARTESIAN_POINT ( 'NONE',  ( -34.36303808268227300, 0.6500000000000000222, 5.006718403488666702 ) ) ;
#5100 = ORIENTED_EDGE ( 'NONE', *, *, #3002, .T. ) ;
#5101 = EDGE_LOOP ( 'NONE', ( #339, #4792, #1653, #2619, #3425 ) ) ;
#5102 = LINE ( 'NONE', #1024, #1669 ) ;
#5103 = PERSON_AND_ORGANIZATION_ROLE ( 'design_supplier' ) ;
#5104 = EDGE_CURVE ( 'NONE', #5119, #3030, #4809, .T. ) ;
#5105 = VECTOR ( 'NONE', #3076, 1000.000000000000000 ) ;
#5106 = LINE ( 'NONE', #916, #3642 ) ;
#5107 = EDGE_CURVE ( 'NONE', #532, #5145, #3894, .T. ) ;
#5108 = VERTEX_POINT ( 'NONE', #4740 ) ;
#5109 = DIRECTION ( 'NONE',  ( -0.000000000000000000, -0.000000000000000000, -1.000000000000000000 ) ) ;
#5110 = ORIENTED_EDGE ( 'NONE', *, *, #3136, .T. ) ;
#5111 = CIRCLE ( 'NONE', #4846, 0.1999999999999987899 ) ;
#5112 = EDGE_LOOP ( 'NONE', ( #2844, #3377, #3130, #4113 ) ) ;
#5113 = CIRCLE ( 'NONE', #2085, 0.2000000000000005107 ) ;
#5114 = PLANE ( 'NONE',  #5121 ) ;
#5115 = CARTESIAN_POINT ( 'NONE',  ( 0.000000000000000000, -0.01000000000000002623, 6.606718403488665459 ) ) ;
#5116 = EDGE_LOOP ( 'NONE', ( #3106, #475, #1461, #4515 ) ) ;
#5117 = CARTESIAN_POINT ( 'NONE',  ( 0.000000000000000000, -0.01000000000000002623, 0.000000000000000000 ) ) ;
#5119 = VERTEX_POINT ( 'NONE', #1466 ) ;
#5118 = VECTOR ( 'NONE', #4473, 1000.000000000000000 ) ;
#5120 = DIRECTION ( 'NONE',  ( 1.000000000000000000, 0.000000000000000000, -0.000000000000000000 ) ) ;
#5121 = AXIS2_PLACEMENT_3D ( 'NONE', #3893, #596, #1465 ) ;
#5122 = CARTESIAN_POINT ( 'NONE',  ( -44.06303808268224742, 0.6500000000000000222, 9.006718403488664038 ) ) ;
#5123 = FACE_OUTER_BOUND ( 'NONE', #155, .T. ) ;
#5124 = DIRECTION ( 'NONE',  ( -0.000000000000000000, -1.000000000000000000, -0.000000000000000000 ) ) ;
#5125 = VECTOR ( 'NONE', #4211, 1000.000000000000000 ) ;
#5126 = CIRCLE ( 'NONE', #2793, 0.2000000000000005107 ) ;
#5127 = DIRECTION ( 'NONE',  ( 0.000000000000000000, 1.000000000000000000, 0.000000000000000000 ) ) ;
#5128 = CARTESIAN_POINT ( 'NONE',  ( -38.71872036012467078, -1.010000000000000009, 2.021237579218202463 ) ) ;
#5129 = CARTESIAN_POINT ( 'NONE',  ( -44.06303808268223321, 0.000000000000000000, 7.406718403488665281 ) ) ;
#5130 = DIRECTION ( 'NONE',  ( 1.000000000000000000, 0.000000000000000000, 1.927470528863123289E-15 ) ) ;
#5131 = ORIENTED_EDGE ( 'NONE', *, *, #5052, .F. ) ;
#5132 = ORIENTED_EDGE ( 'NONE', *, *, #920, .F. ) ;
#5133 = FACE_OUTER_BOUND ( 'NONE', #5320, .T. ) ;
#5134 = AXIS2_PLACEMENT_3D ( 'NONE', #2714, #3552, #5206 ) ;
#5135 = AXIS2_PLACEMENT_3D ( 'NONE', #2767, #1146, #3123 ) ;
#5136 = LINE ( 'NONE', #1435, #180 ) ;
#5137 = ORIENTED_EDGE ( 'NONE', *, *, #3802, .F. ) ;
#5138 = DIRECTION ( 'NONE',  ( 0.000000000000000000, -1.000000000000000000, 0.000000000000000000 ) ) ;
#5139 = ORIENTED_EDGE ( 'NONE', *, *, #3027, .F. ) ;
#5140 = VECTOR ( 'NONE', #2281, 1000.000000000000000 ) ;
#5141 = ORIENTED_EDGE ( 'NONE', *, *, #5082, .T. ) ;
#5142 = CARTESIAN_POINT ( 'NONE',  ( 0.000000000000000000, -0.01000000000000002623, 0.000000000000000000 ) ) ;
#5143 = DIRECTION ( 'NONE',  ( 0.000000000000000000, 1.000000000000000000, 0.000000000000000000 ) ) ;
#5144 = VECTOR ( 'NONE', #2358, 1000.000000000000000 ) ;
#5145 = VERTEX_POINT ( 'NONE', #4788 ) ;
#5146 = VECTOR ( 'NONE', #544, 1000.000000000000000 ) ;
#5147 = DIRECTION ( 'NONE',  ( 0.000000000000000000, 0.000000000000000000, 1.000000000000000000 ) ) ;
#5148 = ORIENTED_EDGE ( 'NONE', *, *, #4831, .T. ) ;
#5149 = LINE ( 'NONE', #191, #5144 ) ;
#5150 = EDGE_CURVE ( 'NONE', #4813, #393, #598, .T. ) ;
#5151 = EDGE_CURVE ( 'NONE', #4020, #2316, #1055, .T. ) ;
#5152 = EDGE_CURVE ( 'NONE', #2533, #1191, #2755, .T. ) ;
#5153 = PLANE ( 'NONE',  #2461 ) ;
#5154 = EDGE_CURVE ( 'NONE', #1731, #1385, #1924, .T. ) ;
#5155 = DIRECTION ( 'NONE',  ( 0.000000000000000000, 0.000000000000000000, 1.000000000000000000 ) ) ;
#5156 = VECTOR ( 'NONE', #397, 1000.000000000000000 ) ;
#5157 = CARTESIAN_POINT ( 'NONE',  ( -35.26303808268226447, -0.01000000000000002623, 8.506718403488664038 ) ) ;
#5158 = EDGE_CURVE ( 'NONE', #3358, #1563, #3573, .T. ) ;
#5159 = VECTOR ( 'NONE', #5323, 1000.000000000000000 ) ;
#5160 = CARTESIAN_POINT ( 'NONE',  ( 2.275710176530992711E-14, -0.01000000000000002623, 11.80671840348857948 ) ) ;
#5161 = CARTESIAN_POINT ( 'NONE',  ( -44.06303808268224032, 0.000000000000000000, 7.906718403488666169 ) ) ;
#5162 = CARTESIAN_POINT ( 'NONE',  ( -39.70735580523984254, -0.01000000000000002623, 11.99219922775913005 ) ) ;
#5163 = VERTEX_POINT ( 'NONE', #3518 ) ;
#5164 = VERTEX_POINT ( 'NONE', #1108 ) ;
#5165 = PLANE ( 'NONE',  #3916 ) ;
#5166 = EDGE_CURVE ( 'NONE', #4926, #4219, #3954, .T. ) ;
#5167 = EDGE_LOOP ( 'NONE', ( #2106, #675, #786, #1584, #4464 ) ) ;
#5168 = ORIENTED_EDGE ( 'NONE', *, *, #5091, .F. ) ;
#5169 = CARTESIAN_POINT ( 'NONE',  ( -34.36303808268225879, 0.6500000000000000222, 10.30671840348866475 ) ) ;
#5170 = ORIENTED_EDGE ( 'NONE', *, *, #2822, .T. ) ;
#5171 = ORIENTED_EDGE ( 'NONE', *, *, #5095, .T. ) ;
#5172 = CARTESIAN_POINT ( 'NONE',  ( 0.000000000000000000, -0.01000000000000002623, 12.05671840348866475 ) ) ;
#5173 = LINE ( 'NONE', #4360, #3616 ) ;
#5174 = ORIENTED_EDGE ( 'NONE', *, *, #5151, .T. ) ;
#5175 = DIRECTION ( 'NONE',  ( -0.000000000000000000, -1.000000000000000000, -0.000000000000000000 ) ) ;
#5176 = ORIENTED_EDGE ( 'NONE', *, *, #2053, .F. ) ;
#5177 = DIRECTION ( 'NONE',  ( -1.000000000000000000, 0.000000000000000000, 9.637352644315616444E-16 ) ) ;
#5178 = DIRECTION ( 'NONE',  ( -0.000000000000000000, -0.000000000000000000, 1.000000000000000000 ) ) ;
#5179 = VECTOR ( 'NONE', #2431, 1000.000000000000000 ) ;
#5180 = ADVANCED_FACE ( 'NONE', ( #4836 ), #2404, .T. ) ;
#5181 = DIRECTION ( 'NONE',  ( -0.000000000000000000, -0.000000000000000000, -1.000000000000000000 ) ) ;
#5182 = DIRECTION ( 'NONE',  ( -1.000000000000000000, -0.000000000000000000, -0.000000000000000000 ) ) ;
#5183 = CARTESIAN_POINT ( 'NONE',  ( -34.36303808268225879, 0.000000000000000000, 11.80671840348866475 ) ) ;
#5184 = CARTESIAN_POINT ( 'NONE',  ( -44.06303808268225453, -0.01000000000000002623, 12.05671840348866475 ) ) ;
#5185 = CARTESIAN_POINT ( 'NONE',  ( -43.70131370585286845, -0.01000000000000002623, 2.027399959825791687 ) ) ;
#5186 = LINE ( 'NONE', #3446, #4155 ) ;
#5187 = ORIENTED_EDGE ( 'NONE', *, *, #4223, .T. ) ;
#5188 = VERTEX_POINT ( 'NONE', #4923 ) ;
#5189 = LINE ( 'NONE', #562, #2270 ) ;
#5190 = ORIENTED_EDGE ( 'NONE', *, *, #2739, .T. ) ;
#5191 = DIRECTION ( 'NONE',  ( -0.000000000000000000, -1.000000000000000000, 0.000000000000000000 ) ) ;
#5192 = VERTEX_POINT ( 'NONE', #350 ) ;
#5193 = ORIENTED_EDGE ( 'NONE', *, *, #927, .T. ) ;
#5194 = DIRECTION ( 'NONE',  ( 0.000000000000000000, -0.000000000000000000, -1.000000000000000000 ) ) ;
#5195 = LINE ( 'NONE', #3138, #2321 ) ;
#5196 = VECTOR ( 'NONE', #2257, 1000.000000000000000 ) ;
#5197 = EDGE_CURVE ( 'NONE', #1967, #4549, #3190, .T. ) ;
#5198 = ORIENTED_EDGE ( 'NONE', *, *, #2589, .T. ) ;
#5199 = LINE ( 'NONE', #620, #1332 ) ;
#5200 = ORIENTED_EDGE ( 'NONE', *, *, #1587, .F. ) ;
#5201 = DIRECTION ( 'NONE',  ( 0.000000000000000000, 0.000000000000000000, 1.000000000000000000 ) ) ;
#5202 = CARTESIAN_POINT ( 'NONE',  ( -34.36303808268226589, 0.000000000000000000, 8.306718403488662972 ) ) ;
#5203 = AXIS2_PLACEMENT_3D ( 'NONE', #5237, #2743, #3099 ) ;
#5204 = AXIS2_PLACEMENT_3D ( 'NONE', #1356, #3789, #2976 ) ;
#5205 = DIRECTION ( 'NONE',  ( 0.000000000000000000, 0.000000000000000000, 1.000000000000000000 ) ) ;
#5206 = DIRECTION ( 'NONE',  ( 1.000000000000000000, 0.000000000000000000, 1.927470528863123289E-15 ) ) ;
#5207 = VECTOR ( 'NONE', #4808, 1000.000000000000000 ) ;
#5208 = CARTESIAN_POINT ( 'NONE',  ( -44.06303808268224032, 0.6500000000000000222, 8.306718403488664748 ) ) ;
#5209 = DIRECTION ( 'NONE',  ( 0.000000000000000000, 0.000000000000000000, 1.000000000000000000 ) ) ;
#5210 = LINE ( 'NONE', #775, #4727 ) ;
#5211 = ORIENTED_EDGE ( 'NONE', *, *, #256, .T. ) ;
#5212 = VECTOR ( 'NONE', #2092, 1000.000000000000000 ) ;
#5213 = ORIENTED_EDGE ( 'NONE', *, *, #1383, .T. ) ;
#5214 = LINE ( 'NONE', #1509, #1671 ) ;
#5215 = ORIENTED_EDGE ( 'NONE', *, *, #796, .F. ) ;
#5216 = EDGE_CURVE ( 'NONE', #3866, #5058, #2001, .T. ) ;
#5217 = EDGE_CURVE ( 'NONE', #4051, #3341, #1130, .T. ) ;
#5218 = CARTESIAN_POINT ( 'NONE',  ( -43.16303808268222042, 0.000000000000000000, 2.206718403488665103 ) ) ;
#5219 = VERTEX_POINT ( 'NONE', #1189 ) ;
#5220 = ORIENTED_EDGE ( 'NONE', *, *, #415, .F. ) ;
#5221 = EDGE_CURVE ( 'NONE', #4504, #3205, #2840, .T. ) ;
#5222 = CARTESIAN_POINT ( 'NONE',  ( -44.06303808268223321, 0.000000000000000000, 7.206718403488665103 ) ) ;
#5223 = DIRECTION ( 'NONE',  ( -1.000000000000000000, 0.000000000000000000, 0.000000000000000000 ) ) ;
#5224 = EDGE_CURVE ( 'NONE', #1733, #1994, #426, .T. ) ;
#5225 = EDGE_CURVE ( 'NONE', #3433, #4778, #2781, .T. ) ;
#5226 = VECTOR ( 'NONE', #3733, 1000.000000000000000 ) ;
#5227 = VERTEX_POINT ( 'NONE', #327 ) ;
#5228 = ORIENTED_EDGE ( 'NONE', *, *, #927, .F. ) ;
#5229 = CARTESIAN_POINT ( 'NONE',  ( -34.36303808268228011, 0.6500000000000000222, 3.906718403488666169 ) ) ;
#5230 = ORIENTED_EDGE ( 'NONE', *, *, #2903, .F. ) ;
#5231 = CARTESIAN_POINT ( 'NONE',  ( -44.06303808268225453, 0.6500000000000000222, 11.60671840348866546 ) ) ;
#5232 = CARTESIAN_POINT ( 'NONE',  ( -34.36303808268226589, 0.6500000000000000222, 6.806718403488664748 ) ) ;
#5233 = AXIS2_PLACEMENT_3D ( 'NONE', #5342, #2877, #4907 ) ;
#5234 = CARTESIAN_POINT ( 'NONE',  ( -38.71872036012467078, -1.010000000000000009, 2.021237579218202463 ) ) ;
#5235 = CARTESIAN_POINT ( 'NONE',  ( 2.275710176530992711E-14, -0.01000000000000002623, 11.80671840348857948 ) ) ;
#5236 = ADVANCED_FACE ( 'NONE', ( #4440 ), #809, .F. ) ;
#5237 = CARTESIAN_POINT ( 'NONE',  ( -44.06303808268225453, 0.6500000000000000222, 11.40671840348866617 ) ) ;
#5238 = LINE ( 'NONE', #1968, #3324 ) ;
#5239 = LINE ( 'NONE', #3236, #3785 ) ;
#5240 = ORIENTED_EDGE ( 'NONE', *, *, #591, .F. ) ;
#5241 = LINE ( 'NONE', #1182, #3224 ) ;
#5242 = CIRCLE ( 'NONE', #2564, 0.2000000000000005107 ) ;
#5243 = EDGE_LOOP ( 'NONE', ( #1555, #4566, #83, #5148 ) ) ;
#5244 = LINE ( 'NONE', #1126, #4210 ) ;
#5245 = ORIENTED_EDGE ( 'NONE', *, *, #5302, .F. ) ;
#5246 = ORIENTED_EDGE ( 'NONE', *, *, #5051, .T. ) ;
#5247 = PLANE ( 'NONE',  #3391 ) ;
#5248 = CARTESIAN_POINT ( 'NONE',  ( -34.36303808268226589, 0.000000000000000000, 9.406718403488666169 ) ) ;
#5249 = EDGE_CURVE ( 'NONE', #2752, #2753, #377, .T. ) ;
#5250 = ADVANCED_FACE ( 'NONE', ( #5300 ), #728, .F. ) ;
#5251 = ORIENTED_EDGE ( 'NONE', *, *, #4845, .T. ) ;
#5252 = ORIENTED_EDGE ( 'NONE', *, *, #114, .T. ) ;
#5253 = CARTESIAN_POINT ( 'NONE',  ( -34.36303808268226589, 0.000000000000000000, 8.506718403488665814 ) ) ;
#5254 = ORIENTED_EDGE ( 'NONE', *, *, #344, .F. ) ;
#5255 = DIRECTION ( 'NONE',  ( 2.312964634635736587E-14, 0.000000000000000000, 1.000000000000000000 ) ) ;
#5256 = CARTESIAN_POINT ( 'NONE',  ( -35.92667611258123372, -1.010000000000000009, 11.99219922775913005 ) ) ;
#5257 = LINE ( 'NONE', #1093, #307 ) ;
#5258 = EDGE_CURVE ( 'NONE', #3463, #3535, #4034, .T. ) ;
#5259 = PLANE ( 'NONE',  #3064 ) ;
#5260 = EDGE_CURVE ( 'NONE', #4645, #1761, #2379, .T. ) ;
#5261 = VECTOR ( 'NONE', #2704, 1000.000000000000000 ) ;
#5262 = CARTESIAN_POINT ( 'NONE',  ( -39.70735580523984254, -1.010000000000000009, 2.027399959825791687 ) ) ;
#5263 = ORIENTED_EDGE ( 'NONE', *, *, #4688, .T. ) ;
#5264 = FACE_OUTER_BOUND ( 'NONE', #3177, .T. ) ;
#5265 = DIRECTION ( 'NONE',  ( -0.000000000000000000, -1.000000000000000000, -0.000000000000000000 ) ) ;
#5266 = ORIENTED_EDGE ( 'NONE', *, *, #2834, .T. ) ;
#5267 = LINE ( 'NONE', #4076, #4175 ) ;
#5268 = ADVANCED_FACE ( 'NONE', ( #1161 ), #758, .F. ) ;
#5269 = DIRECTION ( 'NONE',  ( 0.000000000000000000, 1.000000000000000000, 0.000000000000000000 ) ) ;
#5270 = DIRECTION ( 'NONE',  ( -0.000000000000000000, -1.000000000000000000, 0.000000000000000000 ) ) ;
#5271 = ORIENTED_EDGE ( 'NONE', *, *, #1424, .T. ) ;
#5272 = ORIENTED_EDGE ( 'NONE', *, *, #4260, .F. ) ;
#5273 = DIRECTION ( 'NONE',  ( -0.000000000000000000, -1.000000000000000000, -0.000000000000000000 ) ) ;
#5274 = DIRECTION ( 'NONE',  ( 0.000000000000000000, 0.000000000000000000, 1.000000000000000000 ) ) ;
#5275 = ORIENTED_EDGE ( 'NONE', *, *, #1525, .F. ) ;
#5276 = ORIENTED_EDGE ( 'NONE', *, *, #2763, .T. ) ;
#5277 = FACE_OUTER_BOUND ( 'NONE', #678, .T. ) ;
#5278 = VERTEX_POINT ( 'NONE', #1626 ) ;
#5279 = CARTESIAN_POINT ( 'NONE',  ( -43.16303808268224174, 0.000000000000000000, 7.706718403488665992 ) ) ;
#5280 = DIRECTION ( 'NONE',  ( -0.000000000000000000, -1.000000000000000000, 0.000000000000000000 ) ) ;
#5281 = VECTOR ( 'NONE', #2694, 1000.000000000000000 ) ;
#5282 = CARTESIAN_POINT ( 'NONE',  ( -39.70735580523984254, -1.010000000000000009, 11.99219922775913005 ) ) ;
#5283 = ADVANCED_FACE ( 'NONE', ( #2890 ), #4544, .T. ) ;
#5284 = CARTESIAN_POINT ( 'NONE',  ( -38.71872036012467078, -0.01000000000000002623, 2.027399959825791687 ) ) ;
#5285 = VECTOR ( 'NONE', #3897, 1000.000000000000000 ) ;
#5286 = CARTESIAN_POINT ( 'NONE',  ( -34.36303808268228011, 0.6500000000000000222, 3.906718403488666169 ) ) ;
#5287 = ORIENTED_EDGE ( 'NONE', *, *, #3693, .T. ) ;
#5288 = CARTESIAN_POINT ( 'NONE',  ( 0.000000000000000000, -0.01000000000000002623, 1.956718403488664881 ) ) ;
#5289 = LINE ( 'NONE', #3204, #68 ) ;
#5290 = ORIENTED_EDGE ( 'NONE', *, *, #2164, .T. ) ;
#5291 = AXIS2_PLACEMENT_3D ( 'NONE', #736, #1544, #5308 ) ;
#5292 = LINE ( 'NONE', #2018, #2622 ) ;
#5293 = CYLINDRICAL_SURFACE ( 'NONE', #2518, 0.2000000000000000944 ) ;
#5294 = APPLICATION_CONTEXT ( 'configuration controlled 3d designs of mechanical parts and assemblies' ) ;
#5295 = CIRCLE ( 'NONE', #625, 0.2000000000000000944 ) ;
#5296 = LINE ( 'NONE', #3617, #2821 ) ;
#5297 = VERTEX_POINT ( 'NONE', #5355 ) ;
#5298 = ORIENTED_EDGE ( 'NONE', *, *, #4533, .T. ) ;
#5299 = FACE_OUTER_BOUND ( 'NONE', #1275, .T. ) ;
#5300 = FACE_OUTER_BOUND ( 'NONE', #1177, .T. ) ;
#5301 = VECTOR ( 'NONE', #3824, 1000.000000000000000 ) ;
#5302 = EDGE_CURVE ( 'NONE', #4838, #2776, #18, .T. ) ;
#5303 = VERTEX_POINT ( 'NONE', #2052 ) ;
#5304 = ORIENTED_EDGE ( 'NONE', *, *, #5104, .F. ) ;
#5305 = DIRECTION ( 'NONE',  ( -0.000000000000000000, -1.000000000000000000, -0.000000000000000000 ) ) ;
#5306 = EDGE_LOOP ( 'NONE', ( #2451, #3508, #4785, #1048 ) ) ;
#5307 = AXIS2_PLACEMENT_3D ( 'NONE', #3521, #5175, #1468 ) ;
#5308 = DIRECTION ( 'NONE',  ( 1.000000000000000000, 0.000000000000000000, 0.000000000000000000 ) ) ;
#5309 = LINE ( 'NONE', #2415, #1000 ) ;
#5310 = AXIS2_PLACEMENT_3D ( 'NONE', #2199, #3851, #142 ) ;
#5311 = VECTOR ( 'NONE', #4916, 1000.000000000000000 ) ;
#5312 = CARTESIAN_POINT ( 'NONE',  ( -43.16303808268223463, -0.01000000000000002623, 6.606718403488665459 ) ) ;
#5313 = VECTOR ( 'NONE', #8, 1000.000000000000000 ) ;
#5314 = DIRECTION ( 'NONE',  ( 0.000000000000000000, 0.000000000000000000, -1.000000000000000000 ) ) ;
#5315 = VECTOR ( 'NONE', #3225, 1000.000000000000000 ) ;
#5316 = EDGE_CURVE ( 'NONE', #2649, #2644, #1199, .T. ) ;
#5317 = EDGE_CURVE ( 'NONE', #1540, #5017, #1779, .T. ) ;
#5318 = CARTESIAN_POINT ( 'NONE',  ( -42.49940005278327959, -1.010000000000000009, 11.99219922775913005 ) ) ;
#5319 = EDGE_CURVE ( 'NONE', #3193, #4140, #3836, .T. ) ;
#5320 = EDGE_LOOP ( 'NONE', ( #2561, #4305, #5272, #3188, #2463, #3747 ) ) ;
#5322 = PLANE ( 'NONE',  #1079 ) ;
#5321 = AXIS2_PLACEMENT_3D ( 'NONE', #3033, #3380, #866 ) ;
#5323 = DIRECTION ( 'NONE',  ( -1.000000000000000000, 0.000000000000000000, 0.000000000000000000 ) ) ;
#5324 = VERTEX_POINT ( 'NONE', #1350 ) ;
#5325 = CARTESIAN_POINT ( 'NONE',  ( -43.16303808268222753, 0.000000000000000000, 4.106718403488663682 ) ) ;
#5326 = ADVANCED_FACE ( 'NONE', ( #914 ), #2182, .F. ) ;
#5327 = CARTESIAN_POINT ( 'NONE',  ( -43.70131370585286845, -0.01000000000000002623, 2.027399959825791687 ) ) ;
#5328 = DIRECTION ( 'NONE',  ( 0.000000000000000000, 1.000000000000000000, 0.000000000000000000 ) ) ;
#5329 = VERTEX_POINT ( 'NONE', #126 ) ;
#5330 = ORIENTED_EDGE ( 'NONE', *, *, #4263, .T. ) ;
#5331 = LINE ( 'NONE', #1516, #1844 ) ;
#5332 = CARTESIAN_POINT ( 'NONE',  ( -34.36303808268225879, 0.6500000000000000222, 11.40671840348866617 ) ) ;
#5333 = EDGE_CURVE ( 'NONE', #50, #2349, #4674, .T. ) ;
#5334 = VECTOR ( 'NONE', #2894, 1000.000000000000000 ) ;
#5335 = ORIENTED_EDGE ( 'NONE', *, *, #1143, .F. ) ;
#5336 = ORIENTED_EDGE ( 'NONE', *, *, #5064, .T. ) ;
#5337 = DIRECTION ( 'NONE',  ( -1.000000000000000000, 0.000000000000000000, -2.312964634635736587E-14 ) ) ;
#5338 = ORIENTED_EDGE ( 'NONE', *, *, #4422, .F. ) ;
#5339 = CARTESIAN_POINT ( 'NONE',  ( -43.16303808268224174, -0.01000000000000002623, 8.506718403488664038 ) ) ;
#5340 = AXIS2_PLACEMENT_3D ( 'NONE', #5071, #1861, #2665 ) ;
#5341 = FACE_OUTER_BOUND ( 'NONE', #2505, .T. ) ;
#5342 = CARTESIAN_POINT ( 'NONE',  ( -34.36303808268240090, -0.01000000000000002623, 7.948049182388564208E-13 ) ) ;
#5343 = ADVANCED_FACE ( 'NONE', ( #75 ), #4191, .T. ) ;
#5344 = DIRECTION ( 'NONE',  ( 0.000000000000000000, 1.000000000000000000, 0.000000000000000000 ) ) ;
#5345 = DIRECTION ( 'NONE',  ( -0.000000000000000000, 0.000000000000000000, 1.000000000000000000 ) ) ;
#5346 = CARTESIAN_POINT ( 'NONE',  ( -35.26303808268225737, -0.01000000000000002623, 0.000000000000000000 ) ) ;
#5347 = ORIENTED_EDGE ( 'NONE', *, *, #2360, .T. ) ;
#5348 = DIRECTION ( 'NONE',  ( 0.000000000000000000, 0.000000000000000000, 1.000000000000000000 ) ) ;
#5349 = CIRCLE ( 'NONE', #337, 0.1999999999999996503 ) ;
#5350 = LINE ( 'NONE', #1642, #960 ) ;
#5351 = LINE ( 'NONE', #94, #2251 ) ;
#5352 = ORIENTED_EDGE ( 'NONE', *, *, #1715, .F. ) ;
#5353 = VERTEX_POINT ( 'NONE', #2966 ) ;
#5354 = DIRECTION ( 'NONE',  ( 0.000000000000000000, -0.000000000000000000, -1.000000000000000000 ) ) ;
#5355 = CARTESIAN_POINT ( 'NONE',  ( -43.16303808268224174, -0.01000000000000002623, 8.806718403488666524 ) ) ;
#5356 = VERTEX_POINT ( 'NONE', #4974 ) ;
#5357 = EDGE_LOOP ( 'NONE', ( #1945, #4830, #2368, #3487, #1187 ) ) ;
#5358 = PLANE ( 'NONE',  #3947 ) ;
#5359 = ORIENTED_EDGE ( 'NONE', *, *, #3174, .T. ) ;
#5360 = DATE_AND_TIME ( #2846, #2492 ) ;
#5361 = ORIENTED_EDGE ( 'NONE', *, *, #1721, .T. ) ;
ENDSEC;
END-ISO-10303-21;
