ISO-10303-21;
HEADER;
FILE_DESCRIPTION (( 'STEP AP214' ),
    '1' );
FILE_NAME ('AC0D96BE-0087-4C5B-A628-5C3E98847A68.STEP',
    '2025-03-23T03:02:46',
    ( '' ),
    ( '' ),
    'SwSTEP 2.0',
    'SolidWorks 2022',
    '' );
FILE_SCHEMA (( 'AUTOMOTIVE_DESIGN' ));
ENDSEC;

DATA;
#1 = CARTESIAN_POINT ( 'NONE',  ( -0.3760569698489189538, 1.300000000000010925, 0.8397806218248754506 ) ) ;
#2 = VERTEX_POINT ( 'NONE', #2132 ) ;
#3 = LINE ( 'NONE', #1856, #2000 ) ;
#4 = DIRECTION ( 'NONE',  ( 0.0000000000000000000, -1.000000000000000000, 2.220446049250310123E-16 ) ) ;
#5 = ADVANCED_FACE ( 'NONE', ( #1068 ), #815, .T. ) ;
#6 = VERTEX_POINT ( 'NONE', #502 ) ;
#7 = DIRECTION ( 'NONE',  ( 0.0000000000000000000, -1.000000000000000000, 2.220446049250310123E-16 ) ) ;
#8 =( LENGTH_UNIT ( ) NAMED_UNIT ( * ) SI_UNIT ( .MILLI., .METRE. ) );
#9 = LINE ( 'NONE', #2639, #2784 ) ;
#10 = CLOSED_SHELL ( 'NONE', ( #2734, #3119, #742, #3364, #531, #94, #3101, #1566, #218, #1372, #645, #3059, #386, #2512 ) ) ;
#11 = VERTEX_POINT ( 'NONE', #2916 ) ;
#12 = VECTOR ( 'NONE', #1507, 1000.000000000000000 ) ;
#13 = DIRECTION ( 'NONE',  ( -0.0000000000000000000, -2.220446049250310123E-16, -1.000000000000000000 ) ) ;
#14 = FACE_OUTER_BOUND ( 'NONE', #1356, .T. ) ;
#15 = ADVANCED_FACE ( 'NONE', ( #3413 ), #2934, .T. ) ;
#16 = ORIENTED_EDGE ( 'NONE', *, *, #3449, .F. ) ;
#17 = FACE_OUTER_BOUND ( 'NONE', #2121, .T. ) ;
#18 = LINE ( 'NONE', #1080, #2283 ) ;
#19 = CARTESIAN_POINT ( 'NONE',  ( 1.043259206956273927E-09, 1.220000000393089756, -0.9999999997870869795 ) ) ;
#20 = DIRECTION ( 'NONE',  ( -0.0000000000000000000, 2.220446049250310123E-16, 1.000000000000000000 ) ) ;
#21 = FACE_OUTER_BOUND ( 'NONE', #3102, .T. ) ;
#22 = VERTEX_POINT ( 'NONE', #229 ) ;
#23 = CARTESIAN_POINT ( 'NONE',  ( -1.167612260354550013, 0.1200000000000000094, -3.001338066965790108E-13 ) ) ;
#24 = EDGE_CURVE ( 'NONE', #2186, #2520, #2686, .T. ) ;
#25 = PRESENTATION_STYLE_ASSIGNMENT (( #367 ) ) ;
#26 = ORIENTED_EDGE ( 'NONE', *, *, #2050, .F. ) ;
#27 = VECTOR ( 'NONE', #2460, 1000.000000000000000 ) ;
#28 = EDGE_CURVE ( 'NONE', #1551, #1956, #2374, .T. ) ;
#29 = CARTESIAN_POINT ( 'NONE',  ( -1.500000000000000000, 0.1200000000000000094, 0.8999999999997000399 ) ) ;
#30 = VECTOR ( 'NONE', #1357, 1000.000000000000000 ) ;
#31 = LINE ( 'NONE', #1114, #2274 ) ;
#32 = VERTEX_POINT ( 'NONE', #3218 ) ;
#33 = CARTESIAN_POINT ( 'NONE',  ( 0.4638069340509239358, 1.300000000000010481, 0.8045721431597737672 ) ) ;
#34 = CYLINDRICAL_SURFACE ( 'NONE', #2604, 0.2500000000000000000 ) ;
#35 = VECTOR ( 'NONE', #2618, 1000.000000000000000 ) ;
#36 = ADVANCED_FACE ( 'NONE', ( #1014 ), #2957, .T. ) ;
#37 = CARTESIAN_POINT ( 'NONE',  ( -0.8079750723609950835, 1.300000000000010703, -0.4421568732241268340 ) ) ;
#38 = AXIS2_PLACEMENT_3D ( 'NONE', #3071, #2854, #3121 ) ;
#39 = DIRECTION ( 'NONE',  ( 0.0000000000000000000, -2.220446049250310123E-16, -1.000000000000000000 ) ) ;
#40 = CARTESIAN_POINT ( 'NONE',  ( 4.995668050240820168E-10, 0.01000000008843918674, -0.3499999997867319634 ) ) ;
#41 = LINE ( 'NONE', #1139, #293 ) ;
#42 = PLANE ( 'NONE',  #1110 ) ;
#43 = ORIENTED_EDGE ( 'NONE', *, *, #2247, .T. ) ;
#44 = DIRECTION ( 'NONE',  ( -1.000000000000000000, 0.0000000000000000000, -0.0000000000000000000 ) ) ;
#45 = CARTESIAN_POINT ( 'NONE',  ( -0.3000000000004000023, 0.01000000000000010082, 1.540000000000000036 ) ) ;
#46 = EDGE_LOOP ( 'NONE', ( #2413, #2525, #2699, #2925 ) ) ;
#47 =( NAMED_UNIT ( * ) SI_UNIT ( $, .STERADIAN. ) SOLID_ANGLE_UNIT ( ) );
#48 = CARTESIAN_POINT ( 'NONE',  ( -0.3000000000004000023, 0.1200000000000000927, -0.8113106679981365588 ) ) ;
#49 = ORIENTED_EDGE ( 'NONE', *, *, #2249, .T. ) ;
#50 = EDGE_CURVE ( 'NONE', #2349, #1456, #745, .T. ) ;
#51 = CARTESIAN_POINT ( 'NONE',  ( 0.8352245209995999842, 4.996003610806539913E-17, 0.2249999999996999955 ) ) ;
#52 = PLANE ( 'NONE',  #946 ) ;
#53 = ORIENTED_EDGE ( 'NONE', *, *, #2097, .T. ) ;
#54 = DIRECTION ( 'NONE',  ( 0.0000000000000000000, 2.220446049250310123E-16, 1.000000000000000000 ) ) ;
#55 = CARTESIAN_POINT ( 'NONE',  ( -0.9974070197990072550, 1.220000000393090200, 0.5922186725969630361 ) ) ;
#56 = CARTESIAN_POINT ( 'NONE',  ( -4.332590228257060364E-13, 0.3599999999999997646, -3.001366109955567133E-13 ) ) ;
#57 = CARTESIAN_POINT ( 'NONE',  ( -4.332896328262529931E-13, 1.030000000000000027, -3.002342809051609756E-13 ) ) ;
#58 = VERTEX_POINT ( 'NONE', #1098 ) ;
#59 = CARTESIAN_POINT ( 'NONE',  ( 1.149999999999999911, 0.01000000000000020144, 0.8999999999997000399 ) ) ;
#60 = DIRECTION ( 'NONE',  ( -1.000000000000000000, 0.0000000000000000000, -0.0000000000000000000 ) ) ;
#61 = FILL_AREA_STYLE ('',( #310 ) ) ;
#62 = EDGE_LOOP ( 'NONE', ( #2214, #2258, #2358, #3202 ) ) ;
#63 = AXIS2_PLACEMENT_3D ( 'NONE', #1850, #2911, #2945 ) ;
#64 = PLANE ( 'NONE',  #1047 ) ;
#65 = VERTEX_POINT ( 'NONE', #1680 ) ;
#66 = LINE ( 'NONE', #2167, #2175 ) ;
#67 = VECTOR ( 'NONE', #1876, 1000.000000000000000 ) ;
#68 = EDGE_CURVE ( 'NONE', #3072, #436, #290, .T. ) ;
#69 = CARTESIAN_POINT ( 'NONE',  ( -1.300000000000000266, -4.996003610720007418E-17, -0.2249999999957999486 ) ) ;
#70 = CIRCLE ( 'NONE', #2585, 0.2500000000000000000 ) ;
#71 = DIRECTION ( 'NONE',  ( -1.000000000000000000, 0.0000000000000000000, 0.0000000000000000000 ) ) ;
#72 = CARTESIAN_POINT ( 'NONE',  ( -1.002573665742572784, 1.266862916074870338, -0.5834293134193091479 ) ) ;
#73 = EDGE_CURVE ( 'NONE', #615, #1279, #2209, .T. ) ;
#74 = CARTESIAN_POINT ( 'NONE',  ( -4.333012728249789759E-13, 0.8099999999999998312, -3.002388310930967250E-13 ) ) ;
#75 = PLANE ( 'NONE',  #3338 ) ;
#76 = EDGE_CURVE ( 'NONE', #2199, #141, #684, .T. ) ;
#77 =( LENGTH_UNIT ( ) NAMED_UNIT ( * ) SI_UNIT ( .MILLI., .METRE. ) );
#78 = ORIENTED_EDGE ( 'NONE', *, *, #161, .T. ) ;
#79 = CARTESIAN_POINT ( 'NONE',  ( 0.3999999999996000088, 0.009999999999999920411, -0.4000000000003000045 ) ) ;
#80 = EDGE_LOOP ( 'NONE', ( #184, #221, #3440, #2516 ) ) ;
#81 = DIRECTION ( 'NONE',  ( 0.7071067811865473507, 1.916616770854217549E-16, 0.7071067811865477948 ) ) ;
#82 = DIRECTION ( 'NONE',  ( -0.0000000000000000000, -1.000000000000000000, 2.220446049250310123E-16 ) ) ;
#83 = VERTEX_POINT ( 'NONE', #839 ) ;
#84 = VECTOR ( 'NONE', #578, 1000.000000000000000 ) ;
#85 = VECTOR ( 'NONE', #2103, 1000.000000000000000 ) ;
#86 = DIRECTION ( 'NONE',  ( -0.7071067811865474617, 0.0000000000000000000, -0.7071067811865474617 ) ) ;
#87 = ORIENTED_EDGE ( 'NONE', *, *, #2353, .F. ) ;
#88 = AXIS2_PLACEMENT_3D ( 'NONE', #927, #2538, #140 ) ;
#89 = FACE_OUTER_BOUND ( 'NONE', #724, .T. ) ;
#90 = AXIS2_PLACEMENT_3D ( 'NONE', #2159, #1090, #2451 ) ;
#91 = AXIS2_PLACEMENT_3D ( 'NONE', #1796, #958, #2092 ) ;
#92 = DIRECTION ( 'NONE',  ( 0.0000000000000000000, 0.0000000000000000000, 1.000000000000000000 ) ) ;
#93 = DIRECTION ( 'NONE',  ( -0.0000000000000000000, 1.000000000000000000, -2.220446049250310123E-16 ) ) ;
#94 = ADVANCED_FACE ( 'NONE', ( #359 ), #628, .T. ) ;
#95 = ORIENTED_EDGE ( 'NONE', *, *, #926, .F. ) ;
#96 = SURFACE_STYLE_FILL_AREA ( #61 ) ;
#97 = ORIENTED_EDGE ( 'NONE', *, *, #2364, .F. ) ;
#98 =( LENGTH_UNIT ( ) NAMED_UNIT ( * ) SI_UNIT ( .MILLI., .METRE. ) );
#99 = EDGE_CURVE ( 'NONE', #3443, #632, #324, .T. ) ;
#100 = DIRECTION ( 'NONE',  ( 0.0000000000000000000, 2.220446049250310123E-16, 1.000000000000000000 ) ) ;
#101 = CARTESIAN_POINT ( 'NONE',  ( 0.2999999999995999755, 0.1200000000000000927, 1.300000000000000266 ) ) ;
#102 = ORIENTED_EDGE ( 'NONE', *, *, #1600, .T. ) ;
#103 = DIRECTION ( 'NONE',  ( 0.0000000000000000000, 2.323290370833846057E-16, 1.000000000000000000 ) ) ;
#104 = CARTESIAN_POINT ( 'NONE',  ( 1.149999999999999911, 0.01000000000000010082, 0.2249999999996999678 ) ) ;
#105 = ADVANCED_BREP_SHAPE_REPRESENTATION ( 'AC0D96BE-0087-4C5B-A628-5C3E98847A68', ( #662, #705, #1808, #2991, #2977, #1904, #653, #1792, #2609 ), #1061 ) ;
#106 = DIRECTION ( 'NONE',  ( 0.0000000000000000000, 2.220446049250310123E-16, 1.000000000000000000 ) ) ;
#107 = EDGE_LOOP ( 'NONE', ( #1717, #1390, #2636, #1187, #2594 ) ) ;
#108 = CARTESIAN_POINT ( 'NONE',  ( -1.300000000000000266, 0.3599999999999999867, -1.300000000000000266 ) ) ;
#109 = EDGE_CURVE ( 'NONE', #1183, #3288, #1529, .T. ) ;
#110 = CARTESIAN_POINT ( 'NONE',  ( -0.01000000000042836588, 1.300000000000010258, 0.8899438184511793137 ) ) ;
#111 = ORIENTED_EDGE ( 'NONE', *, *, #109, .T. ) ;
#112 = PRESENTATION_STYLE_ASSIGNMENT (( #901 ) ) ;
#113 = EDGE_CURVE ( 'NONE', #642, #2041, #3151, .T. ) ;
#114 = CARTESIAN_POINT ( 'NONE',  ( 0.009999999999566249950, 0.3599999999999999867, 0.8899438184511794248 ) ) ;
#115 = ORIENTED_EDGE ( 'NONE', *, *, #3398, .T. ) ;
#116 = EDGE_CURVE ( 'NONE', #695, #1408, #872, .T. ) ;
#117 = DIRECTION ( 'NONE',  ( 0.7071067811865475727, 1.570092458683769004E-16, 0.7071067811865475727 ) ) ;
#118 = ORIENTED_EDGE ( 'NONE', *, *, #356, .F. ) ;
#119 = CLOSED_SHELL ( 'NONE', ( #3047, #2740, #1514, #1607, #2716, #790, #2205, #697, #1972, #135, #2215, #2710, #3243, #3206, #2802, #495, #1539, #605, #2093, #1976, #3306, #1321, #2483, #1328, #1159, #2368, #759, #36, #1728, #2252, #2147, #977, #1745, #3468, #2474, #156, #2231, #2498, #3084, #1458, #3164, #2664 ) ) ;
#120 = CARTESIAN_POINT ( 'NONE',  ( -1.300000000000000266, 0.1200000000000000094, 1.000000000000000000 ) ) ;
#121 = MECHANICAL_DESIGN_GEOMETRIC_PRESENTATION_REPRESENTATION (  '', ( #354 ), #3271 ) ;
#122 = CARTESIAN_POINT ( 'NONE',  ( 0.8352245207135999827, -4.996003610819869814E-17, -0.2250000000002999878 ) ) ;
#123 = ORIENTED_EDGE ( 'NONE', *, *, #2719, .T. ) ;
#124 = DIRECTION ( 'NONE',  ( 0.0000000000000000000, 1.000000000000000000, -2.220446049250310123E-16 ) ) ;
#125 = ORIENTED_EDGE ( 'NONE', *, *, #2373, .F. ) ;
#126 = CARTESIAN_POINT ( 'NONE',  ( 0.5683507072995461762, 1.300000001092710411, -0.9668629138394670974 ) ) ;
#127 = ORIENTED_EDGE ( 'NONE', *, *, #1989, .F. ) ;
#128 = DIRECTION ( 'NONE',  ( 1.784840457443369040E-25, -1.000000000000000000, 2.226486605569893171E-16 ) ) ;
#129 = EDGE_CURVE ( 'NONE', #3054, #3389, #2726, .T. ) ;
#130 = DIRECTION ( 'NONE',  ( -0.0000000000000000000, 1.000000000000000000, -2.220446049250310123E-16 ) ) ;
#131 = ORIENTED_EDGE ( 'NONE', *, *, #2247, .F. ) ;
#132 = ADVANCED_FACE ( 'NONE', ( #301 ), #1359, .T. ) ;
#133 = CARTESIAN_POINT ( 'NONE',  ( 1.149999999999999911, 4.996003610806539913E-17, 0.2249999999996999955 ) ) ;
#134 = DIRECTION ( 'NONE',  ( 0.0000000000000000000, -2.193472603294373168E-16, -1.000000000000000000 ) ) ;
#135 = ADVANCED_FACE ( 'NONE', ( #1924 ), #1119, .T. ) ;
#136 = VECTOR ( 'NONE', #1905, 1000.000000000000000 ) ;
#137 = VECTOR ( 'NONE', #2897, 1000.000000000000000 ) ;
#138 = DIRECTION ( 'NONE',  ( 7.118114945499180984E-17, -0.8137334714299750971, 0.5812381934065601330 ) ) ;
#139 = VECTOR ( 'NONE', #789, 1000.000000000000000 ) ;
#140 = DIRECTION ( 'NONE',  ( -2.147709433812931388E-14, -2.331617575282130239E-16, -1.000000000000000000 ) ) ;
#141 = VERTEX_POINT ( 'NONE', #2993 ) ;
#142 = CARTESIAN_POINT ( 'NONE',  ( 0.2999999999995999755, 0.1200000000000000094, -0.5000000000002999823 ) ) ;
#143 = VECTOR ( 'NONE', #2655, 1000.000000000000000 ) ;
#144 = ORIENTED_EDGE ( 'NONE', *, *, #3422, .T. ) ;
#145 = CARTESIAN_POINT ( 'NONE',  ( -0.008086133194222449444, 1.299999999828630237, 0.9199644621451371629 ) ) ;
#146 = ORIENTED_EDGE ( 'NONE', *, *, #722, .F. ) ;
#147 = PRESENTATION_STYLE_ASSIGNMENT (( #2820 ) ) ;
#148 = CARTESIAN_POINT ( 'NONE',  ( 0.8352245207130053473, 0.1199999999999999817, -0.2250000000002999878 ) ) ;
#149 = ORIENTED_EDGE ( 'NONE', *, *, #2089, .F. ) ;
#150 = B_SPLINE_CURVE_WITH_KNOTS ( 'NONE', 3,
 ( #1116, #2077, #3428, #3142, #570, #1907, #2437, #33, #1816, #1304, #501, #1797, #587, #851, #189, #2879, #478, #1397, #1556, #2613, #2094, #1921, #2721, #2988, #210, #1660, #2969, #1642, #762, #2372, #1836, #2700, #228, #297 ),
 .UNSPECIFIED., .F., .F.,
 ( 4, 1, 1, 2, 2, 2, 1, 1, 2, 2, 2, 1, 1, 2, 2, 2, 1, 1, 2, 2, 4 ),
 ( 0.0000000000000000000, 0.03124999999999990286, 0.04687499999999985428, 0.05468749999999981959, 0.06249999999999977796, 0.1249999999999995420, 0.1562499999999994449, 0.1718749999999993616, 0.1796874999999993339, 0.1874999999999993061, 0.2499999999999993339, 0.2812499999999993339, 0.2968749999999993339, 0.3046874999999993894, 0.3124999999999993894, 0.3749999999999995004, 0.4062499999999995559, 0.4218749999999996114, 0.4296874999999996669, 0.4374999999999996669, 0.5000000000000000000 ),
 .UNSPECIFIED. ) ;
#151 = LINE ( 'NONE', #2607, #3344 ) ;
#152 = ADVANCED_FACE ( 'NONE', ( #590 ), #855, .T. ) ;
#153 = VERTEX_POINT ( 'NONE', #3193 ) ;
#154 = DIRECTION ( 'NONE',  ( 4.397524011601311502E-13, 1.000000000000000000, 1.039966723848121501E-12 ) ) ;
#155 = LINE ( 'NONE', #975, #1835 ) ;
#156 = ADVANCED_FACE ( 'NONE', ( #3156 ), #2681, .F. ) ;
#157 = DIRECTION ( 'NONE',  ( 0.0000000000000000000, 1.000000000000000000, -2.220446049250310123E-16 ) ) ;
#158 = VERTEX_POINT ( 'NONE', #2105 ) ;
#159 = CARTESIAN_POINT ( 'NONE',  ( -1.300000000000000266, -2.886579864025410062E-16, -1.300000000000000266 ) ) ;
#160 = PLANE ( 'NONE',  #464 ) ;
#161 = EDGE_CURVE ( 'NONE', #612, #2302, #1601, .T. ) ;
#162 = ORIENTED_EDGE ( 'NONE', *, *, #390, .T. ) ;
#163 = CARTESIAN_POINT ( 'NONE',  ( 0.009999999814974696102, 1.220000001082300223, 0.9999499987813278423 ) ) ;
#164 = ORIENTED_EDGE ( 'NONE', *, *, #1050, .F. ) ;
#165 = PLANE ( 'NONE',  #1366 ) ;
#166 = CARTESIAN_POINT ( 'NONE',  ( -1.300000000000000266, -2.886579864025410062E-16, -1.300000000000000266 ) ) ;
#167 = ORIENTED_EDGE ( 'NONE', *, *, #2226, .T. ) ;
#168 = LINE ( 'NONE', #408, #374 ) ;
#169 = ORIENTED_EDGE ( 'NONE', *, *, #1043, .T. ) ;
#170 = DIRECTION ( 'NONE',  ( 0.0000000000000000000, -1.040834085583301004E-12, 1.000000000000000000 ) ) ;
#171 = EDGE_CURVE ( 'NONE', #83, #668, #532, .T. ) ;
#172 = LINE ( 'NONE', #2589, #2893 ) ;
#173 = AXIS2_PLACEMENT_3D ( 'NONE', #211, #2341, #2356 ) ;
#174 = EDGE_LOOP ( 'NONE', ( #1654, #393, #1454, #2840 ) ) ;
#175 = CARTESIAN_POINT ( 'NONE',  ( -4.333061728278609828E-13, 1.300000000000009814, -3.003006329441510194E-13 ) ) ;
#176 = ORIENTED_EDGE ( 'NONE', *, *, #1362, .F. ) ;
#177 = DIRECTION ( 'NONE',  ( 2.857830140903109225E-10, 0.0000000000000000000, -1.000000000000000000 ) ) ;
#178 = ORIENTED_EDGE ( 'NONE', *, *, #1774, .F. ) ;
#179 = LINE ( 'NONE', #419, #3329 ) ;
#180 = EDGE_CURVE ( 'NONE', #1956, #1883, #777, .T. ) ;
#181 = CARTESIAN_POINT ( 'NONE',  ( -0.3000000000004000023, 0.1200000000000000233, 1.540000000000000036 ) ) ;
#182 = VERTEX_POINT ( 'NONE', #755 ) ;
#183 = DIRECTION ( 'NONE',  ( -1.000000000000000000, 0.0000000000000000000, 0.0000000000000000000 ) ) ;
#184 = ORIENTED_EDGE ( 'NONE', *, *, #76, .T. ) ;
#185 = VECTOR ( 'NONE', #2198, 1000.000000000000000 ) ;
#186 = FACE_BOUND ( 'NONE', #530, .T. ) ;
#187 = AXIS2_PLACEMENT_3D ( 'NONE', #2256, #1730, #2801 ) ;
#188 = FACE_OUTER_BOUND ( 'NONE', #107, .T. ) ;
#189 = CARTESIAN_POINT ( 'NONE',  ( 0.8523631814043033383, 1.300000000000011147, 0.3465157513968565861 ) ) ;
#190 = ORIENTED_EDGE ( 'NONE', *, *, #3300, .F. ) ;
#191 = CIRCLE ( 'NONE', #2611, 0.1999999999999985678 ) ;
#192 = VECTOR ( 'NONE', #3182, 1000.000000000000000 ) ;
#193 = PRESENTATION_LAYER_ASSIGNMENT (  '', '', ( #2004 ) ) ;
#194 = VECTOR ( 'NONE', #1374, 1000.000000000000000 ) ;
#195 = ORIENTED_EDGE ( 'NONE', *, *, #397, .T. ) ;
#196 = EDGE_CURVE ( 'NONE', #2597, #2813, #3150, .T. ) ;
#197 = VERTEX_POINT ( 'NONE', #294 ) ;
#198 = DIRECTION ( 'NONE',  ( 1.000000000000000000, 0.0000000000000000000, 0.0000000000000000000 ) ) ;
#199 = VECTOR ( 'NONE', #3186, 1000.000000000000000 ) ;
#200 = CIRCLE ( 'NONE', #2006, 0.8900000000000000133 ) ;
#201 = LINE ( 'NONE', #528, #1327 ) ;
#202 = VECTOR ( 'NONE', #2703, 1000.000000000000000 ) ;
#203 = DIRECTION ( 'NONE',  ( 2.014482671054278068E-14, -2.331617575139618572E-16, -1.000000000000000000 ) ) ;
#204 = EDGE_LOOP ( 'NONE', ( #658, #2201, #2428, #2461, #1157, #462, #2471, #2575, #3185 ) ) ;
#205 = DIRECTION ( 'NONE',  ( -0.0000000000000000000, 2.220446049250310123E-16, 1.000000000000000000 ) ) ;
#206 = EDGE_LOOP ( 'NONE', ( #2750, #877, #3312, #1614 ) ) ;
#207 = B_SPLINE_CURVE_WITH_KNOTS ( 'NONE', 3,
 ( #288, #1107, #1367, #2304, #2629, #2558, #1781, #994, #3105, #727, #3374, #689, #2063, #3141, #3361, #2318 ),
 .UNSPECIFIED., .F., .F.,
 ( 4, 3, 3, 3, 3, 4 ),
 ( 4.171131967876527686E-15, 2.686068757371116620E-05, 5.372133952158998367E-05, 8.058255992520213268E-05, 0.0001074450858302166035, 0.0001249761818698031572 ),
 .UNSPECIFIED. ) ;
#208 = DIRECTION ( 'NONE',  ( 0.0000000000000000000, -2.436409376371920126E-16, -1.000000000000000000 ) ) ;
#209 = CARTESIAN_POINT ( 'NONE',  ( -0.3000000000004000023, 0.009999999999999667141, -1.540000000000000258 ) ) ;
#210 = CARTESIAN_POINT ( 'NONE',  ( 0.7381847444686914228, 1.300000000000010481, -0.5632672511435852236 ) ) ;
#211 = CARTESIAN_POINT ( 'NONE',  ( 0.2999999999995999755, 0.009999999999999670611, -1.540000000000000036 ) ) ;
#212 = CARTESIAN_POINT ( 'NONE',  ( 1.149999999999999911, 0.01000000000000020144, 0.8999999999997000399 ) ) ;
#213 = LINE ( 'NONE', #2321, #1811 ) ;
#214 = VERTEX_POINT ( 'NONE', #2697 ) ;
#215 = CARTESIAN_POINT ( 'NONE',  ( -1.149999999999999911, 4.996003610806539913E-17, 0.2249999999996999955 ) ) ;
#216 = EDGE_LOOP ( 'NONE', ( #2875, #3459, #1599, #1127, #522, #1963, #2305, #3115, #1086, #251, #1254, #2979, #908, #1970, #2865, #1285, #1433, #736, #413, #2543, #402, #3181, #750, #987, #512, #968, #1288, #1829, #2907, #329, #1751, #387, #598, #3227, #2983, #534 ) ) ;
#217 = DIRECTION ( 'NONE',  ( -0.0000000000000000000, -0.0000000000000000000, -1.000000000000000000 ) ) ;
#218 = ADVANCED_FACE ( 'NONE', ( #1370 ), #1354, .T. ) ;
#219 =( NAMED_UNIT ( * ) SI_UNIT ( $, .STERADIAN. ) SOLID_ANGLE_UNIT ( ) );
#220 = LINE ( 'NONE', #1293, #139 ) ;
#221 = ORIENTED_EDGE ( 'NONE', *, *, #1587, .T. ) ;
#222 = FACE_OUTER_BOUND ( 'NONE', #1193, .T. ) ;
#223 = CARTESIAN_POINT ( 'NONE',  ( 1.167612260356239995, 0.1200000000000000094, -3.001338066965790108E-13 ) ) ;
#224 = VERTEX_POINT ( 'NONE', #2145 ) ;
#225 = CARTESIAN_POINT ( 'NONE',  ( -4.332271828261990199E-13, 0.1200000000000001760, -2.972415203186477865E-13 ) ) ;
#226 = EDGE_CURVE ( 'NONE', #555, #3399, #2660, .T. ) ;
#227 = CARTESIAN_POINT ( 'NONE',  ( -0.3000000000004000023, 0.01000000000000031246, 1.540000000000000036 ) ) ;
#228 = CARTESIAN_POINT ( 'NONE',  ( 0.1162611216734966285, 1.300000000000010258, -0.9199327833953448996 ) ) ;
#229 = CARTESIAN_POINT ( 'NONE',  ( 1.149999999999999911, 0.1200000000000000511, 0.2249999999996999678 ) ) ;
#230 = CARTESIAN_POINT ( 'NONE',  ( 0.2999999999995998645, -2.886579864025410062E-16, -1.300000000000000266 ) ) ;
#231 = VECTOR ( 'NONE', #3040, 1000.000000000000000 ) ;
#232 = CARTESIAN_POINT ( 'NONE',  ( 0.009999999630382422344, 1.220000000000010187, 0.9999499987533291279 ) ) ;
#233 = EDGE_LOOP ( 'NONE', ( #1036, #2135, #2184, #786 ) ) ;
#234 = LINE ( 'NONE', #1560, #2606 ) ;
#235 = ORIENTED_EDGE ( 'NONE', *, *, #836, .T. ) ;
#236 = DIRECTION ( 'NONE',  ( 0.0000000000000000000, 1.000000000000000000, -0.0000000000000000000 ) ) ;
#237 = AXIS2_PLACEMENT_3D ( 'NONE', #348, #2262, #3333 ) ;
#238 = FILL_AREA_STYLE_COLOUR ( '', #1498 ) ;
#239 = CARTESIAN_POINT ( 'NONE',  ( -1.500000000000000000, 0.009999999999999951636, -0.2250000000003000433 ) ) ;
#240 = VERTEX_POINT ( 'NONE', #791 ) ;
#241 = ADVANCED_FACE ( 'NONE', ( #2644 ), #3211, .T. ) ;
#242 = CARTESIAN_POINT ( 'NONE',  ( -0.3000000000004000023, -2.886579864025410062E-16, -1.300000000000000266 ) ) ;
#243 = ORIENTED_EDGE ( 'NONE', *, *, #874, .T. ) ;
#244 = EDGE_CURVE ( 'NONE', #562, #606, #2928, .T. ) ;
#245 = DIRECTION ( 'NONE',  ( 0.0000000000000000000, 1.000000000000000000, -2.220446049250310123E-16 ) ) ;
#246 = CARTESIAN_POINT ( 'NONE',  ( -0.8286733173026941124, 1.300000000000010481, -0.4000253650862558574 ) ) ;
#247 = ADVANCED_FACE ( 'NONE', ( #1314 ), #1337, .T. ) ;
#248 = ORIENTED_EDGE ( 'NONE', *, *, #1350, .F. ) ;
#249 = DIRECTION ( 'NONE',  ( 0.0000000000000000000, -1.000000000000000000, 2.220446049250310123E-16 ) ) ;
#250 = PLANE ( 'NONE',  #2036 ) ;
#251 = ORIENTED_EDGE ( 'NONE', *, *, #2642, .F. ) ;
#252 = DIRECTION ( 'NONE',  ( -0.7071067811865473507, 1.916616770854217549E-16, 0.7071067811865477948 ) ) ;
#253 = ORIENTED_EDGE ( 'NONE', *, *, #1209, .F. ) ;
#254 = CARTESIAN_POINT ( 'NONE',  ( 0.8352245207124845416, 0.01000000000000005052, 0.2249999999994264366 ) ) ;
#255 = AXIS2_PLACEMENT_3D ( 'NONE', #3233, #2107, #515 ) ;
#256 = DIRECTION ( 'NONE',  ( 1.000000000000000000, -0.0000000000000000000, 0.0000000000000000000 ) ) ;
#257 = VECTOR ( 'NONE', #1146, 1000.000000000000000 ) ;
#258 = AXIS2_PLACEMENT_3D ( 'NONE', #51, #2204, #2191 ) ;
#259 = AXIS2_PLACEMENT_3D ( 'NONE', #74, #593, #876 ) ;
#260 = DIRECTION ( 'NONE',  ( 0.0000000000000000000, -1.000000000000000000, 2.220446049250310123E-16 ) ) ;
#261 = CARTESIAN_POINT ( 'NONE',  ( -1.149999999999999911, 0.1200000000000000094, -3.001338066965790108E-13 ) ) ;
#262 = ORIENTED_EDGE ( 'NONE', *, *, #3357, .F. ) ;
#263 = CARTESIAN_POINT ( 'NONE',  ( -0.01000000000042000799, 0.6000000000000001998, 0.9299462350047136283 ) ) ;
#264 = ADVANCED_FACE ( 'NONE', ( #222 ), #2434, .T. ) ;
#265 = CARTESIAN_POINT ( 'NONE',  ( -1.300000000000000266, 2.220446049250310123E-16, -0.9000000000002998934 ) ) ;
#266 = CARTESIAN_POINT ( 'NONE',  ( -1.000000000000000000, 2.886579864025410062E-16, 1.300000000000000266 ) ) ;
#267 = DIRECTION ( 'NONE',  ( -0.0000000000000000000, 1.000000000000000000, -2.220446049250310123E-16 ) ) ;
#268 = DIRECTION ( 'NONE',  ( -0.0000000000000000000, -1.000000000000000000, 2.220446049250310123E-16 ) ) ;
#269 = ORIENTED_EDGE ( 'NONE', *, *, #861, .T. ) ;
#270 = LINE ( 'NONE', #2120, #199 ) ;
#271 = EDGE_LOOP ( 'NONE', ( #1493, #2987, #1461, #3060 ) ) ;
#272 = CARTESIAN_POINT ( 'NONE',  ( -0.01000000000044027303, 0.5300000000295584934, 0.9999499987496371922 ) ) ;
#273 = EDGE_CURVE ( 'NONE', #1279, #1256, #809, .T. ) ;
#274 = CARTESIAN_POINT ( 'NONE',  ( 0.8352245207124476822, 0.1200000000000001066, 0.2249999999995632161 ) ) ;
#275 = VERTEX_POINT ( 'NONE', #567 ) ;
#276 = CARTESIAN_POINT ( 'NONE',  ( -4.332271828261990199E-13, 0.01000000000000000888, -2.972170954121060048E-13 ) ) ;
#277 = DIRECTION ( 'NONE',  ( -0.0000000000000000000, -2.220446049250310123E-16, -1.000000000000000000 ) ) ;
#278 = ORIENTED_EDGE ( 'NONE', *, *, #1780, .T. ) ;
#279 = DIRECTION ( 'NONE',  ( 0.0000000000000000000, -1.000000000000000000, -0.0000000000000000000 ) ) ;
#280 = CARTESIAN_POINT ( 'NONE',  ( -0.9203359509897370838, 1.300000000000010258, 0.05312944490973765810 ) ) ;
#281 = DIRECTION ( 'NONE',  ( 0.0000000000000000000, -1.000000000000000000, 2.220446049250310123E-16 ) ) ;
#282 = CARTESIAN_POINT ( 'NONE',  ( -4.332271828261990199E-13, 0.0000000000000000000, -2.972148749660567565E-13 ) ) ;
#283 = EDGE_CURVE ( 'NONE', #1723, #3157, #2311, .T. ) ;
#284 = CARTESIAN_POINT ( 'NONE',  ( 0.009999999814974696102, 0.8099999999968400255, 0.9999499987641173870 ) ) ;
#285 = LINE ( 'NONE', #1966, #2548 ) ;
#286 = ORIENTED_EDGE ( 'NONE', *, *, #50, .T. ) ;
#287 = PLANE ( 'NONE',  #3215 ) ;
#288 = CARTESIAN_POINT ( 'NONE',  ( -0.01000000000043515733, 1.220000001082300223, 0.9999499987744815410 ) ) ;
#289 = DIRECTION ( 'NONE',  ( 1.000000000000000000, -0.0000000000000000000, 0.0000000000000000000 ) ) ;
#290 = CIRCLE ( 'NONE', #3436, 0.9999999999207398460 ) ;
#291 = ORIENTED_EDGE ( 'NONE', *, *, #793, .F. ) ;
#292 = EDGE_CURVE ( 'NONE', #937, #2817, #2624, .T. ) ;
#293 = VECTOR ( 'NONE', #2426, 1000.000000000000000 ) ;
#294 = CARTESIAN_POINT ( 'NONE',  ( -3.684072165892908483E-13, 1.223649167310440156, -0.1000000000003648110 ) ) ;
#295 = CARTESIAN_POINT ( 'NONE',  ( -4.332896328262529931E-13, 0.3599999999999999312, -0.2500000000003000933 ) ) ;
#296 = ORIENTED_EDGE ( 'NONE', *, *, #3126, .F. ) ;
#297 = CARTESIAN_POINT ( 'NONE',  ( 1.007158957304896035E-09, 1.299999999914320137, -0.9199999989612785978 ) ) ;
#298 = VECTOR ( 'NONE', #3099, 1000.000000000000000 ) ;
#299 = DIRECTION ( 'NONE',  ( 0.0000000000000000000, 1.000000000000000000, -0.0000000000000000000 ) ) ;
#300 = CARTESIAN_POINT ( 'NONE',  ( -0.3229516794737574692, 1.300000000000010481, -0.8615884666864482844 ) ) ;
#301 = FACE_OUTER_BOUND ( 'NONE', #670, .T. ) ;
#302 = DIRECTION ( 'NONE',  ( 0.0000000000000000000, -2.168404344971008868E-16, -1.000000000000000000 ) ) ;
#303 = DIRECTION ( 'NONE',  ( -1.000000000000000000, 0.0000000000000000000, -0.0000000000000000000 ) ) ;
#304 = CARTESIAN_POINT ( 'NONE',  ( 4.995667725571750419E-10, 0.1200000000000000094, -3.000158203175253125E-13 ) ) ;
#305 = CARTESIAN_POINT ( 'NONE',  ( -4.333061728278609828E-13, 0.3599999999999997646, -3.000919110155215284E-13 ) ) ;
#306 = VECTOR ( 'NONE', #463, 1000.000000000000000 ) ;
#307 = EDGE_CURVE ( 'NONE', #400, #2330, #1296, .T. ) ;
#308 = LINE ( 'NONE', #344, #2281 ) ;
#309 = ORIENTED_EDGE ( 'NONE', *, *, #2312, .T. ) ;
#310 = FILL_AREA_STYLE_COLOUR ( '', #2053 ) ;
#311 = ORIENTED_EDGE ( 'NONE', *, *, #68, .F. ) ;
#312 = VECTOR ( 'NONE', #1094, 1000.000000000000000 ) ;
#313 = AXIS2_PLACEMENT_3D ( 'NONE', #894, #2225, #1965 ) ;
#314 = EDGE_CURVE ( 'NONE', #2539, #2161, #902, .T. ) ;
#315 =( BOUNDED_SURFACE ( )  B_SPLINE_SURFACE ( 3, 3, ( 
 ( #145, #2277, #2580, #1255, #2308, #1471, #1765 ),
 ( #2544, #1460, #2324, #401, #417, #126, #2048 ),
 ( #2852, #450, #1201, #2834, #963, #2259, #1001 ),
 ( #3068, #952, #2019, #1802, #1733, #3081, #1222 ) ),
 .UNSPECIFIED., .F., .F., .F. ) 
 B_SPLINE_SURFACE_WITH_KNOTS ( ( 4, 4 ),
 ( 4, 3, 4 ),
 ( 0.0000000000000000000, 1.000000000000000000 ),
 ( 0.0000000000000000000, 0.5000000000000000000, 1.000000000000000000 ),
 .UNSPECIFIED. ) 
 GEOMETRIC_REPRESENTATION_ITEM ( )  RATIONAL_B_SPLINE_SURFACE ( (
 ( 1.000000000000000000, 0.8037008774298018965, 0.8037008774298018965, 1.000000000000000000, 0.8037008774298018965, 0.8037008774298018965, 1.000000000000000000),
 ( 0.8047378497971339195, 0.6467685159829286157, 0.6467685159829286157, 0.8047378497971339195, 0.6467685159829286157, 0.6467685159829286157, 0.8047378497971339195),
 ( 0.8047378497971339195, 0.6467685159829286157, 0.6467685159829286157, 0.8047378497971339195, 0.6467685159829286157, 0.6467685159829286157, 0.8047378497971339195),
 ( 1.000000000000000000, 0.8037008774298018965, 0.8037008774298018965, 1.000000000000000000, 0.8037008774298018965, 0.8037008774298018965, 1.000000000000000000) ) ) 
 REPRESENTATION_ITEM ( '' )  SURFACE ( )  );
#316 = CIRCLE ( 'NONE', #430, 0.09999999984918719886 ) ;
#317 = EDGE_LOOP ( 'NONE', ( #2240, #2555, #2271, #2266 ) ) ;
#318 = CARTESIAN_POINT ( 'NONE',  ( -1.167612260354550013, 0.1200000000000002037, 0.8999999999997000399 ) ) ;
#319 = LINE ( 'NONE', #1414, #1669 ) ;
#320 = CIRCLE ( 'NONE', #3120, 0.8649999999999999911 ) ;
#321 = VECTOR ( 'NONE', #2407, 1000.000000000000000 ) ;
#322 = CARTESIAN_POINT ( 'NONE',  ( -0.4045231826074486836, 1.300000000000010703, 0.8264869955529796641 ) ) ;
#323 = PRODUCT_DEFINITION_FORMATION_WITH_SPECIFIED_SOURCE ( 'ANY', '', #1270, .NOT_KNOWN. ) ;
#324 = LINE ( 'NONE', #1910, #1083 ) ;
#325 = CARTESIAN_POINT ( 'NONE',  ( 0.008498024130996262304, 1.300000001092711299, 0.9668255676898950268 ) ) ;
#326 = LINE ( 'NONE', #2673, #2260 ) ;
#327 = B_SPLINE_CURVE_WITH_KNOTS ( 'NONE', 3,
 ( #1156, #576, #2196, #3311 ),
 .UNSPECIFIED., .F., .F.,
 ( 4, 4 ),
 ( 6.884487440908349510E-16, 9.899761081306470648E-05 ),
 .UNSPECIFIED. ) ;
#328 = PLANE ( 'NONE',  #995 ) ;
#329 = ORIENTED_EDGE ( 'NONE', *, *, #3317, .F. ) ;
#330 = DIRECTION ( 'NONE',  ( -0.0000000000000000000, 1.000000000000000000, -2.220446049250310123E-16 ) ) ;
#331 = CARTESIAN_POINT ( 'NONE',  ( -4.342263828270610250E-13, 0.01000000000000000021, -3.001934954042470269E-13 ) ) ;
#332 = DIRECTION ( 'NONE',  ( 0.0000000000000000000, -1.000000000000000000, 2.220446049250310123E-16 ) ) ;
#333 = ORIENTED_EDGE ( 'NONE', *, *, #2649, .T. ) ;
#334 = EDGE_CURVE ( 'NONE', #673, #2302, #1973, .T. ) ;
#335 = CARTESIAN_POINT ( 'NONE',  ( -0.01000000000042500226, 0.5999999999797313022, 0.9299462350360302443 ) ) ;
#336 = PLANE ( 'NONE',  #258 ) ;
#337 = DIRECTION ( 'NONE',  ( -0.0000000000000000000, -1.000000000000000000, 2.220446049250310123E-16 ) ) ;
#338 = ORIENTED_EDGE ( 'NONE', *, *, #3091, .F. ) ;
#339 = DIRECTION ( 'NONE',  ( 2.857830140903110776E-10, -2.168404345142877007E-16, -1.000000000000000000 ) ) ;
#340 = CARTESIAN_POINT ( 'NONE',  ( 0.2999999999995999755, 0.1200000000000000233, -1.540000000000000258 ) ) ;
#341 = EDGE_CURVE ( 'NONE', #3113, #3092, #2472, .T. ) ;
#342 = LINE ( 'NONE', #1929, #379 ) ;
#343 = CARTESIAN_POINT ( 'NONE',  ( 0.2999999999995998645, -2.886579864025410062E-16, -1.300000000000000266 ) ) ;
#344 = CARTESIAN_POINT ( 'NONE',  ( -1.167612260354550013, 0.1199999999999998013, -0.9000000000003000045 ) ) ;
#345 = ORIENTED_EDGE ( 'NONE', *, *, #617, .F. ) ;
#346 = FACE_OUTER_BOUND ( 'NONE', #2823, .T. ) ;
#347 = ORIENTED_EDGE ( 'NONE', *, *, #594, .T. ) ;
#348 = CARTESIAN_POINT ( 'NONE',  ( 4.995668115292950517E-10, 0.01000000008843926480, -2.999706039119785725E-13 ) ) ;
#349 = DIRECTION ( 'NONE',  ( 0.0000000000000000000, -2.168404344971008868E-16, -1.000000000000000000 ) ) ;
#350 = AXIS2_PLACEMENT_3D ( 'NONE', #1137, #3241, #2762 ) ;
#351 = CARTESIAN_POINT ( 'NONE',  ( -0.01000000000042999999, 0.5766667138929282288, 0.9532808701885910896 ) ) ;
#352 = EDGE_CURVE ( 'NONE', #2528, #1406, #1586, .T. ) ;
#353 = EDGE_LOOP ( 'NONE', ( #2216, #1065, #648, #365 ) ) ;
#354 = STYLED_ITEM ( 'NONE', ( #112 ), #662 ) ;
#355 = CARTESIAN_POINT ( 'NONE',  ( 1.300000000000000266, -1.965116437629976787E-16, -0.9000001448429999495 ) ) ;
#356 = EDGE_CURVE ( 'NONE', #22, #1500, #1690, .T. ) ;
#357 = CIRCLE ( 'NONE', #1430, 0.3499999998270344470 ) ;
#358 = ORIENTED_EDGE ( 'NONE', *, *, #2556, .T. ) ;
#359 = FACE_OUTER_BOUND ( 'NONE', #2352, .T. ) ;
#360 = CARTESIAN_POINT ( 'NONE',  ( -0.9999903427707901304, 1.266862916074870782, 0.004394679588826997871 ) ) ;
#361 = ADVANCED_FACE ( 'NONE', ( #2219 ), #3210, .T. ) ;
#362 = LINE ( 'NONE', #1913, #2952 ) ;
#363 = ORIENTED_EDGE ( 'NONE', *, *, #982, .F. ) ;
#364 = LINE ( 'NONE', #1457, #2497 ) ;
#365 = ORIENTED_EDGE ( 'NONE', *, *, #2264, .F. ) ;
#366 = CIRCLE ( 'NONE', #3223, 0.1000000000002674028 ) ;
#367 = SURFACE_STYLE_USAGE ( .BOTH. , #1703 ) ;
#368 = VERTEX_POINT ( 'NONE', #623 ) ;
#369 = SURFACE_SIDE_STYLE ('',( #1655 ) ) ;
#370 = CIRCLE ( 'NONE', #1768, 0.8900000000000000133 ) ;
#371 = CARTESIAN_POINT ( 'NONE',  ( -4.332896328262529931E-13, 0.3599999999999999867, -3.000855110198611884E-13 ) ) ;
#372 = LINE ( 'NONE', #1450, #3292 ) ;
#373 = ORIENTED_EDGE ( 'NONE', *, *, #3449, .T. ) ;
#374 = VECTOR ( 'NONE', #1479, 1000.000000000000000 ) ;
#375 =( NAMED_UNIT ( * ) SI_UNIT ( $, .STERADIAN. ) SOLID_ANGLE_UNIT ( ) );
#376 = CIRCLE ( 'NONE', #3397, 0.1999999999999985678 ) ;
#377 = DIRECTION ( 'NONE',  ( -0.7071067811865475727, 1.570092458683769004E-16, 0.7071067811865475727 ) ) ;
#378 = ORIENTED_EDGE ( 'NONE', *, *, #3347, .F. ) ;
#379 = VECTOR ( 'NONE', #3278, 1000.000000000000000 ) ;
#380 = CARTESIAN_POINT ( 'NONE',  ( -4.342263828270610250E-13, 0.01000000000000000021, -3.001934954042470269E-13 ) ) ;
#381 = UNCERTAINTY_MEASURE_WITH_UNIT (LENGTH_MEASURE( 1.000000000000000082E-05 ), #1429, 'distance_accuracy_value', 'NONE');
#382 = EDGE_CURVE ( 'NONE', #673, #439, #1409, .T. ) ;
#383 = DIRECTION ( 'NONE',  ( 0.0000000000000000000, -1.000000000000000000, 2.220446049250310123E-16 ) ) ;
#384 = ORIENTED_EDGE ( 'NONE', *, *, #2906, .F. ) ;
#385 = CARTESIAN_POINT ( 'NONE',  ( 1.300000000000000266, 0.04999998641199999982, 0.8999999999997000399 ) ) ;
#386 = ADVANCED_FACE ( 'NONE', ( #2754 ), #917, .T. ) ;
#387 = ORIENTED_EDGE ( 'NONE', *, *, #423, .T. ) ;
#388 = ORIENTED_EDGE ( 'NONE', *, *, #3384, .F. ) ;
#389 = SURFACE_STYLE_USAGE ( .BOTH. , #2739 ) ;
#390 = EDGE_CURVE ( 'NONE', #1470, #3078, #1395, .T. ) ;
#391 = LINE ( 'NONE', #1918, #12 ) ;
#392 = DIRECTION ( 'NONE',  ( -1.000000000000000000, 0.0000000000000000000, 0.0000000000000000000 ) ) ;
#393 = ORIENTED_EDGE ( 'NONE', *, *, #2975, .F. ) ;
#394 = DIRECTION ( 'NONE',  ( -0.0000000000000000000, 2.220446049250310123E-16, 1.000000000000000000 ) ) ;
#395 = ORIENTED_EDGE ( 'NONE', *, *, #1858, .F. ) ;
#396 = DIRECTION ( 'NONE',  ( 0.0000000000000000000, -2.213057180109501366E-16, -1.000000000000000000 ) ) ;
#397 = EDGE_CURVE ( 'NONE', #652, #905, #1720, .T. ) ;
#398 = ORIENTED_EDGE ( 'NONE', *, *, #574, .T. ) ;
#399 = CARTESIAN_POINT ( 'NONE',  ( 4.995668050240820168E-10, 0.01000000008843926480, -2.999706039119753413E-13 ) ) ;
#400 = VERTEX_POINT ( 'NONE', #3251 ) ;
#401 = CARTESIAN_POINT ( 'NONE',  ( 0.9668535775287612211, 1.300000001092710855, 0.004249053313726013081 ) ) ;
#402 = ORIENTED_EDGE ( 'NONE', *, *, #244, .F. ) ;
#403 = CARTESIAN_POINT ( 'NONE',  ( -1.167612260354550013, 0.1199999999999999539, -0.2250000000002999878 ) ) ;
#404 = DIRECTION ( 'NONE',  ( 0.0000000000000000000, 1.000000000000000000, -2.220446049250310123E-16 ) ) ;
#405 = EDGE_CURVE ( 'NONE', #1226, #3279, #391, .T. ) ;
#406 = EDGE_LOOP ( 'NONE', ( #1185, #2651, #3165, #2656 ) ) ;
#407 = DIRECTION ( 'NONE',  ( 0.0000000000000000000, 0.0000000000000000000, 1.000000000000000000 ) ) ;
#408 = CARTESIAN_POINT ( 'NONE',  ( -1.149999999999999911, 0.009999999999999960310, -0.9000000000003001155 ) ) ;
#409 = AXIS2_PLACEMENT_3D ( 'NONE', #866, #601, #2046 ) ;
#410 = DIRECTION ( 'NONE',  ( 0.0000000000000000000, -1.000000000000000000, 2.220446049250310123E-16 ) ) ;
#411 = CARTESIAN_POINT ( 'NONE',  ( -0.01000000000044031639, 1.220000000000010187, 0.9999499987496369702 ) ) ;
#412 = FACE_OUTER_BOUND ( 'NONE', #2322, .T. ) ;
#413 = ORIENTED_EDGE ( 'NONE', *, *, #966, .F. ) ;
#414 = DIRECTION ( 'NONE',  ( -0.0000000000000000000, -2.220446049250310123E-16, -1.000000000000000000 ) ) ;
#415 = VECTOR ( 'NONE', #236, 1000.000000000000000 ) ;
#416 = ORIENTED_EDGE ( 'NONE', *, *, #853, .T. ) ;
#417 = CARTESIAN_POINT ( 'NONE',  ( 0.9693512970565126841, 1.300000001092710633, -0.5640961656040667238 ) ) ;
#418 = VERTEX_POINT ( 'NONE', #2718 ) ;
#419 = CARTESIAN_POINT ( 'NONE',  ( 0.3999999999996000088, 0.1200000000000000511, -0.4000000000003000045 ) ) ;
#420 = EDGE_CURVE ( 'NONE', #2197, #1408, #1938, .T. ) ;
#421 = DIRECTION ( 'NONE',  ( 0.0000000000000000000, 2.226486605382435661E-16, 1.000000000000000000 ) ) ;
#422 = ORIENTED_EDGE ( 'NONE', *, *, #405, .F. ) ;
#423 = EDGE_CURVE ( 'NONE', #882, #2082, #2986, .T. ) ;
#424 = AXIS2_PLACEMENT_3D ( 'NONE', #59, #1423, #1915 ) ;
#425 = DIRECTION ( 'NONE',  ( 1.000000000000000000, 0.0000000000000000000, 0.0000000000000000000 ) ) ;
#426 = CARTESIAN_POINT ( 'NONE',  ( 0.2999999999995999755, 0.1200000000000000927, -0.8113106679880743854 ) ) ;
#427 = VECTOR ( 'NONE', #1212, 1000.000000000000000 ) ;
#428 = AXIS2_PLACEMENT_3D ( 'NONE', #517, #2369, #780 ) ;
#429 = CARTESIAN_POINT ( 'NONE',  ( -1.149999999999999911, 1.998401444324619918E-16, 0.8999999999997000399 ) ) ;
#430 = AXIS2_PLACEMENT_3D ( 'NONE', #1492, #2550, #2567 ) ;
#431 = ORIENTED_EDGE ( 'NONE', *, *, #554, .T. ) ;
#432 = CARTESIAN_POINT ( 'NONE',  ( -0.3000000000004000023, -2.886579864025410062E-16, -0.8113106679938000276 ) ) ;
#433 = VECTOR ( 'NONE', #3351, 1000.000000000000000 ) ;
#434 = VERTEX_POINT ( 'NONE', #2454 ) ;
#435 = DIRECTION ( 'NONE',  ( 0.0000000000000000000, -2.168404344971008868E-16, -1.000000000000000000 ) ) ;
#436 = VERTEX_POINT ( 'NONE', #2202 ) ;
#437 = LINE ( 'NONE', #403, #687 ) ;
#438 = CARTESIAN_POINT ( 'NONE',  ( 4.995667725571750419E-10, 0.01000000032200019928, -2.999913954110550205E-13 ) ) ;
#439 = VERTEX_POINT ( 'NONE', #3266 ) ;
#440 = EDGE_CURVE ( 'NONE', #2817, #3080, #1147, .T. ) ;
#441 = DIRECTION ( 'NONE',  ( -1.000000000000000000, 0.0000000000000000000, 0.0000000000000000000 ) ) ;
#442 = FACE_OUTER_BOUND ( 'NONE', #1505, .T. ) ;
#443 = CARTESIAN_POINT ( 'NONE',  ( -1.149999999999999911, 0.01000000000000020144, 0.8999999999997000399 ) ) ;
#444 = LINE ( 'NONE', #664, #3403 ) ;
#445 = EDGE_CURVE ( 'NONE', #1484, #2405, #1819, .T. ) ;
#446 = ORIENTED_EDGE ( 'NONE', *, *, #1542, .T. ) ;
#447 = DIRECTION ( 'NONE',  ( 0.0000000000000000000, -2.226486605569892678E-16, -1.000000000000000000 ) ) ;
#448 = CARTESIAN_POINT ( 'NONE',  ( 0.2999999999995999755, -1.801471567475900130E-16, -0.8113106679824000356 ) ) ;
#449 = ORIENTED_EDGE ( 'NONE', *, *, #1712, .T. ) ;
#450 = CARTESIAN_POINT ( 'NONE',  ( 0.5790176884754034692, 1.266862916443965981, 1.005127970291511463 ) ) ;
#451 = ORIENTED_EDGE ( 'NONE', *, *, #3189, .T. ) ;
#452 = LINE ( 'NONE', #1203, #298 ) ;
#453 = FACE_OUTER_BOUND ( 'NONE', #216, .T. ) ;
#454 = ORIENTED_EDGE ( 'NONE', *, *, #2625, .F. ) ;
#455 = LINE ( 'NONE', #1777, #2439 ) ;
#456 = ORIENTED_EDGE ( 'NONE', *, *, #2864, .T. ) ;
#457 = CARTESIAN_POINT ( 'NONE',  ( -1.149999999999999911, -1.998401444325950135E-16, -0.9000000000003000045 ) ) ;
#458 = ADVANCED_FACE ( 'NONE', ( #3111 ), #1276, .T. ) ;
#459 = LINE ( 'NONE', #443, #2794 ) ;
#460 = VECTOR ( 'NONE', #2393, 1000.000000000000000 ) ;
#461 = DIRECTION ( 'NONE',  ( -0.0000000000000000000, 1.000000000000000000, -2.220446049250310123E-16 ) ) ;
#462 = ORIENTED_EDGE ( 'NONE', *, *, #488, .F. ) ;
#463 = DIRECTION ( 'NONE',  ( 1.000000000000000000, -0.0000000000000000000, 0.0000000000000000000 ) ) ;
#464 = AXIS2_PLACEMENT_3D ( 'NONE', #1857, #2918, #2850 ) ;
#465 = EDGE_CURVE ( 'NONE', #2597, #3195, #3396, .T. ) ;
#466 = ORIENTED_EDGE ( 'NONE', *, *, #2118, .T. ) ;
#467 = CARTESIAN_POINT ( 'NONE',  ( -0.01000000000042500226, 0.5999999999797313022, 0.9299462350360302443 ) ) ;
#468 = VERTEX_POINT ( 'NONE', #3184 ) ;
#469 = DIRECTION ( 'NONE',  ( -5.421010862557919029E-17, 1.000000000000000000, -2.710505431278656727E-16 ) ) ;
#470 = FACE_OUTER_BOUND ( 'NONE', #962, .T. ) ;
#471 = CARTESIAN_POINT ( 'NONE',  ( -4.332611628267369764E-13, 0.5999999999630747372, -3.003024017051081951E-13 ) ) ;
#472 = VERTEX_POINT ( 'NONE', #1052 ) ;
#473 = DIRECTION ( 'NONE',  ( -0.0000000000000000000, 1.000000000000000000, -2.220446049250310123E-16 ) ) ;
#474 = ORIENTED_EDGE ( 'NONE', *, *, #1626, .T. ) ;
#475 = PLANE ( 'NONE',  #2170 ) ;
#476 = AXIS2_PLACEMENT_3D ( 'NONE', #595, #2733, #3037 ) ;
#477 = LINE ( 'NONE', #2354, #945 ) ;
#478 = CARTESIAN_POINT ( 'NONE',  ( 0.9205510608156570740, 1.300000000000010258, 0.1112596957062498837 ) ) ;
#479 = ORIENTED_EDGE ( 'NONE', *, *, #1774, .T. ) ;
#480 = AXIS2_PLACEMENT_3D ( 'NONE', #2536, #473, #2286 ) ;
#481 = LINE ( 'NONE', #212, #2440 ) ;
#482 = AXIS2_PLACEMENT_3D ( 'NONE', #380, #3088, #396 ) ;
#483 = EDGE_CURVE ( 'NONE', #3053, #2230, #748, .T. ) ;
#484 =( GEOMETRIC_REPRESENTATION_CONTEXT ( 3 ) GLOBAL_UNCERTAINTY_ASSIGNED_CONTEXT ( ( #2062 ) ) GLOBAL_UNIT_ASSIGNED_CONTEXT ( ( #8, #2084, #1846 ) ) REPRESENTATION_CONTEXT ( 'NONE', 'WORKASPACE' ) );
#485 = DIRECTION ( 'NONE',  ( 0.0000000000000000000, -1.000000000000000000, 2.220446049250310123E-16 ) ) ;
#486 = ORIENTED_EDGE ( 'NONE', *, *, #3076, .T. ) ;
#487 = DIRECTION ( 'NONE',  ( 0.0000000000000000000, 2.220446049250310123E-16, 1.000000000000000000 ) ) ;
#488 = EDGE_CURVE ( 'NONE', #3072, #642, #3146, .T. ) ;
#489 = VECTOR ( 'NONE', #523, 1000.000000000000000 ) ;
#490 = VECTOR ( 'NONE', #2042, 1000.000000000000000 ) ;
#491 = LINE ( 'NONE', #3225, #1053 ) ;
#492 = VECTOR ( 'NONE', #277, 1000.000000000000000 ) ;
#493 = CARTESIAN_POINT ( 'NONE',  ( 0.2999999999995998645, -2.886579864025410062E-16, -1.300000000000000266 ) ) ;
#494 = ORIENTED_EDGE ( 'NONE', *, *, #99, .T. ) ;
#495 = ADVANCED_FACE ( 'NONE', ( #1253 ), #160, .F. ) ;
#496 = DIRECTION ( 'NONE',  ( 0.0000000000000000000, 1.000000000000000000, -2.220446049250310123E-16 ) ) ;
#497 = CYLINDRICAL_SURFACE ( 'NONE', #255, 1.000000000000000000 ) ;
#498 = ORIENTED_EDGE ( 'NONE', *, *, #2249, .F. ) ;
#499 = CARTESIAN_POINT ( 'NONE',  ( -4.110074910620986621E-13, 1.029999999999984706, 0.04999999999969709924 ) ) ;
#500 = DIRECTION ( 'NONE',  ( -0.0000000000000000000, 1.000000000000000000, -2.220446049250310123E-16 ) ) ;
#501 = CARTESIAN_POINT ( 'NONE',  ( 0.7585267500014760689, 1.300000000000011147, 0.5275211556276503400 ) ) ;
#502 = CARTESIAN_POINT ( 'NONE',  ( 1.149999999999999911, 0.1199999999999999817, -0.2250000000002999601 ) ) ;
#503 = CARTESIAN_POINT ( 'NONE',  ( 0.009999999999527785927, 1.296081809292278564, 0.9462478683035622229 ) ) ;
#504 = ADVANCED_FACE ( 'NONE', ( #1522 ), #2593, .F. ) ;
#505 = ORIENTED_EDGE ( 'NONE', *, *, #2926, .F. ) ;
#506 = PLANE ( 'NONE',  #1555 ) ;
#507 = ORIENTED_EDGE ( 'NONE', *, *, #382, .T. ) ;
#508 = DIRECTION ( 'NONE',  ( 1.000000000000000000, -0.0000000000000000000, 0.0000000000000000000 ) ) ;
#509 = EDGE_CURVE ( 'NONE', #1716, #612, #213, .T. ) ;
#510 = SURFACE_STYLE_FILL_AREA ( #3153 ) ;
#511 = DIRECTION ( 'NONE',  ( 0.7071067811865474617, -1.557251126319051220E-16, -0.7071067811865474617 ) ) ;
#512 = ORIENTED_EDGE ( 'NONE', *, *, #3025, .F. ) ;
#513 = CARTESIAN_POINT ( 'NONE',  ( 0.3999999999996000088, 0.1200000000000000094, 0.5199999999998500266 ) ) ;
#514 = EDGE_CURVE ( 'NONE', #1806, #632, #875, .T. ) ;
#515 = DIRECTION ( 'NONE',  ( 0.0000000000000000000, -2.168404344971008868E-16, -1.000000000000000000 ) ) ;
#516 = ORIENTED_EDGE ( 'NONE', *, *, #1029, .T. ) ;
#517 = CARTESIAN_POINT ( 'NONE',  ( 4.995668050240819134E-10, 0.3600000002847991709, -3.000485309432140176E-13 ) ) ;
#518 = CARTESIAN_POINT ( 'NONE',  ( -4.333061728278609828E-13, 0.3599999999999997646, -3.000919110155215284E-13 ) ) ;
#519 = ORIENTED_EDGE ( 'NONE', *, *, #1952, .T. ) ;
#520 = CARTESIAN_POINT ( 'NONE',  ( -4.333012728249789759E-13, 0.8099999999999996092, -1.000000000000300426 ) ) ;
#521 = AXIS2_PLACEMENT_3D ( 'NONE', #1093, #552, #3176 ) ;
#522 = ORIENTED_EDGE ( 'NONE', *, *, #1884, .F. ) ;
#523 = DIRECTION ( 'NONE',  ( 0.0000000000000000000, 1.000000000000000000, -2.220446049250310123E-16 ) ) ;
#524 = EDGE_LOOP ( 'NONE', ( #2488, #2614, #454, #1466 ) ) ;
#525 = DIRECTION ( 'NONE',  ( -0.7071067811865477948, -1.557251126319051713E-16, -0.7071067811865473507 ) ) ;
#526 = VECTOR ( 'NONE', #715, 1000.000000000000000 ) ;
#527 = PRESENTATION_LAYER_ASSIGNMENT (  '', '', ( #1248 ) ) ;
#528 = CARTESIAN_POINT ( 'NONE',  ( -0.8352245207129955773, 0.009999999999999951636, -0.2250000000013496204 ) ) ;
#529 = LINE ( 'NONE', #1598, #85 ) ;
#530 = EDGE_LOOP ( 'NONE', ( #3409, #2022 ) ) ;
#531 = ADVANCED_FACE ( 'NONE', ( #3260 ), #2936, .T. ) ;
#532 = LINE ( 'NONE', #1885, #2702 ) ;
#533 = DIRECTION ( 'NONE',  ( -0.0000000000000000000, -1.000000000000000000, 0.0000000000000000000 ) ) ;
#534 = ORIENTED_EDGE ( 'NONE', *, *, #1413, .F. ) ;
#535 = LINE ( 'NONE', #263, #1102 ) ;
#536 = EDGE_CURVE ( 'NONE', #3264, #582, #2396, .T. ) ;
#537 = DIRECTION ( 'NONE',  ( -1.000000000000000000, 0.0000000000000000000, -0.0000000000000000000 ) ) ;
#538 = ORIENTED_EDGE ( 'NONE', *, *, #2057, .F. ) ;
#539 = EDGE_CURVE ( 'NONE', #2659, #3348, #2643, .T. ) ;
#540 = AXIS2_PLACEMENT_3D ( 'NONE', #1037, #2637, #3454 ) ;
#541 = DIRECTION ( 'NONE',  ( -0.0000000000000000000, 2.220446049250310123E-16, 1.000000000000000000 ) ) ;
#542 = ORIENTED_EDGE ( 'NONE', *, *, #3478, .F. ) ;
#543 = CARTESIAN_POINT ( 'NONE',  ( 4.995668154198130212E-10, 0.1199999999999999262, -0.3499999998162000026 ) ) ;
#544 = ORIENTED_EDGE ( 'NONE', *, *, #1121, .T. ) ;
#545 = CYLINDRICAL_SURFACE ( 'NONE', #1706, 1.000000000000000000 ) ;
#546 = STYLED_ITEM ( 'NONE', ( #25 ), #2977 ) ;
#547 = AXIS2_PLACEMENT_3D ( 'NONE', #1481, #1215, #3359 ) ;
#548 = CARTESIAN_POINT ( 'NONE',  ( -0.4000000000004000356, -8.881784197007970460E-17, -0.4000000000003000600 ) ) ;
#549 = EDGE_LOOP ( 'NONE', ( #1180, #2326, #3136, #2937 ) ) ;
#550 = AXIS2_PLACEMENT_3D ( 'NONE', #2596, #820, #2398 ) ;
#551 = VECTOR ( 'NONE', #3001, 1000.000000000000000 ) ;
#552 = DIRECTION ( 'NONE',  ( -0.0000000000000000000, -1.000000000000000000, 2.220446049250310123E-16 ) ) ;
#553 = DIRECTION ( 'NONE',  ( -0.7071067811865475727, -1.570092458683769004E-16, -0.7071067811865475727 ) ) ;
#554 = EDGE_CURVE ( 'NONE', #32, #3330, #41, .T. ) ;
#555 = VERTEX_POINT ( 'NONE', #3473 ) ;
#556 = DIRECTION ( 'NONE',  ( 0.0000000000000000000, -1.000000000000000000, 2.220446049250310123E-16 ) ) ;
#557 = CARTESIAN_POINT ( 'NONE',  ( -1.300000000000000266, -2.664535259100545204E-16, -1.300000000000000044 ) ) ;
#558 = CARTESIAN_POINT ( 'NONE',  ( -4.332271828261990199E-13, 0.01000000000000000021, -2.997270954061229872E-13 ) ) ;
#559 = LINE ( 'NONE', #1631, #1427 ) ;
#560 = ADVANCED_FACE ( 'NONE', ( #1948 ), #2689, .T. ) ;
#561 = CARTESIAN_POINT ( 'NONE',  ( 0.2999999999995999755, 2.886579864025410062E-16, 1.300000000000000266 ) ) ;
#562 = VERTEX_POINT ( 'NONE', #1379 ) ;
#563 = CARTESIAN_POINT ( 'NONE',  ( -4.342263828270610250E-13, 0.01000000000000000888, -3.001934954042470269E-13 ) ) ;
#564 = DIRECTION ( 'NONE',  ( 1.000000000000000000, 0.0000000000000000000, 0.0000000000000000000 ) ) ;
#565 = LINE ( 'NONE', #1637, #709 ) ;
#566 = VERTEX_POINT ( 'NONE', #2134 ) ;
#567 = CARTESIAN_POINT ( 'NONE',  ( 1.300000000000000266, -2.656214007426551620E-16, -1.300000000000000266 ) ) ;
#568 = CARTESIAN_POINT ( 'NONE',  ( 1.149999999999999689, -2.886579864025410062E-16, -1.300000000000000266 ) ) ;
#569 = VERTEX_POINT ( 'NONE', #857 ) ;
#570 = CARTESIAN_POINT ( 'NONE',  ( 0.2924970031131543524, 1.300000000000010481, 0.8724060212626875144 ) ) ;
#571 = CARTESIAN_POINT ( 'NONE',  ( -4.332896328262529931E-13, 1.030000000000000027, -3.002342809051609756E-13 ) ) ;
#572 = CARTESIAN_POINT ( 'NONE',  ( -0.8899167723876989511, 1.300000000000010703, 0.2367600849604311330 ) ) ;
#573 = PLANE ( 'NONE',  #3456 ) ;
#574 = EDGE_CURVE ( 'NONE', #797, #621, #326, .T. ) ;
#575 = CARTESIAN_POINT ( 'NONE',  ( -1.000000000000000000, 0.1200000000000000094, 1.300000000000000266 ) ) ;
#576 = CARTESIAN_POINT ( 'NONE',  ( -0.01000000000042999999, 0.7633332860842326761, 0.9532808701383189698 ) ) ;
#577 = ORIENTED_EDGE ( 'NONE', *, *, #3183, .T. ) ;
#578 = DIRECTION ( 'NONE',  ( 1.000000000000000000, -0.0000000000000000000, 0.0000000000000000000 ) ) ;
#579 = CARTESIAN_POINT ( 'NONE',  ( -3.258498047547345854E-13, 1.223649167310231878, 0.1000000000001699946 ) ) ;
#580 = ORIENTED_EDGE ( 'NONE', *, *, #2950, .F. ) ;
#581 = CARTESIAN_POINT ( 'NONE',  ( 4.995668050240820168E-10, 0.01000000008843918674, -0.3499999997867319634 ) ) ;
#582 = VERTEX_POINT ( 'NONE', #1122 ) ;
#583 = TOROIDAL_SURFACE ( 'NONE', #3152, 0.04999999999999588801, 0.1999999999999985678 ) ;
#584 = CARTESIAN_POINT ( 'NONE',  ( -1.300000000000000266, -1.998401444325950135E-16, 1.000000000000000000 ) ) ;
#585 = CARTESIAN_POINT ( 'NONE',  ( -1.500000000000000000, 0.009999999999999809389, -0.9000000000003000045 ) ) ;
#586 = ORIENTED_EDGE ( 'NONE', *, *, #2845, .F. ) ;
#587 = CARTESIAN_POINT ( 'NONE',  ( 0.8329724658424885186, 1.300000000000010925, 0.3909944148386147456 ) ) ;
#588 = LINE ( 'NONE', #2701, #194 ) ;
#589 = CARTESIAN_POINT ( 'NONE',  ( -0.5592469990285472425, 1.300000000000010481, -0.7412351218815993459 ) ) ;
#590 = FACE_OUTER_BOUND ( 'NONE', #990, .T. ) ;
#591 = CARTESIAN_POINT ( 'NONE',  ( -0.9999903427707901304, 1.220000000393089978, 0.004394679588827009147 ) ) ;
#592 = CARTESIAN_POINT ( 'NONE',  ( -1.300000000000000266, 0.3599999999999999867, -1.300000000000000266 ) ) ;
#593 = DIRECTION ( 'NONE',  ( -0.0000000000000000000, 1.000000000000000000, -2.220446049250310123E-16 ) ) ;
#594 = EDGE_CURVE ( 'NONE', #2896, #1883, #2653, .T. ) ;
#595 = CARTESIAN_POINT ( 'NONE',  ( 4.995667725571750419E-10, 0.1200000000000000094, -3.000158203175253125E-13 ) ) ;
#596 = VECTOR ( 'NONE', #217, 1000.000000000000000 ) ;
#597 = PRESENTATION_STYLE_ASSIGNMENT (( #1916 ) ) ;
#598 = ORIENTED_EDGE ( 'NONE', *, *, #3096, .T. ) ;
#599 =( NAMED_UNIT ( * ) SI_UNIT ( $, .STERADIAN. ) SOLID_ANGLE_UNIT ( ) );
#600 = VECTOR ( 'NONE', #2455, 1000.000000000000000 ) ;
#601 = DIRECTION ( 'NONE',  ( 0.0000000000000000000, -1.000000000000000000, 2.220446049250310123E-16 ) ) ;
#602 = AXIS2_PLACEMENT_3D ( 'NONE', #1901, #1312, #1865 ) ;
#603 = AXIS2_PLACEMENT_3D ( 'NONE', #2337, #3410, #2989 ) ;
#604 = CARTESIAN_POINT ( 'NONE',  ( -1.300000000000000266, 2.220446049250310123E-16, 1.000000000000000000 ) ) ;
#605 = ADVANCED_FACE ( 'NONE', ( #2195 ), #250, .F. ) ;
#606 = VERTEX_POINT ( 'NONE', #2997 ) ;
#607 =( NAMED_UNIT ( * ) SI_UNIT ( $, .STERADIAN. ) SOLID_ANGLE_UNIT ( ) );
#608 = CARTESIAN_POINT ( 'NONE',  ( 0.2999999999995999755, 0.009999999999999830205, -0.8113106679880743854 ) ) ;
#609 = VECTOR ( 'NONE', #252, 999.9999999999998863 ) ;
#610 = VECTOR ( 'NONE', #940, 1000.000000000000000 ) ;
#611 = CARTESIAN_POINT ( 'NONE',  ( 1.300000000000000044, 0.3600000000000001532, 1.300000000000000266 ) ) ;
#612 = VERTEX_POINT ( 'NONE', #1071 ) ;
#613 = CARTESIAN_POINT ( 'NONE',  ( 4.995668050240819134E-10, 0.3600000002847991709, -3.000485309432140176E-13 ) ) ;
#614 = FACE_BOUND ( 'NONE', #2276, .T. ) ;
#615 = VERTEX_POINT ( 'NONE', #1100 ) ;
#616 = DIRECTION ( 'NONE',  ( 4.397524011601311502E-13, 1.000000000000000000, 1.039966723848121501E-12 ) ) ;
#617 = EDGE_CURVE ( 'NONE', #2965, #1226, #799, .T. ) ;
#618 = CARTESIAN_POINT ( 'NONE',  ( -1.300000000000000044, 0.3600000000000001532, 1.000000000000000000 ) ) ;
#619 = ORIENTED_EDGE ( 'NONE', *, *, #1277, .T. ) ;
#620 = PRESENTATION_STYLE_ASSIGNMENT (( #881 ) ) ;
#621 = VERTEX_POINT ( 'NONE', #2411 ) ;
#622 = EDGE_CURVE ( 'NONE', #2746, #2242, #747, .T. ) ;
#623 = CARTESIAN_POINT ( 'NONE',  ( 4.995668478867199962E-10, 0.01000000003159592400, 0.3499999998267345203 ) ) ;
#624 = CARTESIAN_POINT ( 'NONE',  ( -0.3000000000004000023, -2.886579864025410062E-16, -1.300000000000000266 ) ) ;
#625 = EDGE_CURVE ( 'NONE', #3450, #2634, #2155, .T. ) ;
#626 = DIRECTION ( 'NONE',  ( 0.7071067811865474617, 0.0000000000000000000, -0.7071067811865474617 ) ) ;
#627 = EDGE_LOOP ( 'NONE', ( #2261, #253, #125, #1879 ) ) ;
#628 = PLANE ( 'NONE',  #3090 ) ;
#629 = CARTESIAN_POINT ( 'NONE',  ( -0.3000000000004000023, 0.1200000000000000511, -0.5000000000002999823 ) ) ;
#630 = DIRECTION ( 'NONE',  ( -0.0000000000000000000, -1.000000000000000000, 2.220446049250310123E-16 ) ) ;
#631 = VERTEX_POINT ( 'NONE', #817 ) ;
#632 = VERTEX_POINT ( 'NONE', #2959 ) ;
#633 = DIRECTION ( 'NONE',  ( -1.110223024625151857E-16, -1.000000000000000000, 1.110223024625151857E-16 ) ) ;
#634 = EDGE_LOOP ( 'NONE', ( #1072, #2032, #847, #2732 ) ) ;
#635 = DIRECTION ( 'NONE',  ( -0.0000000000000000000, 1.000000000000000000, -2.220446049250310123E-16 ) ) ;
#636 = CLOSED_SHELL ( 'NONE', ( #132, #560, #1906, #2981, #749, #1932, #2552, #3159, #1813, #878 ) ) ;
#637 = DIRECTION ( 'NONE',  ( 0.0000000000000000000, -1.000000000000000000, 2.220446049250310123E-16 ) ) ;
#638 = ORIENTED_EDGE ( 'NONE', *, *, #1350, .T. ) ;
#639 = EDGE_CURVE ( 'NONE', #2330, #2570, #559, .T. ) ;
#640 = PRESENTATION_LAYER_ASSIGNMENT (  '', '', ( #354 ) ) ;
#641 = DIRECTION ( 'NONE',  ( 1.000000000000000000, -0.0000000000000000000, 0.0000000000000000000 ) ) ;
#642 = VERTEX_POINT ( 'NONE', #284 ) ;
#643 = DIRECTION ( 'NONE',  ( 0.0000000000000000000, 0.0000000000000000000, -1.000000000000000000 ) ) ;
#644 = CARTESIAN_POINT ( 'NONE',  ( 4.995667725571750419E-10, 0.01000000000000000021, -2.999913954109835308E-13 ) ) ;
#645 = ADVANCED_FACE ( 'NONE', ( #1911 ), #2976, .T. ) ;
#646 = ORIENTED_EDGE ( 'NONE', *, *, #1077, .T. ) ;
#647 = CARTESIAN_POINT ( 'NONE',  ( -1.167612260354550013, 0.1200000000000000511, 0.2249999999996999955 ) ) ;
#648 = ORIENTED_EDGE ( 'NONE', *, *, #1863, .F. ) ;
#649 = DIRECTION ( 'NONE',  ( 0.7071067811865474617, 0.0000000000000000000, -0.7071067811865474617 ) ) ;
#650 = DIRECTION ( 'NONE',  ( 0.0000000000000000000, -2.168404344899676860E-16, -1.000000000000000000 ) ) ;
#651 = DIRECTION ( 'NONE',  ( 0.0000000000000000000, 1.000000000000000000, -2.220446049250310123E-16 ) ) ;
#652 = VERTEX_POINT ( 'NONE', #3265 ) ;
#653 = MANIFOLD_SOLID_BREP ( 'Imported7', #10 ) ;
#654 = AXIS2_PLACEMENT_3D ( 'NONE', #907, #2758, #870 ) ;
#655 = AXIS2_PLACEMENT_3D ( 'NONE', #2130, #2931, #208 ) ;
#656 = ADVANCED_FACE ( 'NONE', ( #1937 ), #583, .T. ) ;
#657 = CARTESIAN_POINT ( 'NONE',  ( 0.009999999999566969860, 0.5300000000139730716, 0.9999499987652050725 ) ) ;
#658 = ORIENTED_EDGE ( 'NONE', *, *, #2039, .T. ) ;
#659 = VECTOR ( 'NONE', #1013, 1000.000000000000000 ) ;
#660 = CARTESIAN_POINT ( 'NONE',  ( -1.300000000000000266, 0.1199999999999999678, -0.9000000000002998934 ) ) ;
#661 = VECTOR ( 'NONE', #2669, 1000.000000000000000 ) ;
#662 = MANIFOLD_SOLID_BREP ( 'Body8', #1243 ) ;
#663 = VECTOR ( 'NONE', #2299, 1000.000000000000000 ) ;
#664 = CARTESIAN_POINT ( 'NONE',  ( 1.300000000000000266, 0.1199999999999999956, -0.9000001448429999495 ) ) ;
#665 = ORIENTED_EDGE ( 'NONE', *, *, #509, .F. ) ;
#666 = LINE ( 'NONE', #3394, #3109 ) ;
#667 = EDGE_CURVE ( 'NONE', #3113, #2436, #1753, .T. ) ;
#668 = VERTEX_POINT ( 'NONE', #2774 ) ;
#669 = CARTESIAN_POINT ( 'NONE',  ( 7.624870715689221503E-10, 1.220000000393089756, -0.9200000003515470537 ) ) ;
#670 = EDGE_LOOP ( 'NONE', ( #3139, #3082, #309, #3254, #679, #871, #49, #3124 ) ) ;
#671 = PLANE ( 'NONE',  #1933 ) ;
#672 = LINE ( 'NONE', #1754, #2009 ) ;
#673 = VERTEX_POINT ( 'NONE', #934 ) ;
#674 = FACE_OUTER_BOUND ( 'NONE', #2691, .T. ) ;
#675 = DIRECTION ( 'NONE',  ( 0.0000000000000000000, 2.213057180109501119E-16, 1.000000000000000000 ) ) ;
#676 = DIRECTION ( 'NONE',  ( -1.000000000000000000, 0.0000000000000000000, 0.0000000000000000000 ) ) ;
#677 = DIRECTION ( 'NONE',  ( 0.0000000000000000000, 1.000000000000000000, -0.0000000000000000000 ) ) ;
#678 = EDGE_CURVE ( 'NONE', #2082, #2896, #1128, .T. ) ;
#679 = ORIENTED_EDGE ( 'NONE', *, *, #3212, .T. ) ;
#680 = FACE_OUTER_BOUND ( 'NONE', #524, .T. ) ;
#681 = VERTEX_POINT ( 'NONE', #696 ) ;
#682 = DIRECTION ( 'NONE',  ( 0.0000000000000000000, 2.226486605382435661E-16, 1.000000000000000000 ) ) ;
#683 = LINE ( 'NONE', #2871, #1497 ) ;
#684 = CIRCLE ( 'NONE', #350, 0.3499999998159000203 ) ;
#685 = DIRECTION ( 'NONE',  ( 0.0000000000000000000, 0.0000000000000000000, 1.000000000000000000 ) ) ;
#686 = ORIENTED_EDGE ( 'NONE', *, *, #2346, .T. ) ;
#687 = VECTOR ( 'NONE', #1804, 1000.000000000000000 ) ;
#688 = CARTESIAN_POINT ( 'NONE',  ( -4.342263828270610250E-13, 0.1199999999999999539, -3.002179203107887581E-13 ) ) ;
#689 = CARTESIAN_POINT ( 'NONE',  ( -0.01000000000039092535, 1.296081809287324083, 0.9462478683073133334 ) ) ;
#690 = ORIENTED_EDGE ( 'NONE', *, *, #1523, .T. ) ;
#691 = CARTESIAN_POINT ( 'NONE',  ( 0.3999999999996000644, 0.1199999999999999262, -0.4000000000002998934 ) ) ;
#692 = EDGE_CURVE ( 'NONE', #569, #2188, #437, .T. ) ;
#693 = ORIENTED_EDGE ( 'NONE', *, *, #1697, .T. ) ;
#694 = DIRECTION ( 'NONE',  ( 1.000000000000000000, 0.0000000000000000000, 0.0000000000000000000 ) ) ;
#695 = VERTEX_POINT ( 'NONE', #1767 ) ;
#696 = CARTESIAN_POINT ( 'NONE',  ( 0.8352245207124476822, 0.1200000000000001066, 0.2249999999995631883 ) ) ;
#697 = ADVANCED_FACE ( 'NONE', ( #3383 ), #165, .F. ) ;
#698 = CARTESIAN_POINT ( 'NONE',  ( -0.3000000000004000023, 1.110223024624482434E-16, 0.4999999999997001288 ) ) ;
#699 = ORIENTED_EDGE ( 'NONE', *, *, #2013, .T. ) ;
#700 = EDGE_CURVE ( 'NONE', #3294, #3008, #1307, .T. ) ;
#701 = CIRCLE ( 'NONE', #476, 0.3499999998159000203 ) ;
#702 = CARTESIAN_POINT ( 'NONE',  ( 4.995668050240819134E-10, 0.3600000002847991709, -0.09999999984948725051 ) ) ;
#703 = ORIENTED_EDGE ( 'NONE', *, *, #3091, .T. ) ;
#704 = FACE_OUTER_BOUND ( 'NONE', #942, .T. ) ;
#705 = MANIFOLD_SOLID_BREP ( 'Body7', #1982 ) ;
#706 = VECTOR ( 'NONE', #969, 1000.000000000000000 ) ;
#707 = VECTOR ( 'NONE', #2571, 1000.000000000000000 ) ;
#708 = PLANE ( 'NONE',  #2549 ) ;
#709 = VECTOR ( 'NONE', #289, 1000.000000000000000 ) ;
#710 = VECTOR ( 'NONE', #1117, 1000.000000000000114 ) ;
#711 = PLANE ( 'NONE',  #714 ) ;
#712 = VERTEX_POINT ( 'NONE', #1240 ) ;
#713 = CARTESIAN_POINT ( 'NONE',  ( 4.995668154198130212E-10, 0.1199999999999999262, -0.3499999998162000026 ) ) ;
#714 = AXIS2_PLACEMENT_3D ( 'NONE', #1483, #3049, #106 ) ;
#715 = DIRECTION ( 'NONE',  ( -0.0000000000000000000, -0.0000000000000000000, -1.000000000000000000 ) ) ;
#716 = ORIENTED_EDGE ( 'NONE', *, *, #109, .F. ) ;
#717 = FACE_OUTER_BOUND ( 'NONE', #827, .T. ) ;
#718 = ORIENTED_EDGE ( 'NONE', *, *, #3384, .T. ) ;
#719 =( GEOMETRIC_REPRESENTATION_CONTEXT ( 3 ) GLOBAL_UNCERTAINTY_ASSIGNED_CONTEXT ( ( #2612 ) ) GLOBAL_UNIT_ASSIGNED_CONTEXT ( ( #1452, #1181, #607 ) ) REPRESENTATION_CONTEXT ( 'NONE', 'WORKASPACE' ) );
#720 = CARTESIAN_POINT ( 'NONE',  ( 0.3999999999996000088, 0.01000000000000001062, -0.4000000000002999490 ) ) ;
#721 = ORIENTED_EDGE ( 'NONE', *, *, #1635, .F. ) ;
#722 = EDGE_CURVE ( 'NONE', #3204, #2968, #452, .T. ) ;
#723 = PLANE ( 'NONE',  #1949 ) ;
#724 = EDGE_LOOP ( 'NONE', ( #3350, #2835, #1732, #2855 ) ) ;
#725 = FACE_OUTER_BOUND ( 'NONE', #2930, .T. ) ;
#726 = ADVANCED_FACE ( 'NONE', ( #2582 ), #2487, .T. ) ;
#727 = CARTESIAN_POINT ( 'NONE',  ( -0.01000000000037776227, 1.287834073314389594, 0.9623572252234205981 ) ) ;
#728 = CARTESIAN_POINT ( 'NONE',  ( 1.300000000000000266, 0.1200000000000000094, -0.9000000000003000045 ) ) ;
#729 = ORIENTED_EDGE ( 'NONE', *, *, #2137, .T. ) ;
#730 = DIRECTION ( 'NONE',  ( 0.0000000000000000000, 2.213057180109501366E-16, 1.000000000000000000 ) ) ;
#731 = ORIENTED_EDGE ( 'NONE', *, *, #440, .F. ) ;
#732 = LINE ( 'NONE', #981, #433 ) ;
#733 = EDGE_LOOP ( 'NONE', ( #1687, #1914, #3013, #2889, #149, #2665, #144, #378 ) ) ;
#734 = CARTESIAN_POINT ( 'NONE',  ( 4.995667725571750419E-10, 0.01000000032200019928, -2.999913954110550205E-13 ) ) ;
#735 = DIRECTION ( 'NONE',  ( 0.0000000000000000000, 1.000000000000000000, -2.220446049250310123E-16 ) ) ;
#736 = ORIENTED_EDGE ( 'NONE', *, *, #2864, .F. ) ;
#737 = DIRECTION ( 'NONE',  ( 0.0000000000000000000, -2.168404344971008868E-16, -1.000000000000000000 ) ) ;
#738 = EDGE_CURVE ( 'NONE', #2965, #1161, #179, .T. ) ;
#739 = ORIENTED_EDGE ( 'NONE', *, *, #2350, .T. ) ;
#740 = DIRECTION ( 'NONE',  ( 0.0000000000000000000, -1.000000000000000000, 2.220446049250310123E-16 ) ) ;
#741 = CARTESIAN_POINT ( 'NONE',  ( -1.000000000000000000, 2.886579864025410062E-16, 1.300000000000000266 ) ) ;
#742 = ADVANCED_FACE ( 'NONE', ( #2279 ), #2345, .F. ) ;
#743 = AXIS2_PLACEMENT_3D ( 'NONE', #2193, #3014, #3258 ) ;
#744 = CARTESIAN_POINT ( 'NONE',  ( 1.500000000000000222, 0.01000000000000020144, 0.8999999999997000399 ) ) ;
#745 = LINE ( 'NONE', #1817, #1872 ) ;
#746 = LINE ( 'NONE', #2632, #192 ) ;
#747 = CIRCLE ( 'NONE', #2704, 1.000000000000000000 ) ;
#748 = LINE ( 'NONE', #1015, #971 ) ;
#749 = ADVANCED_FACE ( 'NONE', ( #1752 ), #2327, .T. ) ;
#750 = ORIENTED_EDGE ( 'NONE', *, *, #28, .T. ) ;
#751 = CARTESIAN_POINT ( 'NONE',  ( -1.300000000000000266, -1.998401444325951861E-16, -0.9000000000003000045 ) ) ;
#752 = SURFACE_SIDE_STYLE ('',( #510 ) ) ;
#753 = LINE ( 'NONE', #3439, #2388 ) ;
#754 = VERTEX_POINT ( 'NONE', #1489 ) ;
#755 = CARTESIAN_POINT ( 'NONE',  ( 4.995667725571750419E-10, 0.1200000000000000788, 0.3499999998156000380 ) ) ;
#756 = CARTESIAN_POINT ( 'NONE',  ( 0.2999999999995999755, 0.1200000000000000094, 1.300000000000000266 ) ) ;
#757 = EDGE_LOOP ( 'NONE', ( #167, #955, #1562, #3406 ) ) ;
#758 = FACE_OUTER_BOUND ( 'NONE', #2080, .T. ) ;
#759 = ADVANCED_FACE ( 'NONE', ( #2546 ), #671, .F. ) ;
#760 = CIRCLE ( 'NONE', #3451, 0.8900000000000000133 ) ;
#761 = FACE_OUTER_BOUND ( 'NONE', #2386, .T. ) ;
#762 = CARTESIAN_POINT ( 'NONE',  ( 0.3955157318942294498, 1.300000000000010481, -0.8308351620231368972 ) ) ;
#763 = ORIENTED_EDGE ( 'NONE', *, *, #2017, .F. ) ;
#764 = CARTESIAN_POINT ( 'NONE',  ( 0.009999999999514373045, 1.262981905991870324, 0.9880134742980850593 ) ) ;
#765 = VECTOR ( 'NONE', #1286, 1000.000000000000000 ) ;
#766 = ADVANCED_FACE ( 'NONE', ( #965 ), #2033, .T. ) ;
#767 = AXIS2_PLACEMENT_3D ( 'NONE', #1076, #3172, #807 ) ;
#768 = AXIS2_PLACEMENT_3D ( 'NONE', #2438, #852, #1888 ) ;
#769 = CARTESIAN_POINT ( 'NONE',  ( 1.149999999999999911, 0.009999999999999960310, -0.2250000000002999878 ) ) ;
#770 = VERTEX_POINT ( 'NONE', #272 ) ;
#771 = LINE ( 'NONE', #3188, #415 ) ;
#772 = AXIS2_PLACEMENT_3D ( 'NONE', #2068, #694, #2002 ) ;
#773 = EDGE_CURVE ( 'NONE', #240, #1810, #2091, .T. ) ;
#774 = CYLINDRICAL_SURFACE ( 'NONE', #3238, 0.8650000000000001021 ) ;
#775 = LINE ( 'NONE', #2125, #3345 ) ;
#776 = EDGE_LOOP ( 'NONE', ( #1373, #2245, #3273, #1317 ) ) ;
#777 = LINE ( 'NONE', #2894, #2527 ) ;
#778 = FACE_OUTER_BOUND ( 'NONE', #1785, .T. ) ;
#779 = ORIENTED_EDGE ( 'NONE', *, *, #2353, .T. ) ;
#780 = DIRECTION ( 'NONE',  ( 0.0000000000000000000, 0.0000000000000000000, -1.000000000000000000 ) ) ;
#781 = CARTESIAN_POINT ( 'NONE',  ( -0.05813055931491700745, 1.300000000000010481, -0.9200336076881483471 ) ) ;
#782 = ORIENTED_EDGE ( 'NONE', *, *, #1587, .F. ) ;
#783 = DIRECTION ( 'NONE',  ( -0.0000000000000000000, 1.000000000000000000, -2.220446049250310123E-16 ) ) ;
#784 = CARTESIAN_POINT ( 'NONE',  ( 1.149999999999999911, -1.998401444325950135E-16, -0.9000000000003000045 ) ) ;
#785 = ADVANCED_FACE ( 'NONE', ( #2083 ), #545, .T. ) ;
#786 = ORIENTED_EDGE ( 'NONE', *, *, #2932, .T. ) ;
#787 = CARTESIAN_POINT ( 'NONE',  ( -0.4000000000003999800, 0.1200000000000000094, -0.4000000000003000045 ) ) ;
#788 = SURFACE_STYLE_USAGE ( .BOTH. , #752 ) ;
#789 = DIRECTION ( 'NONE',  ( -0.0000000000000000000, -2.220446049250310123E-16, -1.000000000000000000 ) ) ;
#790 = ADVANCED_FACE ( 'NONE', ( #2678 ), #287, .T. ) ;
#791 = CARTESIAN_POINT ( 'NONE',  ( -0.8352245207131370197, 0.009999999999999960310, -0.2250000000008248180 ) ) ;
#792 = LINE ( 'NONE', #2698, #136 ) ;
#793 = EDGE_CURVE ( 'NONE', #2776, #2584, #70, .T. ) ;
#794 = ORIENTED_EDGE ( 'NONE', *, *, #1670, .T. ) ;
#795 = DIRECTION ( 'NONE',  ( 0.0000000000000000000, 1.000000000000000000, -2.220446049250310123E-16 ) ) ;
#796 = CARTESIAN_POINT ( 'NONE',  ( 0.2999999999995999755, -1.801471567475900130E-16, -0.8113106680003000504 ) ) ;
#797 = VERTEX_POINT ( 'NONE', #2922 ) ;
#798 = CARTESIAN_POINT ( 'NONE',  ( 1.167612260356239995, 0.1200000000000000094, -3.001338066965790108E-13 ) ) ;
#799 = LINE ( 'NONE', #2465, #1246 ) ;
#800 = ORIENTED_EDGE ( 'NONE', *, *, #861, .F. ) ;
#801 = FACE_OUTER_BOUND ( 'NONE', #1766, .T. ) ;
#802 = ORIENTED_EDGE ( 'NONE', *, *, #1995, .T. ) ;
#803 = CARTESIAN_POINT ( 'NONE',  ( -0.01000000001461102961, 1.299999999905402381, 0.9199456491621512688 ) ) ;
#804 = AXIS2_PLACEMENT_3D ( 'NONE', #3244, #1326, #3277 ) ;
#805 = PRODUCT_RELATED_PRODUCT_CATEGORY ( 'part', '', ( #1270 ) ) ;
#806 = VECTOR ( 'NONE', #508, 1000.000000000000000 ) ;
#807 = DIRECTION ( 'NONE',  ( 0.0000000000000000000, 0.0000000000000000000, 1.000000000000000000 ) ) ;
#808 = EDGE_LOOP ( 'NONE', ( #1699, #1799, #542, #1940, #3035, #3022, #3307, #1616 ) ) ;
#809 = LINE ( 'NONE', #2087, #1927 ) ;
#810 = PLANE ( 'NONE',  #3070 ) ;
#811 = EDGE_LOOP ( 'NONE', ( #1983, #78, #1162, #507 ) ) ;
#812 = LINE ( 'NONE', #2684, #30 ) ;
#813 = EDGE_CURVE ( 'NONE', #11, #3330, #1087, .T. ) ;
#814 = CARTESIAN_POINT ( 'NONE',  ( -0.9128036178492954233, 1.300000000000010481, 0.1389730094562058871 ) ) ;
#815 = PLANE ( 'NONE',  #918 ) ;
#816 = CARTESIAN_POINT ( 'NONE',  ( 0.01000000001234983490, 1.299999999905994352, 0.9199456490348211224 ) ) ;
#817 = CARTESIAN_POINT ( 'NONE',  ( 0.2999999999995998645, -1.054711873394564882E-16, -0.5000000000003000933 ) ) ;
#818 = VECTOR ( 'NONE', #1182, 1000.000000000000000 ) ;
#819 = VECTOR ( 'NONE', #925, 1000.000000000000000 ) ;
#820 = DIRECTION ( 'NONE',  ( -0.0000000000000000000, 2.220446049250310123E-16, 1.000000000000000000 ) ) ;
#821 = ORIENTED_EDGE ( 'NONE', *, *, #738, .F. ) ;
#822 = CARTESIAN_POINT ( 'NONE',  ( -4.333012728249789759E-13, 1.220000000000009965, -3.003298693811160060E-13 ) ) ;
#823 = CIRCLE ( 'NONE', #1325, 0.9999999999207398460 ) ;
#824 = VECTOR ( 'NONE', #1533, 1000.000000000000000 ) ;
#825 = LINE ( 'NONE', #1900, #1268 ) ;
#826 = DIRECTION ( 'NONE',  ( -0.0000000000000000000, -2.220446049250310123E-16, -1.000000000000000000 ) ) ;
#827 = EDGE_LOOP ( 'NONE', ( #1188, #1537, #1200, #2829 ) ) ;
#828 = CIRCLE ( 'NONE', #890, 0.3499999998159000203 ) ;
#829 = MECHANICAL_DESIGN_GEOMETRIC_PRESENTATION_REPRESENTATION (  '', ( #1449 ), #1719 ) ;
#830 = VECTOR ( 'NONE', #3128, 1000.000000000000000 ) ;
#831 = AXIS2_PLACEMENT_3D ( 'NONE', #3411, #3127, #2026 ) ;
#832 = DIRECTION ( 'NONE',  ( 1.000000000000000000, 0.0000000000000000000, 0.0000000000000000000 ) ) ;
#833 = DIRECTION ( 'NONE',  ( -0.7071067811865474617, 0.0000000000000000000, 0.7071067811865474617 ) ) ;
#834 = EDGE_LOOP ( 'NONE', ( #1000, #262 ) ) ;
#835 = LINE ( 'NONE', #2340, #2788 ) ;
#836 = EDGE_CURVE ( 'NONE', #2736, #1226, #2429, .T. ) ;
#837 = FACE_OUTER_BOUND ( 'NONE', #2961, .T. ) ;
#838 = CARTESIAN_POINT ( 'NONE',  ( -0.4550341840269551685, 1.300000000000010036, -0.8095659928583996967 ) ) ;
#839 = CARTESIAN_POINT ( 'NONE',  ( -1.149999999999999911, 0.1200000000000000233, 0.2249999999996999678 ) ) ;
#840 = CARTESIAN_POINT ( 'NONE',  ( -0.5878296684304802344, 1.266862916074870338, -1.000000000106685549 ) ) ;
#841 = DIRECTION ( 'NONE',  ( -1.110223024625151857E-16, -1.000000000000000000, 1.110223024625151857E-16 ) ) ;
#842 = CARTESIAN_POINT ( 'NONE',  ( -0.3000000000004000023, 0.009999999999999899594, -0.5000000000002999823 ) ) ;
#843 = VERTEX_POINT ( 'NONE', #1634 ) ;
#844 = CARTESIAN_POINT ( 'NONE',  ( -1.000000000000000000, 0.3600000000000002087, 1.300000000000000266 ) ) ;
#845 = CARTESIAN_POINT ( 'NONE',  ( 1.149999999999999689, -2.886579864025410062E-16, -1.300000000000000266 ) ) ;
#846 = PLANE ( 'NONE',  #1106 ) ;
#847 = ORIENTED_EDGE ( 'NONE', *, *, #1283, .F. ) ;
#848 = DIRECTION ( 'NONE',  ( -4.372838984771210343E-30, -1.000000000000000000, 2.168404344899676860E-16 ) ) ;
#849 = DIRECTION ( 'NONE',  ( 0.0000000000000000000, 0.0000000000000000000, -1.000000000000000000 ) ) ;
#850 = ORIENTED_EDGE ( 'NONE', *, *, #509, .T. ) ;
#851 = CARTESIAN_POINT ( 'NONE',  ( 0.8458002135783486697, 1.300000000000011147, 0.3623152472052206807 ) ) ;
#852 = DIRECTION ( 'NONE',  ( 1.000000000000000000, 0.0000000000000000000, 0.0000000000000000000 ) ) ;
#853 = EDGE_CURVE ( 'NONE', #224, #1470, #771, .T. ) ;
#854 = CARTESIAN_POINT ( 'NONE',  ( -0.5398180176614717496, 1.300000000000010703, 0.7498252504026672316 ) ) ;
#855 = PLANE ( 'NONE',  #1648 ) ;
#856 = DIRECTION ( 'NONE',  ( -0.0000000000000000000, 2.220446049250310123E-16, 1.000000000000000000 ) ) ;
#857 = CARTESIAN_POINT ( 'NONE',  ( -0.8352245207131370197, 0.1199999999999998984, -0.2250000000008246515 ) ) ;
#858 = DIRECTION ( 'NONE',  ( -0.0000000000000000000, 1.000000000000000000, -2.220446049250310123E-16 ) ) ;
#859 = EDGE_LOOP ( 'NONE', ( #1512, #2297, #924, #2469 ) ) ;
#860 = VECTOR ( 'NONE', #2153, 1000.000000000000114 ) ;
#861 = EDGE_CURVE ( 'NONE', #368, #3039, #357, .T. ) ;
#862 =( LENGTH_UNIT ( ) NAMED_UNIT ( * ) SI_UNIT ( .MILLI., .METRE. ) );
#863 = COLOUR_RGB ( '',0.9529411764705881804, 0.8980392156862745390, 0.6549019607843137303 ) ;
#864 = ORIENTED_EDGE ( 'NONE', *, *, #3347, .T. ) ;
#865 = FILL_AREA_STYLE_COLOUR ( '', #863 ) ;
#866 = CARTESIAN_POINT ( 'NONE',  ( -4.333061728278609828E-13, 1.300000000000009814, -3.003006329441510194E-13 ) ) ;
#867 = CARTESIAN_POINT ( 'NONE',  ( -0.04684084658077999896, 1.223649167310379982, 0.08835120311338962029 ) ) ;
#868 = ORIENTED_EDGE ( 'NONE', *, *, #2239, .F. ) ;
#869 = LINE ( 'NONE', #2743, #996 ) ;
#870 = DIRECTION ( 'NONE',  ( 0.0000000000000000000, -2.220446049250309876E-16, -1.000000000000000000 ) ) ;
#871 = ORIENTED_EDGE ( 'NONE', *, *, #2010, .T. ) ;
#872 = LINE ( 'NONE', #3274, #2422 ) ;
#873 = CARTESIAN_POINT ( 'NONE',  ( 1.043259206956273927E-09, 1.266862916074870338, -0.9999999997870868684 ) ) ;
#874 = EDGE_CURVE ( 'NONE', #681, #2882, #1822, .T. ) ;
#875 = LINE ( 'NONE', #1665, #2365 ) ;
#876 = DIRECTION ( 'NONE',  ( 0.0000000000000000000, -2.168404344971008868E-16, -1.000000000000000000 ) ) ;
#877 = ORIENTED_EDGE ( 'NONE', *, *, #2089, .T. ) ;
#878 = ADVANCED_FACE ( 'NONE', ( #2101 ), #1310, .T. ) ;
#879 = B_SPLINE_CURVE_WITH_KNOTS ( 'NONE', 3,
 ( #1676, #3287, #351, #335 ),
 .UNSPECIFIED., .F., .F.,
 ( 4, 4 ),
 ( 2.326036779785593931E-14, 9.899761073733121962E-05 ),
 .UNSPECIFIED. ) ;
#880 = DIRECTION ( 'NONE',  ( 0.0000000000000000000, 1.000000000000000000, -0.0000000000000000000 ) ) ;
#881 = SURFACE_STYLE_USAGE ( .BOTH. , #2200 ) ;
#882 = VERTEX_POINT ( 'NONE', #751 ) ;
#883 = EDGE_CURVE ( 'NONE', #3078, #3450, #3435, .T. ) ;
#884 = CIRCLE ( 'NONE', #2831, 0.9300000000390988841 ) ;
#885 = AXIS2_PLACEMENT_3D ( 'NONE', #1318, #2628, #1853 ) ;
#886 = DIRECTION ( 'NONE',  ( -0.0000000000000000000, 1.000000000000000000, 0.0000000000000000000 ) ) ;
#887 = AXIS2_PLACEMENT_3D ( 'NONE', #166, #3385, #967 ) ;
#888 = DIRECTION ( 'NONE',  ( 0.0000000000000000000, 1.000000000000000000, -2.220446049250310123E-16 ) ) ;
#889 = SURFACE_STYLE_USAGE ( .BOTH. , #1739 ) ;
#890 = AXIS2_PLACEMENT_3D ( 'NONE', #644, #1232, #976 ) ;
#891 = CIRCLE ( 'NONE', #2898, 0.8649999999999999911 ) ;
#892 = LINE ( 'NONE', #3322, #3020 ) ;
#893 = ORIENTED_EDGE ( 'NONE', *, *, #2143, .T. ) ;
#894 = CARTESIAN_POINT ( 'NONE',  ( 1.300000000000000266, -1.998401444325950135E-16, -0.9000000000003000045 ) ) ;
#895 = DIRECTION ( 'NONE',  ( -0.0000000000000000000, 1.000000000000000000, -2.220446049250310123E-16 ) ) ;
#896 = EDGE_LOOP ( 'NONE', ( #864, #693, #893, #2095, #1887, #1694, #2420, #1764 ) ) ;
#897 = CARTESIAN_POINT ( 'NONE',  ( 1.167612260356239995, 0.1199999999999998013, -0.9000000000003000045 ) ) ;
#898 = EDGE_CURVE ( 'NONE', #2330, #158, #1577, .T. ) ;
#899 = LINE ( 'NONE', #2772, #257 ) ;
#900 = ORIENTED_EDGE ( 'NONE', *, *, #1252, .T. ) ;
#901 = SURFACE_STYLE_USAGE ( .BOTH. , #369 ) ;
#902 = LINE ( 'NONE', #3286, #1923 ) ;
#903 = EDGE_CURVE ( 'NONE', #916, #1484, #1596, .T. ) ;
#904 = CARTESIAN_POINT ( 'NONE',  ( 0.009999999999567113843, 0.6000000000000001998, 0.9299462350047134063 ) ) ;
#905 = VERTEX_POINT ( 'NONE', #2657 ) ;
#906 = ADVANCED_FACE ( 'NONE', ( #1292 ), #1993, .T. ) ;
#907 = CARTESIAN_POINT ( 'NONE',  ( -4.332271828261990199E-13, 0.0000000000000000000, -2.972148749660567565E-13 ) ) ;
#908 = ORIENTED_EDGE ( 'NONE', *, *, #957, .F. ) ;
#909 = LINE ( 'NONE', #629, #3112 ) ;
#910 = UNCERTAINTY_MEASURE_WITH_UNIT (LENGTH_MEASURE( 1.000000000000000082E-05 ), #1108, 'distance_accuracy_value', 'NONE');
#911 = DIRECTION ( 'NONE',  ( 0.0000000000000000000, -1.000000000000000000, 2.220446049250310123E-16 ) ) ;
#912 = ORIENTED_EDGE ( 'NONE', *, *, #2097, .F. ) ;
#913 = LINE ( 'NONE', #1105, #988 ) ;
#914 = ORIENTED_EDGE ( 'NONE', *, *, #3230, .T. ) ;
#915 = DIRECTION ( 'NONE',  ( 0.0000000000000000000, -2.220446049250310123E-16, -1.000000000000000000 ) ) ;
#916 = VERTEX_POINT ( 'NONE', #1057 ) ;
#917 = PLANE ( 'NONE',  #3325 ) ;
#918 = AXIS2_PLACEMENT_3D ( 'NONE', #2671, #3470, #1573 ) ;
#919 = CARTESIAN_POINT ( 'NONE',  ( -1.300000000000000266, 1.998401444324606606E-16, 0.8999999999997002620 ) ) ;
#920 = ORIENTED_EDGE ( 'NONE', *, *, #3236, .F. ) ;
#921 = CARTESIAN_POINT ( 'NONE',  ( 0.0000000000000000000, 0.0000000000000000000, 0.0000000000000000000 ) ) ;
#922 = AXIS2_PLACEMENT_3D ( 'NONE', #2881, #1236, #2578 ) ;
#923 = LINE ( 'NONE', #69, #1380 ) ;
#924 = ORIENTED_EDGE ( 'NONE', *, *, #1393, .T. ) ;
#925 = DIRECTION ( 'NONE',  ( -0.0000000000000000000, 1.000000000000000000, 0.0000000000000000000 ) ) ;
#926 = EDGE_CURVE ( 'NONE', #681, #566, #2122, .T. ) ;
#927 = CARTESIAN_POINT ( 'NONE',  ( -4.332740228258760522E-13, 0.7399999999506692294, -2.998174879522116663E-13 ) ) ;
#928 = ORIENTED_EDGE ( 'NONE', *, *, #1235, .T. ) ;
#929 = LINE ( 'NONE', #1800, #3395 ) ;
#930 = EDGE_LOOP ( 'NONE', ( #2475, #146, #690, #686 ) ) ;
#931 = AXIS2_PLACEMENT_3D ( 'NONE', #2769, #616, #3301 ) ;
#932 = DIRECTION ( 'NONE',  ( 0.0000000000000000000, -1.000000000000000000, 2.220446049250310123E-16 ) ) ;
#933 = VERTEX_POINT ( 'NONE', #2140 ) ;
#934 = CARTESIAN_POINT ( 'NONE',  ( 0.3999999999996000088, -4.440892098507300295E-17, -0.4000000000003000045 ) ) ;
#935 = VECTOR ( 'NONE', #677, 1000.000000000000000 ) ;
#936 = LINE ( 'NONE', #181, #1831 ) ;
#937 = VERTEX_POINT ( 'NONE', #803 ) ;
#938 = CIRCLE ( 'NONE', #2106, 1.000000000000000000 ) ;
#939 = FILL_AREA_STYLE ('',( #3289 ) ) ;
#940 = DIRECTION ( 'NONE',  ( -0.0000000000000000000, -0.0000000000000000000, 1.000000000000000000 ) ) ;
#941 = EDGE_CURVE ( 'NONE', #1821, #197, #366, .T. ) ;
#942 = EDGE_LOOP ( 'NONE', ( #3314, #3191, #446, #1436 ) ) ;
#943 = AXIS2_PLACEMENT_3D ( 'NONE', #669, #3381, #177 ) ;
#944 = CYLINDRICAL_SURFACE ( 'NONE', #1495, 0.8649999999999999911 ) ;
#945 = VECTOR ( 'NONE', #1517, 1000.000000000000000 ) ;
#946 = AXIS2_PLACEMENT_3D ( 'NONE', #1195, #3058, #86 ) ;
#947 = CARTESIAN_POINT ( 'NONE',  ( -1.149999999999999911, -4.996003610819929594E-17, -0.2250000000003000433 ) ) ;
#948 = EDGE_CURVE ( 'NONE', #2144, #2537, #2181, .T. ) ;
#949 = ORIENTED_EDGE ( 'NONE', *, *, #2158, .T. ) ;
#950 = CARTESIAN_POINT ( 'NONE',  ( -4.332896328262529931E-13, 1.030000000000000027, -0.2500000000003002043 ) ) ;
#951 = ORIENTED_EDGE ( 'NONE', *, *, #3442, .F. ) ;
#952 = CARTESIAN_POINT ( 'NONE',  ( 0.5790176887091703639, 1.220000001082300223, 1.005127970697311746 ) ) ;
#953 = ORIENTED_EDGE ( 'NONE', *, *, #445, .T. ) ;
#954 = CARTESIAN_POINT ( 'NONE',  ( -1.149999999999999911, -4.996003610819869814E-17, -0.2250000000002999878 ) ) ;
#955 = ORIENTED_EDGE ( 'NONE', *, *, #3201, .T. ) ;
#956 = CARTESIAN_POINT ( 'NONE',  ( -0.3000000000004000023, 2.886579864025410062E-16, 1.300000000000000266 ) ) ;
#957 = EDGE_CURVE ( 'NONE', #3167, #434, #2449, .T. ) ;
#958 = DIRECTION ( 'NONE',  ( 0.0000000000000000000, -2.220446049250310123E-16, -1.000000000000000000 ) ) ;
#959 = EDGE_LOOP ( 'NONE', ( #699, #286, #2180, #1198 ) ) ;
#960 = DIRECTION ( 'NONE',  ( 0.0000000000000000000, -2.213057180109501366E-16, -1.000000000000000000 ) ) ;
#961 = ADVANCED_FACE ( 'NONE', ( #2513 ), #2162, .T. ) ;
#962 = EDGE_LOOP ( 'NONE', ( #1771, #2138, #1787, #3002 ) ) ;
#963 = CARTESIAN_POINT ( 'NONE',  ( 1.002573666698345578, 1.266862916443965315, -0.5834293128317481480 ) ) ;
#964 = ORIENTED_EDGE ( 'NONE', *, *, #1421, .F. ) ;
#965 = FACE_OUTER_BOUND ( 'NONE', #1837, .T. ) ;
#966 = EDGE_CURVE ( 'NONE', #224, #2316, #1384, .T. ) ;
#967 = DIRECTION ( 'NONE',  ( 0.0000000000000000000, 2.220446049250310123E-16, 1.000000000000000000 ) ) ;
#968 = ORIENTED_EDGE ( 'NONE', *, *, #273, .F. ) ;
#969 = DIRECTION ( 'NONE',  ( 0.0000000000000000000, -1.000000000000000000, -0.0000000000000000000 ) ) ;
#970 = ORIENTED_EDGE ( 'NONE', *, *, #3000, .T. ) ;
#971 = VECTOR ( 'NONE', #783, 1000.000000000000000 ) ;
#972 = CARTESIAN_POINT ( 'NONE',  ( -4.332611628267369764E-13, 0.5300000000261206878, -1.000000000033196557 ) ) ;
#973 = UNCERTAINTY_MEASURE_WITH_UNIT (LENGTH_MEASURE( 1.000000000000000082E-05 ), #862, 'distance_accuracy_value', 'NONE');
#974 = VECTOR ( 'NONE', #2157, 1000.000000000000000 ) ;
#975 = CARTESIAN_POINT ( 'NONE',  ( -0.4000000000003999800, 0.1200000000000000094, 0.5199999999998500266 ) ) ;
#976 = DIRECTION ( 'NONE',  ( 0.0000000000000000000, 2.226486605382435661E-16, 1.000000000000000000 ) ) ;
#977 = ADVANCED_FACE ( 'NONE', ( #1700 ), #75, .F. ) ;
#978 = VERTEX_POINT ( 'NONE', #844 ) ;
#979 = LINE ( 'NONE', #2045, #3224 ) ;
#980 = ORIENTED_EDGE ( 'NONE', *, *, #2269, .T. ) ;
#981 = CARTESIAN_POINT ( 'NONE',  ( -1.300000000000000266, 1.998401444324606606E-16, 0.8999999999997002620 ) ) ;
#982 = EDGE_CURVE ( 'NONE', #2579, #1852, #370, .T. ) ;
#983 = ORIENTED_EDGE ( 'NONE', *, *, #3212, .F. ) ;
#984 = SURFACE_STYLE_FILL_AREA ( #1788 ) ;
#985 = FACE_OUTER_BOUND ( 'NONE', #2047, .T. ) ;
#986 = ADVANCED_FACE ( 'NONE', ( #1124 ), #3051, .T. ) ;
#987 = ORIENTED_EDGE ( 'NONE', *, *, #2616, .T. ) ;
#988 = VECTOR ( 'NONE', #1981, 1000.000000000000114 ) ;
#989 = DIRECTION ( 'NONE',  ( -1.000000000000000000, 0.0000000000000000000, 0.0000000000000000000 ) ) ;
#990 = EDGE_LOOP ( 'NONE', ( #3466, #2508, #2052, #2711 ) ) ;
#991 = CARTESIAN_POINT ( 'NONE',  ( 1.149999999999999911, 0.1200000000000000094, -3.001338066965790108E-13 ) ) ;
#992 = MECHANICAL_DESIGN_GEOMETRIC_PRESENTATION_REPRESENTATION (  '', ( #546 ), #3232 ) ;
#993 = VECTOR ( 'NONE', #3390, 1000.000000000000000 ) ;
#994 = CARTESIAN_POINT ( 'NONE',  ( -0.01000000000037727134, 1.276965254483187984, 0.9768269864370074940 ) ) ;
#995 = AXIS2_PLACEMENT_3D ( 'NONE', #561, #1698, #2484 ) ;
#996 = VECTOR ( 'NONE', #1096, 1000.000000000000000 ) ;
#997 = CARTESIAN_POINT ( 'NONE',  ( 0.2999999999995999755, -1.110223024625820170E-16, -0.5000000000002999823 ) ) ;
#998 = ORIENTED_EDGE ( 'NONE', *, *, #2841, .F. ) ;
#999 = DIRECTION ( 'NONE',  ( 0.0000000000000000000, 1.000000000000000000, -2.220446049250310123E-16 ) ) ;
#1000 = ORIENTED_EDGE ( 'NONE', *, *, #76, .F. ) ;
#1001 = CARTESIAN_POINT ( 'NONE',  ( -4.330388240772210263E-13, 1.266862916443965092, -0.9999999993833570411 ) ) ;
#1002 = EDGE_LOOP ( 'NONE', ( #1104, #1033, #1245, #3067 ) ) ;
#1003 = DIRECTION ( 'NONE',  ( 0.0000000000000000000, 0.0000000000000000000, -1.000000000000000000 ) ) ;
#1004 = EDGE_CURVE ( 'NONE', #2792, #11, #2712, .T. ) ;
#1005 = DIRECTION ( 'NONE',  ( 1.000000000000000000, 0.0000000000000000000, 0.0000000000000000000 ) ) ;
#1006 = VERTEX_POINT ( 'NONE', #1967 ) ;
#1007 = EDGE_CURVE ( 'NONE', #1456, #1196, #2501, .T. ) ;
#1008 = CARTESIAN_POINT ( 'NONE',  ( -4.110013678281029140E-13, 1.030000000000088844, -0.05000000000029468372 ) ) ;
#1009 = ORIENTED_EDGE ( 'NONE', *, *, #3276, .T. ) ;
#1010 = CYLINDRICAL_SURFACE ( 'NONE', #655, 0.8900000000000000133 ) ;
#1011 = EDGE_CURVE ( 'NONE', #2805, #770, #364, .T. ) ;
#1012 = LINE ( 'NONE', #2859, #3240 ) ;
#1013 = DIRECTION ( 'NONE',  ( 1.000000000000000000, -0.0000000000000000000, 0.0000000000000000000 ) ) ;
#1014 = FACE_OUTER_BOUND ( 'NONE', #2901, .T. ) ;
#1015 = CARTESIAN_POINT ( 'NONE',  ( 1.300000000000000044, 2.886579864025410062E-16, 1.300000000000000266 ) ) ;
#1016 = EDGE_LOOP ( 'NONE', ( #2800, #3284, #2416, #721 ) ) ;
#1017 = CARTESIAN_POINT ( 'NONE',  ( -0.8352245200004000392, -4.996003610819869814E-17, -0.2250000000002999878 ) ) ;
#1018 = ORIENTED_EDGE ( 'NONE', *, *, #356, .T. ) ;
#1019 = DIRECTION ( 'NONE',  ( 1.000000000000000000, 0.0000000000000000000, 0.0000000000000000000 ) ) ;
#1020 = CARTESIAN_POINT ( 'NONE',  ( -0.8352245207131370197, 0.1199999999999998984, -0.2250000000008247902 ) ) ;
#1021 = LINE ( 'NONE', #493, #1775 ) ;
#1022 = ORIENTED_EDGE ( 'NONE', *, *, #2291, .T. ) ;
#1023 = EDGE_CURVE ( 'NONE', #3288, #1183, #701, .T. ) ;
#1024 = DIRECTION ( 'NONE',  ( 1.000000000000000000, -0.0000000000000000000, 0.0000000000000000000 ) ) ;
#1025 = PLANE ( 'NONE',  #2384 ) ;
#1026 = DIRECTION ( 'NONE',  ( 0.0000000000000000000, 2.220446049250310123E-16, 1.000000000000000000 ) ) ;
#1027 = AXIS2_PLACEMENT_3D ( 'NONE', #2383, #2966, #3231 ) ;
#1028 = DIRECTION ( 'NONE',  ( 0.0000000000000000000, -2.220446049250310123E-16, -1.000000000000000000 ) ) ;
#1029 = EDGE_CURVE ( 'NONE', #566, #1006, #1547, .T. ) ;
#1030 = ORIENTED_EDGE ( 'NONE', *, *, #2577, .F. ) ;
#1031 = CARTESIAN_POINT ( 'NONE',  ( 0.009999999999514373045, 1.276965254493728663, 0.9768269864366974087 ) ) ;
#1032 = AXIS2_PLACEMENT_3D ( 'NONE', #3029, #848, #650 ) ;
#1033 = ORIENTED_EDGE ( 'NONE', *, *, #3236, .T. ) ;
#1034 = CARTESIAN_POINT ( 'NONE',  ( 1.149999999999999911, 0.1200000000000002037, 0.8999999999997000399 ) ) ;
#1035 = AXIS2_PLACEMENT_3D ( 'NONE', #1526, #469, #1280 ) ;
#1036 = ORIENTED_EDGE ( 'NONE', *, *, #445, .F. ) ;
#1037 = CARTESIAN_POINT ( 'NONE',  ( 4.995668050240820168E-10, 0.01000000008843926480, -2.999706039119753413E-13 ) ) ;
#1038 = CARTESIAN_POINT ( 'NONE',  ( -0.8352245207160391427, 0.01000000000000005919, 0.2249999999997000233 ) ) ;
#1039 = DIRECTION ( 'NONE',  ( 1.110223024625151857E-16, -1.000000000000000000, 1.110223024625151857E-16 ) ) ;
#1040 = VERTEX_POINT ( 'NONE', #2246 ) ;
#1041 = ORIENTED_EDGE ( 'NONE', *, *, #2789, .F. ) ;
#1042 = FACE_OUTER_BOUND ( 'NONE', #1794, .T. ) ;
#1043 = EDGE_CURVE ( 'NONE', #3028, #3399, #1652, .T. ) ;
#1044 = CARTESIAN_POINT ( 'NONE',  ( 1.149999999999999911, 0.1199999999999998013, -0.9000000000003000045 ) ) ;
#1045 = CARTESIAN_POINT ( 'NONE',  ( 1.300000000000000266, -2.886579864025410062E-16, -1.300000000000000266 ) ) ;
#1046 = ORIENTED_EDGE ( 'NONE', *, *, #3472, .T. ) ;
#1047 = AXIS2_PLACEMENT_3D ( 'NONE', #3334, #651, #2220 ) ;
#1048 = CARTESIAN_POINT ( 'NONE',  ( 0.009999999999514373045, 1.269973505118603629, 0.9824202904657221014 ) ) ;
#1049 = VECTOR ( 'NONE', #2060, 1000.000000000000000 ) ;
#1050 = EDGE_CURVE ( 'NONE', #3365, #3204, #913, .T. ) ;
#1051 = VECTOR ( 'NONE', #511, 1000.000000000000114 ) ;
#1052 = CARTESIAN_POINT ( 'NONE',  ( 0.3999999999996000088, 0.01000000000000010082, 0.3999999999996999844 ) ) ;
#1053 = VECTOR ( 'NONE', #1823, 1000.000000000000000 ) ;
#1054 = ORIENTED_EDGE ( 'NONE', *, *, #3398, .F. ) ;
#1055 = FACE_OUTER_BOUND ( 'NONE', #1509, .T. ) ;
#1056 = ORIENTED_EDGE ( 'NONE', *, *, #2642, .T. ) ;
#1057 = CARTESIAN_POINT ( 'NONE',  ( 0.2999999999995999200, 0.1199999999999999956, -1.300000000000000266 ) ) ;
#1058 = VECTOR ( 'NONE', #157, 1000.000000000000000 ) ;
#1059 = VECTOR ( 'NONE', #3089, 1000.000000000000000 ) ;
#1060 = PLANE ( 'NONE',  #90 ) ;
#1061 =( GEOMETRIC_REPRESENTATION_CONTEXT ( 3 ) GLOBAL_UNCERTAINTY_ASSIGNED_CONTEXT ( ( #2268 ) ) GLOBAL_UNIT_ASSIGNED_CONTEXT ( ( #1412, #1961, #375 ) ) REPRESENTATION_CONTEXT ( 'NONE', 'WORKASPACE' ) );
#1062 = FACE_OUTER_BOUND ( 'NONE', #3453, .T. ) ;
#1063 = ORIENTED_EDGE ( 'NONE', *, *, #1077, .F. ) ;
#1064 = CARTESIAN_POINT ( 'NONE',  ( -0.01000000001815650949, 1.300000000000010036, -2.103384973689999882 ) ) ;
#1065 = ORIENTED_EDGE ( 'NONE', *, *, #2577, .T. ) ;
#1066 = CARTESIAN_POINT ( 'NONE',  ( -1.149999999999999911, 0.1199999999999999400, -0.9000000000003000045 ) ) ;
#1067 = CARTESIAN_POINT ( 'NONE',  ( -0.4465415763834405527, 1.300000000000010925, 0.8055600773911854029 ) ) ;
#1068 = FACE_OUTER_BOUND ( 'NONE', #2619, .T. ) ;
#1069 = CARTESIAN_POINT ( 'NONE',  ( -0.5408032939756654001, 1.299999999828630015, -0.9199999984876566783 ) ) ;
#1070 = EDGE_CURVE ( 'NONE', #3424, #368, #1713, .T. ) ;
#1071 = CARTESIAN_POINT ( 'NONE',  ( 0.3999999999996000088, 0.1200000000000000233, 0.3999999999996999844 ) ) ;
#1072 = ORIENTED_EDGE ( 'NONE', *, *, #1656, .T. ) ;
#1073 = DIRECTION ( 'NONE',  ( 0.0000000000000000000, -2.220446049250310123E-16, -1.000000000000000000 ) ) ;
#1074 = ORIENTED_EDGE ( 'NONE', *, *, #594, .F. ) ;
#1075 = DIRECTION ( 'NONE',  ( 0.0000000000000000000, -1.000000000000000000, 2.220446049250310123E-16 ) ) ;
#1076 = CARTESIAN_POINT ( 'NONE',  ( -0.3000000000004000023, 1.110223024624489953E-16, 0.4999999999997000177 ) ) ;
#1077 = EDGE_CURVE ( 'NONE', #3080, #2539, #760, .T. ) ;
#1078 = DIRECTION ( 'NONE',  ( 1.110223024625152103E-16, 1.000000000000000000, -1.110223024625152103E-16 ) ) ;
#1079 = CARTESIAN_POINT ( 'NONE',  ( -1.167612260354550013, 0.1200000000000000094, -3.001338066965790108E-13 ) ) ;
#1080 = CARTESIAN_POINT ( 'NONE',  ( -0.3000000000004000023, 0.009999999999999830205, -0.8069385320003000794 ) ) ;
#1081 = ORIENTED_EDGE ( 'NONE', *, *, #3280, .T. ) ;
#1082 = CARTESIAN_POINT ( 'NONE',  ( 0.009999999999514562130, 1.292580631826029336, 0.9547646288504066936 ) ) ;
#1083 = VECTOR ( 'NONE', #1437, 1000.000000000000000 ) ;
#1084 = DIRECTION ( 'NONE',  ( 0.0000000000000000000, -2.168404344971008868E-16, -1.000000000000000000 ) ) ;
#1085 = FACE_OUTER_BOUND ( 'NONE', #634, .T. ) ;
#1086 = ORIENTED_EDGE ( 'NONE', *, *, #2453, .F. ) ;
#1087 = LINE ( 'NONE', #1862, #974 ) ;
#1088 = AXIS2_PLACEMENT_3D ( 'NONE', #1649, #3304, #649 ) ;
#1089 = EDGE_CURVE ( 'NONE', #214, #1250, #2306, .T. ) ;
#1090 = DIRECTION ( 'NONE',  ( 1.000000000000000000, 0.0000000000000000000, 0.0000000000000000000 ) ) ;
#1091 = CARTESIAN_POINT ( 'NONE',  ( -4.332896328262529931E-13, 1.030000000000000027, -3.002342809051609756E-13 ) ) ;
#1092 = ORIENTED_EDGE ( 'NONE', *, *, #1561, .F. ) ;
#1093 = CARTESIAN_POINT ( 'NONE',  ( -4.332271828261990199E-13, 0.1200000000000001760, -2.972415203186477865E-13 ) ) ;
#1094 = DIRECTION ( 'NONE',  ( 0.0000000000000000000, 2.220446049250310123E-16, 1.000000000000000000 ) ) ;
#1095 = ORIENTED_EDGE ( 'NONE', *, *, #3342, .T. ) ;
#1096 = DIRECTION ( 'NONE',  ( -0.0000000000000000000, 1.000000000000000000, 0.0000000000000000000 ) ) ;
#1097 = CARTESIAN_POINT ( 'NONE',  ( -0.8972745230421388385, 1.300000000000010703, -0.2343827727482982737 ) ) ;
#1098 = CARTESIAN_POINT ( 'NONE',  ( -0.3000000000004000023, 0.1200000000000001205, 1.540000000000000036 ) ) ;
#1099 = DIRECTION ( 'NONE',  ( 7.105427357600983715E-15, -2.220446049250309876E-16, -1.000000000000000000 ) ) ;
#1100 = CARTESIAN_POINT ( 'NONE',  ( -0.8352245207144047834, 4.996003610766573015E-17, 0.2249999999976000364 ) ) ;
#1101 = AXIS2_PLACEMENT_3D ( 'NONE', #585, #392, #1919 ) ;
#1102 = VECTOR ( 'NONE', #1266, 1000.000000000000000 ) ;
#1103 = DIRECTION ( 'NONE',  ( 0.0000000000000000000, -2.168404344971008868E-16, -1.000000000000000000 ) ) ;
#1104 = ORIENTED_EDGE ( 'NONE', *, *, #3276, .F. ) ;
#1105 = CARTESIAN_POINT ( 'NONE',  ( 0.2999999999995999755, 0.1200000000000000649, 0.4999999999997000177 ) ) ;
#1106 = AXIS2_PLACEMENT_3D ( 'NONE', #3249, #915, #1984 ) ;
#1107 = CARTESIAN_POINT ( 'NONE',  ( -0.01000000000042989418, 1.228953563606870691, 0.9999499987221860398 ) ) ;
#1108 =( LENGTH_UNIT ( ) NAMED_UNIT ( * ) SI_UNIT ( .MILLI., .METRE. ) );
#1109 = ORIENTED_EDGE ( 'NONE', *, *, #226, .F. ) ;
#1110 = AXIS2_PLACEMENT_3D ( 'NONE', #3245, #3021, #2749 ) ;
#1111 = EDGE_CURVE ( 'NONE', #400, #933, #2526, .T. ) ;
#1112 = AXIS2_PLACEMENT_3D ( 'NONE', #867, #888, #3007 ) ;
#1113 = DIRECTION ( 'NONE',  ( -0.0000000000000000000, 2.220446049250310123E-16, 1.000000000000000000 ) ) ;
#1114 = CARTESIAN_POINT ( 'NONE',  ( 0.3999999999996000088, 1.110223024624489953E-16, 0.3999999999996999844 ) ) ;
#1115 = ORIENTED_EDGE ( 'NONE', *, *, #352, .F. ) ;
#1116 = CARTESIAN_POINT ( 'NONE',  ( 0.01000000001234983490, 1.299999999905994352, 0.9199456490348211224 ) ) ;
#1117 = DIRECTION ( 'NONE',  ( -0.7071067811865474617, 1.570092458683771715E-16, 0.7071067811865474617 ) ) ;
#1118 = DIRECTION ( 'NONE',  ( 0.0000000000000000000, 0.0000000000000000000, 1.000000000000000000 ) ) ;
#1119 = PLANE ( 'NONE',  #743 ) ;
#1120 = CARTESIAN_POINT ( 'NONE',  ( -0.5878296684304802344, 1.220000000393089756, -1.000000000106685549 ) ) ;
#1121 = EDGE_CURVE ( 'NONE', #2199, #3288, #2320, .T. ) ;
#1122 = CARTESIAN_POINT ( 'NONE',  ( -0.3000000000004000023, 0.1199999999999999678, -0.5000000000003000933 ) ) ;
#1123 = LINE ( 'NONE', #1420, #1448 ) ;
#1124 = FACE_OUTER_BOUND ( 'NONE', #1957, .T. ) ;
#1125 = FILL_AREA_STYLE ('',( #1636 ) ) ;
#1126 =( NAMED_UNIT ( * ) SI_UNIT ( $, .STERADIAN. ) SOLID_ANGLE_UNIT ( ) );
#1127 = ORIENTED_EDGE ( 'NONE', *, *, #397, .F. ) ;
#1128 = LINE ( 'NONE', #2566, #2212 ) ;
#1129 = CARTESIAN_POINT ( 'NONE',  ( -1.300000000000000266, -1.998401444325951861E-16, -0.9000000000003000045 ) ) ;
#1130 = LINE ( 'NONE', #604, #2450 ) ;
#1131 = EDGE_CURVE ( 'NONE', #2853, #695, #2849, .T. ) ;
#1132 = VERTEX_POINT ( 'NONE', #3378 ) ;
#1133 = LINE ( 'NONE', #1151, #710 ) ;
#1134 = CARTESIAN_POINT ( 'NONE',  ( -1.300000000000000266, 0.3600000000000004308, 0.9999999999999997780 ) ) ;
#1135 = ADVANCED_FACE ( 'NONE', ( #3349 ), #2576, .F. ) ;
#1136 = ORIENTED_EDGE ( 'NONE', *, *, #1417, .T. ) ;
#1137 = CARTESIAN_POINT ( 'NONE',  ( 4.995667725571750419E-10, 0.01000000000000000021, -2.999913954109835308E-13 ) ) ;
#1138 = PLANE ( 'NONE',  #313 ) ;
#1139 = CARTESIAN_POINT ( 'NONE',  ( 1.149999999999999911, 0.01000000000000020144, 0.8999999999997000399 ) ) ;
#1140 = EDGE_CURVE ( 'NONE', #2776, #2528, #2272, .T. ) ;
#1141 = DIRECTION ( 'NONE',  ( 0.0000000000000000000, -1.000000000000000000, 2.220446049250310123E-16 ) ) ;
#1142 = ORIENTED_EDGE ( 'NONE', *, *, #966, .T. ) ;
#1143 = DIRECTION ( 'NONE',  ( 3.552713678800519862E-15, -2.220446049250309876E-16, -1.000000000000000000 ) ) ;
#1144 = VECTOR ( 'NONE', #2127, 1000.000000000000114 ) ;
#1145 = CARTESIAN_POINT ( 'NONE',  ( 0.3999999999995999533, 0.009999999999999899594, -0.5000000000002999823 ) ) ;
#1146 = DIRECTION ( 'NONE',  ( -0.0000000000000000000, -0.0000000000000000000, -1.000000000000000000 ) ) ;
#1147 = CIRCLE ( 'NONE', #409, 0.8900000000000000133 ) ;
#1148 = ORIENTED_EDGE ( 'NONE', *, *, #1561, .T. ) ;
#1149 = DIRECTION ( 'NONE',  ( -1.000000000000000000, -0.0000000000000000000, -0.0000000000000000000 ) ) ;
#1150 = VERTEX_POINT ( 'NONE', #1220 ) ;
#1151 = CARTESIAN_POINT ( 'NONE',  ( 0.3999999999996001199, 8.881784196994510521E-17, 0.3999999999996998734 ) ) ;
#1152 = DIRECTION ( 'NONE',  ( 0.0000000000000000000, 2.226486605382435661E-16, 1.000000000000000000 ) ) ;
#1153 = DIRECTION ( 'NONE',  ( 0.0000000000000000000, -1.000000000000000000, 2.220446049250310123E-16 ) ) ;
#1154 = CARTESIAN_POINT ( 'NONE',  ( -0.8352245207131370197, -4.954397352444068022E-17, -0.2250000000008246515 ) ) ;
#1155 = ADVANCED_FACE ( 'NONE', ( #1747 ), #1947, .T. ) ;
#1156 = CARTESIAN_POINT ( 'NONE',  ( -0.01000000000042500226, 0.7399999999595413547, 0.9299462349958412810 ) ) ;
#1157 = ORIENTED_EDGE ( 'NONE', *, *, #113, .F. ) ;
#1158 = VECTOR ( 'NONE', #2620, 1000.000000000000000 ) ;
#1159 = ADVANCED_FACE ( 'NONE', ( #2814 ), #1506, .T. ) ;
#1160 = LINE ( 'NONE', #2713, #2056 ) ;
#1161 = VERTEX_POINT ( 'NONE', #691 ) ;
#1162 = ORIENTED_EDGE ( 'NONE', *, *, #334, .F. ) ;
#1163 = AXIS2_PLACEMENT_3D ( 'NONE', #2601, #735, #2071 ) ;
#1164 = EDGE_CURVE ( 'NONE', #2780, #2965, #2561, .T. ) ;
#1165 = CIRCLE ( 'NONE', #3174, 0.9300000000390988841 ) ;
#1166 = CARTESIAN_POINT ( 'NONE',  ( 0.8352245207124476822, 0.01000000000000010082, 0.2249999999995632438 ) ) ;
#1167 = ORIENTED_EDGE ( 'NONE', *, *, #1518, .F. ) ;
#1168 = AXIS2_PLACEMENT_3D ( 'NONE', #215, #2375, #485 ) ;
#1169 = CARTESIAN_POINT ( 'NONE',  ( -1.149999999999999911, 0.1199999999999999817, -0.2250000000002999601 ) ) ;
#1170 = ORIENTED_EDGE ( 'NONE', *, *, #1926, .T. ) ;
#1171 = CYLINDRICAL_SURFACE ( 'NONE', #1773, 1.000000000000000000 ) ;
#1172 = LINE ( 'NONE', #1650, #1333 ) ;
#1173 = EDGE_CURVE ( 'NONE', #2360, #2968, #666, .T. ) ;
#1174 = CARTESIAN_POINT ( 'NONE',  ( -4.332271828261990199E-13, 0.0000000000000000000, -2.997248749600736884E-13 ) ) ;
#1175 = ORIENTED_EDGE ( 'NONE', *, *, #226, .T. ) ;
#1176 = ORIENTED_EDGE ( 'NONE', *, *, #898, .T. ) ;
#1177 = DIRECTION ( 'NONE',  ( 0.0000000000000000000, 2.220446049250310123E-16, 1.000000000000000000 ) ) ;
#1178 = LINE ( 'NONE', #919, #663 ) ;
#1179 = EDGE_CURVE ( 'NONE', #3074, #1250, #929, .T. ) ;
#1180 = ORIENTED_EDGE ( 'NONE', *, *, #3137, .T. ) ;
#1181 =( NAMED_UNIT ( * ) PLANE_ANGLE_UNIT ( ) SI_UNIT ( $, .RADIAN. ) );
#1182 = DIRECTION ( 'NONE',  ( -0.0000000000000000000, -2.220446049250310123E-16, -1.000000000000000000 ) ) ;
#1183 = VERTEX_POINT ( 'NONE', #713 ) ;
#1184 = LINE ( 'NONE', #2254, #819 ) ;
#1185 = ORIENTED_EDGE ( 'NONE', *, *, #2886, .T. ) ;
#1186 = DIRECTION ( 'NONE',  ( -1.000000000000000000, 0.0000000000000000000, -0.0000000000000000000 ) ) ;
#1187 = ORIENTED_EDGE ( 'NONE', *, *, #1179, .F. ) ;
#1188 = ORIENTED_EDGE ( 'NONE', *, *, #2744, .F. ) ;
#1189 =( NAMED_UNIT ( * ) PLANE_ANGLE_UNIT ( ) SI_UNIT ( $, .RADIAN. ) );
#1190 = EDGE_CURVE ( 'NONE', #1132, #275, #1485, .T. ) ;
#1191 = AXIS2_PLACEMENT_3D ( 'NONE', #1639, #1582, #2404 ) ;
#1192 = CARTESIAN_POINT ( 'NONE',  ( -1.149999999999999911, 0.01000000000000010082, 0.2249999999996999955 ) ) ;
#1193 = EDGE_LOOP ( 'NONE', ( #1291, #794, #1520, #2843 ) ) ;
#1194 = PRESENTATION_LAYER_ASSIGNMENT (  '', '', ( #3048 ) ) ;
#1195 = CARTESIAN_POINT ( 'NONE',  ( -1.000000000000000000, 2.886579864025410062E-16, 1.300000000000000266 ) ) ;
#1196 = VERTEX_POINT ( 'NONE', #2029 ) ;
#1197 = CARTESIAN_POINT ( 'NONE',  ( -0.4000000000003999800, -1.110223024625820170E-16, -0.4000000000003000045 ) ) ;
#1198 = ORIENTED_EDGE ( 'NONE', *, *, #273, .T. ) ;
#1199 = DIRECTION ( 'NONE',  ( -0.0000000000000000000, -1.000000000000000000, 0.0000000000000000000 ) ) ;
#1200 = ORIENTED_EDGE ( 'NONE', *, *, #667, .F. ) ;
#1201 = CARTESIAN_POINT ( 'NONE',  ( 0.9974070200286226928, 1.266862916443965759, 0.5922186732407292986 ) ) ;
#1202 = ORIENTED_EDGE ( 'NONE', *, *, #1111, .T. ) ;
#1203 = CARTESIAN_POINT ( 'NONE',  ( 0.2999999999995999755, 0.01000000000000010082, 0.4999999999997000177 ) ) ;
#1204 = CIRCLE ( 'NONE', #187, 0.8649999999999999911 ) ;
#1205 = CARTESIAN_POINT ( 'NONE',  ( -0.3000000000004000023, 0.009999999999999667141, -1.540000000000000036 ) ) ;
#1206 = ORIENTED_EDGE ( 'NONE', *, *, #514, .F. ) ;
#1207 = VECTOR ( 'NONE', #2315, 1000.000000000000000 ) ;
#1208 = VECTOR ( 'NONE', #2210, 1000.000000000000000 ) ;
#1209 = EDGE_CURVE ( 'NONE', #2560, #1150, #2323, .T. ) ;
#1210 = VECTOR ( 'NONE', #3100, 1000.000000000000000 ) ;
#1211 = VECTOR ( 'NONE', #2290, 1000.000000000000000 ) ;
#1212 = DIRECTION ( 'NONE',  ( 0.0000000000000000000, 1.000000000000000000, -2.220446049250310123E-16 ) ) ;
#1213 = ORIENTED_EDGE ( 'NONE', *, *, #2123, .F. ) ;
#1214 = AXIS2_PLACEMENT_3D ( 'NONE', #1594, #1290, #1330 ) ;
#1215 = DIRECTION ( 'NONE',  ( 0.0000000000000000000, 1.000000000000000000, -2.220446049250310123E-16 ) ) ;
#1216 = CARTESIAN_POINT ( 'NONE',  ( 1.007158957304896035E-09, 1.299999999914320137, -0.9199999989612785978 ) ) ;
#1217 = CARTESIAN_POINT ( 'NONE',  ( 1.149999999999999911, 0.009999999999999804184, -0.9000000000002998934 ) ) ;
#1218 = EDGE_CURVE ( 'NONE', #797, #2537, #979, .T. ) ;
#1219 = ORIENTED_EDGE ( 'NONE', *, *, #536, .T. ) ;
#1220 = CARTESIAN_POINT ( 'NONE',  ( 0.8352245207126097748, 0.01000000000000000194, -0.2249999999995604127 ) ) ;
#1221 = EDGE_LOOP ( 'NONE', ( #2768, #1444, #269, #1259 ) ) ;
#1222 = CARTESIAN_POINT ( 'NONE',  ( -4.330379770442738730E-13, 1.220000001082299335, -0.9999999997870869795 ) ) ;
#1223 = ORIENTED_EDGE ( 'NONE', *, *, #2760, .T. ) ;
#1224 = DIRECTION ( 'NONE',  ( 0.0000000000000000000, 0.0000000000000000000, -1.000000000000000000 ) ) ;
#1225 = CARTESIAN_POINT ( 'NONE',  ( -4.332590228257060364E-13, 0.3599999999999997646, -3.001366109955567133E-13 ) ) ;
#1226 = VERTEX_POINT ( 'NONE', #2863 ) ;
#1227 = EDGE_CURVE ( 'NONE', #3250, #2896, #1538, .T. ) ;
#1228 = DIRECTION ( 'NONE',  ( -0.0000000000000000000, -1.000000000000000000, 2.220446049250310123E-16 ) ) ;
#1229 = ORIENTED_EDGE ( 'NONE', *, *, #2350, .F. ) ;
#1230 = EDGE_CURVE ( 'NONE', #2773, #681, #1204, .T. ) ;
#1231 = DIRECTION ( 'NONE',  ( 0.0000000000000000000, -1.000000000000000000, 2.220446049250310123E-16 ) ) ;
#1232 = DIRECTION ( 'NONE',  ( -0.0000000000000000000, -1.000000000000000000, 2.220446049250310123E-16 ) ) ;
#1233 = EDGE_LOOP ( 'NONE', ( #1353, #3370, #2218, #1056 ) ) ;
#1234 = DIRECTION ( 'NONE',  ( 1.000000000000000000, 0.0000000000000000000, 0.0000000000000000000 ) ) ;
#1235 = EDGE_CURVE ( 'NONE', #1396, #2813, #1306, .T. ) ;
#1236 = DIRECTION ( 'NONE',  ( 0.0000000000000000000, -1.000000000000000000, 2.220446049250310123E-16 ) ) ;
#1237 = ORIENTED_EDGE ( 'NONE', *, *, #1995, .F. ) ;
#1238 = CARTESIAN_POINT ( 'NONE',  ( 1.300000000000000044, 2.900186601290097916E-16, 1.300000000000000266 ) ) ;
#1239 = ORIENTED_EDGE ( 'NONE', *, *, #3357, .T. ) ;
#1240 = CARTESIAN_POINT ( 'NONE',  ( 0.2999999999995999755, 0.009999999999999667141, -1.540000000000000258 ) ) ;
#1241 = FACE_OUTER_BOUND ( 'NONE', #2500, .T. ) ;
#1242 = VERTEX_POINT ( 'NONE', #2357 ) ;
#1243 = CLOSED_SHELL ( 'NONE', ( #906, #1155, #2535, #2971 ) ) ;
#1244 = LINE ( 'NONE', #2088, #427 ) ;
#1245 = ORIENTED_EDGE ( 'NONE', *, *, #1140, .T. ) ;
#1246 = VECTOR ( 'NONE', #268, 1000.000000000000000 ) ;
#1247 = CARTESIAN_POINT ( 'NONE',  ( -0.4000000000003999800, 0.1200000000000000233, 0.3999999999996999844 ) ) ;
#1248 = STYLED_ITEM ( 'NONE', ( #147 ), #705 ) ;
#1249 = PLANE ( 'NONE',  #1899 ) ;
#1250 = VERTEX_POINT ( 'NONE', #2154 ) ;
#1251 = DIRECTION ( 'NONE',  ( 7.118114945499180984E-17, -0.8137334714299750971, 0.5812381934065601330 ) ) ;
#1252 = EDGE_CURVE ( 'NONE', #3162, #555, #481, .T. ) ;
#1253 = FACE_OUTER_BOUND ( 'NONE', #3341, .T. ) ;
#1254 = ORIENTED_EDGE ( 'NONE', *, *, #2857, .F. ) ;
#1255 = CARTESIAN_POINT ( 'NONE',  ( 0.9199911147060124694, 1.299999999828629793, 0.004043105793425275096 ) ) ;
#1256 = VERTEX_POINT ( 'NONE', #1574 ) ;
#1257 = DIRECTION ( 'NONE',  ( 0.7071067811865474617, -0.0000000000000000000, 0.7071067811865474617 ) ) ;
#1258 = DIRECTION ( 'NONE',  ( 0.0000000000000000000, 1.000000000000000000, -2.220446049250310123E-16 ) ) ;
#1259 = ORIENTED_EDGE ( 'NONE', *, *, #1344, .F. ) ;
#1260 = EDGE_CURVE ( 'NONE', #3072, #2161, #3483, .T. ) ;
#1261 = AXIS2_PLACEMENT_3D ( 'NONE', #1521, #999, #730 ) ;
#1262 = VECTOR ( 'NONE', #1228, 1000.000000000000000 ) ;
#1263 = CIRCLE ( 'NONE', #3229, 0.8649999999999999911 ) ;
#1264 = LINE ( 'NONE', #1513, #1262 ) ;
#1265 = ORIENTED_EDGE ( 'NONE', *, *, #3006, .T. ) ;
#1266 = DIRECTION ( 'NONE',  ( 0.0000000000000000000, 1.000000000000000000, -2.220446049250310123E-16 ) ) ;
#1267 = CIRCLE ( 'NONE', #3015, 1.000000000000000000 ) ;
#1268 = VECTOR ( 'NONE', #564, 1000.000000000000000 ) ;
#1269 = DIRECTION ( 'NONE',  ( -0.7071067811865474617, -1.916616770854216563E-16, -0.7071067811865474617 ) ) ;
#1270 = PRODUCT ( 'AC0D96BE-0087-4C5B-A628-5C3E98847A68', 'AC0D96BE-0087-4C5B-A628-5C3E98847A68', '', ( #3043 ) ) ;
#1271 = VECTOR ( 'NONE', #3412, 999.9999999999998863 ) ;
#1272 = CARTESIAN_POINT ( 'NONE',  ( -1.149999999999999911, 0.009999999999999951636, -0.2250000000003000433 ) ) ;
#1273 = ORIENTED_EDGE ( 'NONE', *, *, #28, .F. ) ;
#1274 = PRESENTATION_LAYER_ASSIGNMENT (  '', '', ( #2955 ) ) ;
#1275 = CIRCLE ( 'NONE', #1724, 1.000000000000000000 ) ;
#1276 = PLANE ( 'NONE',  #1589 ) ;
#1277 = EDGE_CURVE ( 'NONE', #1508, #1540, #746, .T. ) ;
#1278 = CARTESIAN_POINT ( 'NONE',  ( -1.300000000000000266, -2.886579864025410062E-16, -1.300000000000000266 ) ) ;
#1279 = VERTEX_POINT ( 'NONE', #2902 ) ;
#1280 = DIRECTION ( 'NONE',  ( 0.0000000000000000000, 2.168404345022935144E-16, 1.000000000000000000 ) ) ;
#1281 = CARTESIAN_POINT ( 'NONE',  ( -4.109768748922504307E-13, 1.030000000000000027, -0.2500000000002967626 ) ) ;
#1282 = EDGE_LOOP ( 'NONE', ( #2833, #102, #953, #1936 ) ) ;
#1283 = EDGE_CURVE ( 'NONE', #615, #1196, #3, .T. ) ;
#1284 = CARTESIAN_POINT ( 'NONE',  ( -0.4000000000003999800, 0.1200000000000000233, 0.3999999999996999844 ) ) ;
#1285 = ORIENTED_EDGE ( 'NONE', *, *, #3230, .F. ) ;
#1286 = DIRECTION ( 'NONE',  ( -0.0000000000000000000, -0.0000000000000000000, 1.000000000000000000 ) ) ;
#1287 = CARTESIAN_POINT ( 'NONE',  ( -0.3000000000004000023, 0.1200000000000000372, 1.300000000000000266 ) ) ;
#1288 = ORIENTED_EDGE ( 'NONE', *, *, #73, .F. ) ;
#1289 = VERTEX_POINT ( 'NONE', #520 ) ;
#1290 = DIRECTION ( 'NONE',  ( 0.0000000000000000000, 1.000000000000000000, -2.220446049250310123E-16 ) ) ;
#1291 = ORIENTED_EDGE ( 'NONE', *, *, #2118, .F. ) ;
#1292 = FACE_OUTER_BOUND ( 'NONE', #1221, .T. ) ;
#1293 = CARTESIAN_POINT ( 'NONE',  ( 1.300000000000000266, 0.3599999999999999867, -1.300000000000000266 ) ) ;
#1294 = ORIENTED_EDGE ( 'NONE', *, *, #2906, .T. ) ;
#1295 = ADVANCED_FACE ( 'NONE', ( #1591 ), #2409, .T. ) ;
#1296 = LINE ( 'NONE', #3441, #1144 ) ;
#1297 = PLANE ( 'NONE',  #1715 ) ;
#1298 = ORIENTED_EDGE ( 'NONE', *, *, #1469, .T. ) ;
#1299 = DIRECTION ( 'NONE',  ( 0.0000000000000000000, -1.000000000000000000, 2.220446049250310123E-16 ) ) ;
#1300 = EDGE_CURVE ( 'NONE', #916, #1132, #2652, .T. ) ;
#1301 = VECTOR ( 'NONE', #13, 1000.000000000000000 ) ;
#1302 = LINE ( 'NONE', #429, #1392 ) ;
#1303 = COLOUR_RGB ( '',0.9529411764705881804, 0.8980392156862745390, 0.6549019607843137303 ) ;
#1304 = CARTESIAN_POINT ( 'NONE',  ( 0.7000945187389706614, 1.300000000000010703, 0.6002636313447338168 ) ) ;
#1305 = ORIENTED_EDGE ( 'NONE', *, *, #1839, .T. ) ;
#1306 = LINE ( 'NONE', #1838, #2166 ) ;
#1307 = CIRCLE ( 'NONE', #1757, 0.09999999984918719886 ) ;
#1308 = CARTESIAN_POINT ( 'NONE',  ( -4.333061728278609828E-13, 1.300000000000009592, -0.8900000000003004397 ) ) ;
#1309 = ORIENTED_EDGE ( 'NONE', *, *, #941, .T. ) ;
#1310 = PLANE ( 'NONE',  #2770 ) ;
#1311 = DIRECTION ( 'NONE',  ( -1.000000000000000000, -0.0000000000000000000, -0.0000000000000000000 ) ) ;
#1312 = DIRECTION ( 'NONE',  ( -1.000000000000000000, 0.0000000000000000000, 0.0000000000000000000 ) ) ;
#1313 = ORIENTED_EDGE ( 'NONE', *, *, #1227, .T. ) ;
#1314 = FACE_OUTER_BOUND ( 'NONE', #2796, .T. ) ;
#1315 = FACE_OUTER_BOUND ( 'NONE', #959, .T. ) ;
#1316 = ADVANCED_FACE ( 'NONE', ( #2394 ), #1510, .T. ) ;
#1317 = ORIENTED_EDGE ( 'NONE', *, *, #3300, .T. ) ;
#1318 = CARTESIAN_POINT ( 'NONE',  ( -4.342263828270610250E-13, 0.0000000000000000000, -3.001912749581977281E-13 ) ) ;
#1319 = VECTOR ( 'NONE', #124, 1000.000000000000000 ) ;
#1320 = DIRECTION ( 'NONE',  ( 0.0000000000000000000, -2.436409376371920126E-16, -1.000000000000000000 ) ) ;
#1321 = ADVANCED_FACE ( 'NONE', ( #1419 ), #1138, .F. ) ;
#1322 = ORIENTED_EDGE ( 'NONE', *, *, #3261, .T. ) ;
#1323 = AXIS2_PLACEMENT_3D ( 'NONE', #2948, #1851, #2435 ) ;
#1324 = AXIS2_PLACEMENT_3D ( 'NONE', #613, #2194, #3259 ) ;
#1325 = AXIS2_PLACEMENT_3D ( 'NONE', #2658, #2402, #2380 ) ;
#1326 = DIRECTION ( 'NONE',  ( -0.7071067811865475727, 1.570092458683768511E-16, 0.7071067811865475727 ) ) ;
#1327 = VECTOR ( 'NONE', #3171, 1000.000000000000000 ) ;
#1328 = ADVANCED_FACE ( 'NONE', ( #3036 ), #573, .F. ) ;
#1329 = ORIENTED_EDGE ( 'NONE', *, *, #2821, .T. ) ;
#1330 = DIRECTION ( 'NONE',  ( 0.0000000000000000000, 2.220446049250310123E-16, 1.000000000000000000 ) ) ;
#1331 = EDGE_LOOP ( 'NONE', ( #291, #1917, #1790, #1092 ) ) ;
#1332 = DIRECTION ( 'NONE',  ( 0.0000000000000000000, -1.000000000000000000, 2.220446049250310123E-16 ) ) ;
#1333 = VECTOR ( 'NONE', #2244, 1000.000000000000000 ) ;
#1334 = DIRECTION ( 'NONE',  ( 0.0000000000000000000, 1.000000000000000000, -2.220446049250310123E-16 ) ) ;
#1335 = DIRECTION ( 'NONE',  ( 0.0000000000000000000, 0.0000000000000000000, -1.000000000000000000 ) ) ;
#1336 = ORIENTED_EDGE ( 'NONE', *, *, #292, .T. ) ;
#1337 = PLANE ( 'NONE',  #2086 ) ;
#1338 = DIRECTION ( 'NONE',  ( -0.0000000000000000000, 1.000000000000000000, -2.220446049250310123E-16 ) ) ;
#1339 = ORIENTED_EDGE ( 'NONE', *, *, #24, .T. ) ;
#1340 = CARTESIAN_POINT ( 'NONE',  ( 4.995667725571750419E-10, 0.01000000032200027734, 0.3499999998156000380 ) ) ;
#1341 = LINE ( 'NONE', #1358, #661 ) ;
#1342 = VERTEX_POINT ( 'NONE', #1154 ) ;
#1343 = DIRECTION ( 'NONE',  ( 0.0000000000000000000, -1.000000000000000000, 2.220446049250310123E-16 ) ) ;
#1344 = EDGE_CURVE ( 'NONE', #2376, #3039, #1438, .T. ) ;
#1345 = CARTESIAN_POINT ( 'NONE',  ( -1.149999999999999911, 0.01000000000000010082, 0.2249999999996999955 ) ) ;
#1346 = ORIENTED_EDGE ( 'NONE', *, *, #3006, .F. ) ;
#1347 = FACE_BOUND ( 'NONE', #834, .T. ) ;
#1348 = EDGE_LOOP ( 'NONE', ( #43, #3173, #3382, #1313, #347 ) ) ;
#1349 = DIRECTION ( 'NONE',  ( 0.0000000000000000000, 1.000000000000000000, -2.220446049250310123E-16 ) ) ;
#1350 = EDGE_CURVE ( 'NONE', #2634, #434, #3297, .T. ) ;
#1351 = FILL_AREA_STYLE_COLOUR ( '', #2333 ) ;
#1352 = DIRECTION ( 'NONE',  ( 0.0000000000000000000, -1.000000000000000000, 2.220446049250310123E-16 ) ) ;
#1353 = ORIENTED_EDGE ( 'NONE', *, *, #574, .F. ) ;
#1354 = PLANE ( 'NONE',  #1191 ) ;
#1355 = DIRECTION ( 'NONE',  ( 0.0000000000000000000, 2.220446049250310123E-16, 1.000000000000000000 ) ) ;
#1356 = EDGE_LOOP ( 'NONE', ( #1219, #2565, #2563, #456 ) ) ;
#1357 = DIRECTION ( 'NONE',  ( 0.0000000000000000000, 1.000000000000000000, -0.0000000000000000000 ) ) ;
#1358 = CARTESIAN_POINT ( 'NONE',  ( -1.149999999999999911, 0.1200000000000000094, -3.001338066965790108E-13 ) ) ;
#1359 = PLANE ( 'NONE',  #3324 ) ;
#1360 = DIRECTION ( 'NONE',  ( -0.0000000000000000000, 1.000000000000000000, -2.220446049250310123E-16 ) ) ;
#1361 = DIRECTION ( 'NONE',  ( 0.0000000000000000000, 0.0000000000000000000, 1.000000000000000000 ) ) ;
#1362 = EDGE_CURVE ( 'NONE', #2376, #3424, #2783, .T. ) ;
#1363 = ORIENTED_EDGE ( 'NONE', *, *, #1710, .T. ) ;
#1364 = CARTESIAN_POINT ( 'NONE',  ( 4.995668050240820168E-10, 0.01000000003159584594, -2.999706039119626691E-13 ) ) ;
#1365 = VECTOR ( 'NONE', #1149, 1000.000000000000000 ) ;
#1366 = AXIS2_PLACEMENT_3D ( 'NONE', #1735, #198, #1224 ) ;
#1367 = CARTESIAN_POINT ( 'NONE',  ( -0.01000000000038351461, 1.238030600963545336, 0.9984041303633033326 ) ) ;
#1368 = LINE ( 'NONE', #239, #2603 ) ;
#1369 = ORIENTED_EDGE ( 'NONE', *, *, #2453, .T. ) ;
#1370 = FACE_OUTER_BOUND ( 'NONE', #2119, .T. ) ;
#1371 = LINE ( 'NONE', #2929, #3228 ) ;
#1372 = ADVANCED_FACE ( 'NONE', ( #1925 ), #1646, .T. ) ;
#1373 = ORIENTED_EDGE ( 'NONE', *, *, #2417, .F. ) ;
#1374 = DIRECTION ( 'NONE',  ( 0.0000000000000000000, 2.220446049250310123E-16, 1.000000000000000000 ) ) ;
#1375 = VECTOR ( 'NONE', #1441, 1000.000000000000000 ) ;
#1376 = CARTESIAN_POINT ( 'NONE',  ( -0.8120270844314446679, 1.300000000000010481, 0.4506275839496187707 ) ) ;
#1377 = CARTESIAN_POINT ( 'NONE',  ( -1.500000000000000000, 0.01000000000000020144, 0.8999999999997000399 ) ) ;
#1378 = DIRECTION ( 'NONE',  ( 0.0000000000000000000, -1.000000000000000000, 2.220446049250310123E-16 ) ) ;
#1379 = CARTESIAN_POINT ( 'NONE',  ( -0.3000000000004000023, 2.442490654175173502E-16, 1.300000000000000266 ) ) ;
#1380 = VECTOR ( 'NONE', #641, 1000.000000000000000 ) ;
#1381 = AXIS2_PLACEMENT_3D ( 'NONE', #2511, #2317, #2012 ) ;
#1382 = DIRECTION ( 'NONE',  ( -0.0000000000000000000, -1.000000000000000000, 2.220446049250310123E-16 ) ) ;
#1383 = ORIENTED_EDGE ( 'NONE', *, *, #1818, .T. ) ;
#1384 = LINE ( 'NONE', #1930, #1375 ) ;
#1385 = VECTOR ( 'NONE', #1005, 1000.000000000000000 ) ;
#1386 = EDGE_CURVE ( 'NONE', #158, #2780, #909, .T. ) ;
#1387 = LINE ( 'NONE', #45, #3298 ) ;
#1388 = ORIENTED_EDGE ( 'NONE', *, *, #2373, .T. ) ;
#1389 = SURFACE_STYLE_FILL_AREA ( #3283 ) ;
#1390 = ORIENTED_EDGE ( 'NONE', *, *, #1600, .F. ) ;
#1391 = AXIS2_PLACEMENT_3D ( 'NONE', #1667, #858, #1103 ) ;
#1392 = VECTOR ( 'NONE', #2574, 1000.000000000000000 ) ;
#1393 = EDGE_CURVE ( 'NONE', #1859, #2242, #2054, .T. ) ;
#1394 = AXIS2_PLACEMENT_3D ( 'NONE', #3044, #377, #2223 ) ;
#1395 = LINE ( 'NONE', #2491, #2482 ) ;
#1396 = VERTEX_POINT ( 'NONE', #340 ) ;
#1397 = CARTESIAN_POINT ( 'NONE',  ( 0.9197040887446508162, 1.300000000000010703, -0.06312995766146942134 ) ) ;
#1398 = PLANE ( 'NONE',  #3118 ) ;
#1399 = ADVANCED_FACE ( 'NONE', ( #89 ), #1171, .T. ) ;
#1400 = CARTESIAN_POINT ( 'NONE',  ( -4.332271828261990199E-13, 0.1200000000000000511, -2.997515203126647184E-13 ) ) ;
#1401 = DIRECTION ( 'NONE',  ( -0.0000000000000000000, 1.000000000000000000, 0.0000000000000000000 ) ) ;
#1402 = CARTESIAN_POINT ( 'NONE',  ( -0.5598307297293958484, 1.300000001092711299, 0.9718209581127341679 ) ) ;
#1403 = DIRECTION ( 'NONE',  ( 0.0000000000000000000, -1.000000000000000000, 2.220446049250310123E-16 ) ) ;
#1404 = VERTEX_POINT ( 'NONE', #1978 ) ;
#1405 = CARTESIAN_POINT ( 'NONE',  ( 1.500000000000000000, 0.01000000000000020144, 0.8999999999997000399 ) ) ;
#1406 = VERTEX_POINT ( 'NONE', #3046 ) ;
#1407 = LINE ( 'NONE', #79, #2667 ) ;
#1408 = VERTEX_POINT ( 'NONE', #2687 ) ;
#1409 = LINE ( 'NONE', #2506, #1532 ) ;
#1410 = CARTESIAN_POINT ( 'NONE',  ( -4.110074910620004647E-13, 1.030000000000000027, 0.2499999999996977418 ) ) ;
#1411 = ORIENTED_EDGE ( 'NONE', *, *, #2807, .T. ) ;
#1412 =( LENGTH_UNIT ( ) NAMED_UNIT ( * ) SI_UNIT ( .MILLI., .METRE. ) );
#1413 = EDGE_CURVE ( 'NONE', #2405, #2520, #3170, .T. ) ;
#1414 = CARTESIAN_POINT ( 'NONE',  ( -0.3000000000004000023, 0.009999999999999670611, -0.8113106680024999573 ) ) ;
#1415 = FACE_OUTER_BOUND ( 'NONE', #3144, .T. ) ;
#1416 = EDGE_LOOP ( 'NONE', ( #2534, #1009, #1422, #3447 ) ) ;
#1417 = EDGE_CURVE ( 'NONE', #3399, #2126, #2174, .T. ) ;
#1418 = CARTESIAN_POINT ( 'NONE',  ( 4.995666984671739875E-10, 1.220000000393089978, 1.336529209306239982E-10 ) ) ;
#1419 = FACE_OUTER_BOUND ( 'NONE', #2939, .T. ) ;
#1420 = CARTESIAN_POINT ( 'NONE',  ( -1.500000000000000000, 0.01000000000000020144, 0.8999999999997000399 ) ) ;
#1421 = EDGE_CURVE ( 'NONE', #1196, #569, #2662, .T. ) ;
#1422 = ORIENTED_EDGE ( 'NONE', *, *, #3253, .T. ) ;
#1423 = DIRECTION ( 'NONE',  ( -0.0000000000000000000, 2.220446049250310123E-16, 1.000000000000000000 ) ) ;
#1424 = AXIS2_PLACEMENT_3D ( 'NONE', #1867, #260, #1826 ) ;
#1425 = CARTESIAN_POINT ( 'NONE',  ( -4.332611628267369764E-13, 0.5999999999630745151, -0.9300000000393993105 ) ) ;
#1426 = CARTESIAN_POINT ( 'NONE',  ( -4.332486128280070048E-13, 0.3599999999999999867, -3.000734110218600559E-13 ) ) ;
#1427 = VECTOR ( 'NONE', #841, 1000.000000000000000 ) ;
#1428 = ORIENTED_EDGE ( 'NONE', *, *, #2287, .T. ) ;
#1429 =( LENGTH_UNIT ( ) NAMED_UNIT ( * ) SI_UNIT ( .MILLI., .METRE. ) );
#1430 = AXIS2_PLACEMENT_3D ( 'NONE', #1364, #2885, #2400 ) ;
#1431 = CARTESIAN_POINT ( 'NONE',  ( -0.3000000000004000023, 0.01000000000000039919, 1.540000000000000036 ) ) ;
#1432 = DIRECTION ( 'NONE',  ( 0.0000000000000000000, -1.000000000000000000, 2.220446049250310123E-16 ) ) ;
#1433 = ORIENTED_EDGE ( 'NONE', *, *, #1710, .F. ) ;
#1434 = EDGE_CURVE ( 'NONE', #1877, #2746, #2844, .T. ) ;
#1435 = FACE_OUTER_BOUND ( 'NONE', #46, .T. ) ;
#1436 = ORIENTED_EDGE ( 'NONE', *, *, #1283, .T. ) ;
#1437 = DIRECTION ( 'NONE',  ( 0.0000000000000000000, 1.000000000000000000, -2.220446049250310123E-16 ) ) ;
#1438 = LINE ( 'NONE', #40, #3011 ) ;
#1439 = ADVANCED_FACE ( 'NONE', ( #1992 ), #1742, .F. ) ;
#1440 = PLANE ( 'NONE',  #2838 ) ;
#1441 = DIRECTION ( 'NONE',  ( -0.0000000000000000000, -2.220446049250310123E-16, -1.000000000000000000 ) ) ;
#1442 = EDGE_CURVE ( 'NONE', #436, #1289, #2024, .T. ) ;
#1443 = VECTOR ( 'NONE', #1251, 1000.000000000000114 ) ;
#1444 = ORIENTED_EDGE ( 'NONE', *, *, #1070, .T. ) ;
#1445 = VECTOR ( 'NONE', #1039, 1000.000000000000000 ) ;
#1446 = CIRCLE ( 'NONE', #885, 0.8649999999999999911 ) ;
#1447 = CARTESIAN_POINT ( 'NONE',  ( 1.149999999999999911, 0.01000000000000010082, 0.2249999999996999955 ) ) ;
#1448 = VECTOR ( 'NONE', #2427, 1000.000000000000000 ) ;
#1449 = STYLED_ITEM ( 'NONE', ( #597 ), #1904 ) ;
#1450 = CARTESIAN_POINT ( 'NONE',  ( 0.009999999999566969860, 0.3599999999999999867, 0.9999499987495998887 ) ) ;
#1451 = ORIENTED_EDGE ( 'NONE', *, *, #2430, .F. ) ;
#1452 =( LENGTH_UNIT ( ) NAMED_UNIT ( * ) SI_UNIT ( .MILLI., .METRE. ) );
#1453 = CARTESIAN_POINT ( 'NONE',  ( 1.500000000000000222, 0.009999999999999936023, -0.9000000000002998934 ) ) ;
#1454 = ORIENTED_EDGE ( 'NONE', *, *, #2123, .T. ) ;
#1455 = CARTESIAN_POINT ( 'NONE',  ( -3.258498047547345854E-13, 1.223649167310336017, -9.740601415281479904E-14 ) ) ;
#1456 = VERTEX_POINT ( 'NONE', #3075 ) ;
#1457 = CARTESIAN_POINT ( 'NONE',  ( -0.01000000000044027303, 0.5300000000000003597, 0.9999499987496371922 ) ) ;
#1458 = ADVANCED_FACE ( 'NONE', ( #704 ), #1779, .T. ) ;
#1459 = ORIENTED_EDGE ( 'NONE', *, *, #1417, .F. ) ;
#1460 = CARTESIAN_POINT ( 'NONE',  ( 0.5598307296437131653, 1.300000001092711077, 0.9718209584601146256 ) ) ;
#1461 = ORIENTED_EDGE ( 'NONE', *, *, #2757, .T. ) ;
#1462 = FILL_AREA_STYLE_COLOUR ( '', #1303 ) ;
#1463 = ADVANCED_FACE ( 'NONE', ( #442 ), #1727, .T. ) ;
#1464 = VERTEX_POINT ( 'NONE', #1516 ) ;
#1465 = FACE_OUTER_BOUND ( 'NONE', #2753, .T. ) ;
#1466 = ORIENTED_EDGE ( 'NONE', *, *, #539, .T. ) ;
#1467 = FACE_OUTER_BOUND ( 'NONE', #3362, .T. ) ;
#1468 = ORIENTED_EDGE ( 'NONE', *, *, #2757, .F. ) ;
#1469 = EDGE_CURVE ( 'NONE', #197, #1821, #3063, .T. ) ;
#1470 = VERTEX_POINT ( 'NONE', #1247 ) ;
#1471 = CARTESIAN_POINT ( 'NONE',  ( 0.5408032952606570687, 1.299999999828629793, -0.9199999984640280237 ) ) ;
#1472 = ORIENTED_EDGE ( 'NONE', *, *, #68, .T. ) ;
#1473 =( NAMED_UNIT ( * ) PLANE_ANGLE_UNIT ( ) SI_UNIT ( $, .RADIAN. ) );
#1474 = ADVANCED_FACE ( 'NONE', ( #1467 ), #3061, .T. ) ;
#1475 = LINE ( 'NONE', #2284, #3110 ) ;
#1476 = ORIENTED_EDGE ( 'NONE', *, *, #692, .T. ) ;
#1477 = DIRECTION ( 'NONE',  ( 1.000000000000000000, 0.0000000000000000000, 0.0000000000000000000 ) ) ;
#1478 = EDGE_CURVE ( 'NONE', #631, #1404, #1501, .T. ) ;
#1479 = DIRECTION ( 'NONE',  ( -0.0000000000000000000, 1.000000000000000000, 0.0000000000000000000 ) ) ;
#1480 = VECTOR ( 'NONE', #525, 999.9999999999998863 ) ;
#1481 = CARTESIAN_POINT ( 'NONE',  ( -4.332271828261990199E-13, 0.01000000000000000021, -2.997270954061229872E-13 ) ) ;
#1482 = DIRECTION ( 'NONE',  ( -0.0000000000000000000, 1.000000000000000000, -2.220446049250310123E-16 ) ) ;
#1483 = CARTESIAN_POINT ( 'NONE',  ( 1.387778780781450113E-16, 0.3599999999999999867, -2.187139358511560327E-16 ) ) ;
#1484 = VERTEX_POINT ( 'NONE', #426 ) ;
#1485 = LINE ( 'NONE', #159, #2273 ) ;
#1486 = ORIENTED_EDGE ( 'NONE', *, *, #2777, .F. ) ;
#1487 = CARTESIAN_POINT ( 'NONE',  ( 4.995668325786348558E-10, 0.3600000002847991709, 0.09999999984888714721 ) ) ;
#1488 = ORIENTED_EDGE ( 'NONE', *, *, #1478, .T. ) ;
#1489 = CARTESIAN_POINT ( 'NONE',  ( 0.8352245207126097748, 0.1200000000000000094, -0.2249999999995604127 ) ) ;
#1490 = EDGE_CURVE ( 'NONE', #11, #1531, #2267, .T. ) ;
#1491 = VECTOR ( 'NONE', #44, 1000.000000000000000 ) ;
#1492 = CARTESIAN_POINT ( 'NONE',  ( 4.995668050240819134E-10, 0.3600000002847991709, -3.000485309432140176E-13 ) ) ;
#1493 = ORIENTED_EDGE ( 'NONE', *, *, #2364, .T. ) ;
#1494 = VECTOR ( 'NONE', #82, 1000.000000000000000 ) ;
#1495 = AXIS2_PLACEMENT_3D ( 'NONE', #2090, #740, #2648 ) ;
#1496 = EDGE_CURVE ( 'NONE', #3389, #1508, #2524, .T. ) ;
#1497 = VECTOR ( 'NONE', #2037, 1000.000000000000000 ) ;
#1498 = COLOUR_RGB ( '',0.9529411764705881804, 0.8980392156862745390, 0.6549019607843137303 ) ;
#1499 = LINE ( 'NONE', #756, #2598 ) ;
#1500 = VERTEX_POINT ( 'NONE', #104 ) ;
#1501 = LINE ( 'NONE', #2557, #993 ) ;
#1502 = VECTOR ( 'NONE', #1709, 1000.000000000000000 ) ;
#1503 = EDGE_CURVE ( 'NONE', #712, #1396, #1184, .T. ) ;
#1504 = LINE ( 'NONE', #741, #490 ) ;
#1505 = EDGE_LOOP ( 'NONE', ( #3027, #2738, #928, #970 ) ) ;
#1506 = CYLINDRICAL_SURFACE ( 'NONE', #3339, 0.8649999999999999911 ) ;
#1507 = DIRECTION ( 'NONE',  ( -1.000000000000000000, 0.0000000000000000000, -0.0000000000000000000 ) ) ;
#1508 = VERTEX_POINT ( 'NONE', #660 ) ;
#1509 = EDGE_LOOP ( 'NONE', ( #2913, #2654, #338, #422, #2207, #3417, #1633, #2251, #97, #580 ) ) ;
#1510 =( BOUNDED_SURFACE ( )  B_SPLINE_SURFACE ( 3, 3, ( 
 ( #3471, #1069, #2133, #3199, #1875, #3219, #2935 ),
 ( #1610, #1891, #2958, #3275, #2727, #1402, #325 ),
 ( #873, #840, #72, #360, #1946, #3016, #2463 ),
 ( #19, #1120, #2974, #591, #55, #2444, #2763 ) ),
 .UNSPECIFIED., .F., .F., .F. ) 
 B_SPLINE_SURFACE_WITH_KNOTS ( ( 4, 4 ),
 ( 4, 3, 4 ),
 ( 0.0000000000000000000, 1.000000000000000000 ),
 ( 0.0000000000000000000, 0.5000000000000000000, 1.000000000000000000 ),
 .UNSPECIFIED. ) 
 GEOMETRIC_REPRESENTATION_ITEM ( )  RATIONAL_B_SPLINE_SURFACE ( (
 ( 1.000000000000000000, 0.8037008775653330384, 0.8037008775653330384, 1.000000000000000000, 0.8037008775653330384, 0.8037008775653330384, 1.000000000000000000),
 ( 0.8047378477665289020, 0.6467685144599966129, 0.6467685144599966129, 0.8047378477665289020, 0.6467685144599966129, 0.6467685144599966129, 0.8047378477665289020),
 ( 0.8047378477665289020, 0.6467685144599966129, 0.6467685144599966129, 0.8047378477665289020, 0.6467685144599966129, 0.6467685144599966129, 0.8047378477665289020),
 ( 1.000000000000000000, 0.8037008775653330384, 0.8037008775653330384, 1.000000000000000000, 0.8037008775653330384, 0.8037008775653330384, 1.000000000000000000) ) ) 
 REPRESENTATION_ITEM ( '' )  SURFACE ( )  );
#1511 = FACE_OUTER_BOUND ( 'NONE', #2065, .T. ) ;
#1512 = ORIENTED_EDGE ( 'NONE', *, *, #1434, .F. ) ;
#1513 = CARTESIAN_POINT ( 'NONE',  ( 0.8352245207124845416, 0.01000000000000005052, 0.2249999999994264921 ) ) ;
#1514 = ADVANCED_FACE ( 'NONE', ( #3343 ), #944, .T. ) ;
#1515 = ORIENTED_EDGE ( 'NONE', *, *, #678, .F. ) ;
#1516 = CARTESIAN_POINT ( 'NONE',  ( -1.500000000000000222, 0.009999999999999800715, -0.9000000000002998934 ) ) ;
#1517 = DIRECTION ( 'NONE',  ( 1.000000000000000000, 0.0000000000000000000, 0.0000000000000000000 ) ) ;
#1518 = EDGE_CURVE ( 'NONE', #3424, #2376, #1950, .T. ) ;
#1519 = FACE_OUTER_BOUND ( 'NONE', #3401, .T. ) ;
#1520 = ORIENTED_EDGE ( 'NONE', *, *, #465, .T. ) ;
#1521 = CARTESIAN_POINT ( 'NONE',  ( -4.332271828261990199E-13, 0.01000000000000005225, -2.997270954061229872E-13 ) ) ;
#1522 = FACE_OUTER_BOUND ( 'NONE', #2919, .T. ) ;
#1523 = EDGE_CURVE ( 'NONE', #3204, #418, #3444, .T. ) ;
#1524 = ORIENTED_EDGE ( 'NONE', *, *, #1863, .T. ) ;
#1525 = ORIENTED_EDGE ( 'NONE', *, *, #2110, .F. ) ;
#1526 = CARTESIAN_POINT ( 'NONE',  ( -4.332740228258760522E-13, 0.8099999999444664756, -2.998903209094905264E-13 ) ) ;
#1527 = CARTESIAN_POINT ( 'NONE',  ( 4.995668050240820168E-10, 0.01000000008843926480, -2.999706039119753413E-13 ) ) ;
#1528 = VERTEX_POINT ( 'NONE', #1552 ) ;
#1529 = CIRCLE ( 'NONE', #2812, 0.3499999998159000203 ) ;
#1530 = DIRECTION ( 'NONE',  ( -0.0000000000000000000, -0.0000000000000000000, 1.000000000000000000 ) ) ;
#1531 = VERTEX_POINT ( 'NONE', #1795 ) ;
#1532 = VECTOR ( 'NONE', #1177, 1000.000000000000000 ) ;
#1533 = DIRECTION ( 'NONE',  ( -0.0000000000000000000, -1.000000000000000000, 2.220446049250310123E-16 ) ) ;
#1534 = PRODUCT_DEFINITION ( 'UNKNOWN', '', #323, #3017 ) ;
#1535 = FACE_OUTER_BOUND ( 'NONE', #808, .T. ) ;
#1536 = CARTESIAN_POINT ( 'NONE',  ( 4.995668325786348558E-10, 0.3600000002847991709, 0.09999999984888714721 ) ) ;
#1537 = ORIENTED_EDGE ( 'NONE', *, *, #1849, .T. ) ;
#1538 = LINE ( 'NONE', #108, #1714 ) ;
#1539 = ADVANCED_FACE ( 'NONE', ( #725 ), #3158, .F. ) ;
#1540 = VERTEX_POINT ( 'NONE', #1066 ) ;
#1541 = FACE_OUTER_BOUND ( 'NONE', #2786, .T. ) ;
#1542 = EDGE_CURVE ( 'NONE', #1342, #615, #1446, .T. ) ;
#1543 = VECTOR ( 'NONE', #3247, 1000.000000000000000 ) ;
#1544 = DIRECTION ( 'NONE',  ( 0.0000000000000000000, 1.000000000000000000, -2.220446049250310123E-16 ) ) ;
#1545 = DIRECTION ( 'NONE',  ( 0.0000000000000000000, -1.000000000000000000, 2.220446049250310123E-16 ) ) ;
#1546 = ORIENTED_EDGE ( 'NONE', *, *, #1490, .T. ) ;
#1547 = CIRCLE ( 'NONE', #3057, 0.8649999999999999911 ) ;
#1548 = VECTOR ( 'NONE', #205, 1000.000000000000000 ) ;
#1549 = AXIS2_PLACEMENT_3D ( 'NONE', #1664, #1681, #2994 ) ;
#1550 = LINE ( 'NONE', #3358, #1548 ) ;
#1551 = VERTEX_POINT ( 'NONE', #1812 ) ;
#1552 = CARTESIAN_POINT ( 'NONE',  ( 1.300000000000000266, 0.1199999999999998984, -0.9000000000003000045 ) ) ;
#1553 = PRESENTATION_LAYER_ASSIGNMENT (  '', '', ( #546 ) ) ;
#1554 = LINE ( 'NONE', #2339, #1059 ) ;
#1555 = AXIS2_PLACEMENT_3D ( 'NONE', #1896, #1615, #2883 ) ;
#1556 = CARTESIAN_POINT ( 'NONE',  ( 0.9112391183551844520, 1.300000000000010481, -0.1488865777835348125 ) ) ;
#1557 = VERTEX_POINT ( 'NONE', #1585 ) ;
#1558 = VECTOR ( 'NONE', #1258, 1000.000000000000000 ) ;
#1559 = ORIENTED_EDGE ( 'NONE', *, *, #180, .T. ) ;
#1560 = CARTESIAN_POINT ( 'NONE',  ( -0.3000000000004000023, 0.009999999999999899594, -0.5000000000002999823 ) ) ;
#1561 = EDGE_CURVE ( 'NONE', #2584, #1821, #376, .T. ) ;
#1562 = ORIENTED_EDGE ( 'NONE', *, *, #1179, .T. ) ;
#1563 = CARTESIAN_POINT ( 'NONE',  ( 0.2999999999995999755, 0.1200000000000000094, -0.8113106680003000504 ) ) ;
#1564 = PRESENTATION_STYLE_ASSIGNMENT (( #788 ) ) ;
#1565 = LINE ( 'NONE', #1882, #1445 ) ;
#1566 = ADVANCED_FACE ( 'NONE', ( #758 ), #3140, .T. ) ;
#1567 = EDGE_LOOP ( 'NONE', ( #3482, #800 ) ) ;
#1568 = DIRECTION ( 'NONE',  ( 0.0000000000000000000, 2.213057180109501119E-16, 1.000000000000000000 ) ) ;
#1569 = LINE ( 'NONE', #2682, #3455 ) ;
#1570 = DIRECTION ( 'NONE',  ( 0.0000000000000000000, 1.000000000000000000, -2.220446049250310123E-16 ) ) ;
#1571 = PLANE ( 'NONE',  #91 ) ;
#1572 = DIRECTION ( 'NONE',  ( -1.784840457443369040E-25, 1.000000000000000000, -2.226486605569893171E-16 ) ) ;
#1573 = DIRECTION ( 'NONE',  ( 0.0000000000000000000, 1.000000000000000000, -2.220446049250310123E-16 ) ) ;
#1574 = CARTESIAN_POINT ( 'NONE',  ( -1.149999999999999911, 1.998401444324611783E-16, 0.8999999999997001510 ) ) ;
#1575 = PLANE ( 'NONE',  #1168 ) ;
#1576 = VERTEX_POINT ( 'NONE', #2914 ) ;
#1577 = LINE ( 'NONE', #787, #596 ) ;
#1578 = EDGE_CURVE ( 'NONE', #2539, #2579, #2387, .T. ) ;
#1579 = CARTESIAN_POINT ( 'NONE',  ( 1.167612260356239995, 0.1200000000000002037, 0.8999999999997000399 ) ) ;
#1580 = ORIENTED_EDGE ( 'NONE', *, *, #1004, .T. ) ;
#1581 = EDGE_CURVE ( 'NONE', #1540, #3065, #3425, .T. ) ;
#1582 = DIRECTION ( 'NONE',  ( 0.7071067811865475727, -1.570092458683768511E-16, -0.7071067811865475727 ) ) ;
#1583 = PLANE ( 'NONE',  #2227 ) ;
#1584 = ORIENTED_EDGE ( 'NONE', *, *, #1252, .F. ) ;
#1585 = CARTESIAN_POINT ( 'NONE',  ( -0.4000000000003999800, 0.1199999999999999956, -0.4000000000003000600 ) ) ;
#1586 = CIRCLE ( 'NONE', #2035, 0.2500000000000000000 ) ;
#1587 = EDGE_CURVE ( 'NONE', #141, #1183, #3467, .T. ) ;
#1588 = DIRECTION ( 'NONE',  ( -0.0000000000000000000, 1.000000000000000000, -2.220446049250310123E-16 ) ) ;
#1589 = AXIS2_PLACEMENT_3D ( 'NONE', #3415, #1841, #2903 ) ;
#1590 = ORIENTED_EDGE ( 'NONE', *, *, #129, .T. ) ;
#1591 = FACE_OUTER_BOUND ( 'NONE', #3352, .T. ) ;
#1592 = DIRECTION ( 'NONE',  ( 0.7071067811865474617, -1.916616770854216563E-16, -0.7071067811865474617 ) ) ;
#1593 = ORIENTED_EDGE ( 'NONE', *, *, #2605, .T. ) ;
#1594 = CARTESIAN_POINT ( 'NONE',  ( -0.4000000000003999800, 0.009999999999999899594, -0.5000000000002999823 ) ) ;
#1595 = EDGE_LOOP ( 'NONE', ( #3107, #1944, #1820, #3480 ) ) ;
#1596 = LINE ( 'NONE', #1563, #1158 ) ;
#1597 = PRESENTATION_STYLE_ASSIGNMENT (( #3419 ) ) ;
#1598 = CARTESIAN_POINT ( 'NONE',  ( -4.332590228257060364E-13, 0.5299999999999999156, -1.000000000000300204 ) ) ;
#1599 = ORIENTED_EDGE ( 'NONE', *, *, #2143, .F. ) ;
#1600 = EDGE_CURVE ( 'NONE', #2186, #1484, #1263, .T. ) ;
#1601 = LINE ( 'NONE', #513, #2208 ) ;
#1602 = LINE ( 'NONE', #2663, #312 ) ;
#1603 = ORIENTED_EDGE ( 'NONE', *, *, #1442, .T. ) ;
#1604 = ADVANCED_FACE ( 'NONE', ( #1042 ), #1010, .F. ) ;
#1605 = LINE ( 'NONE', #1340, #1613 ) ;
#1606 = PLANE ( 'NONE',  #2178 ) ;
#1607 = ADVANCED_FACE ( 'NONE', ( #186, #2109 ), #475, .T. ) ;
#1608 = CARTESIAN_POINT ( 'NONE',  ( -4.332271828261990199E-13, 0.009999999999999809389, -0.8650000000002971978 ) ) ;
#1609 = AXIS2_PLACEMENT_3D ( 'NONE', #438, #404, #421 ) ;
#1610 = CARTESIAN_POINT ( 'NONE',  ( 1.025242821591505443E-09, 1.300000001092710855, -0.9668629138754063490 ) ) ;
#1611 = VECTOR ( 'NONE', #2847, 1000.000000000000000 ) ;
#1612 = DIRECTION ( 'NONE',  ( 0.0000000000000000000, -1.000000000000000000, 2.220446049250310123E-16 ) ) ;
#1613 = VECTOR ( 'NONE', #2406, 1000.000000000000000 ) ;
#1614 = ORIENTED_EDGE ( 'NONE', *, *, #2168, .T. ) ;
#1615 = DIRECTION ( 'NONE',  ( -0.7071067811865475727, -1.570092458683768511E-16, -0.7071067811865475727 ) ) ;
#1616 = ORIENTED_EDGE ( 'NONE', *, *, #3096, .F. ) ;
#1617 = CARTESIAN_POINT ( 'NONE',  ( -4.332633028277670075E-13, 0.5999999999999999778, -3.002104017344029843E-13 ) ) ;
#1618 = AXIS2_PLACEMENT_3D ( 'NONE', #2043, #676, #1744 ) ;
#1619 = AXIS2_PLACEMENT_3D ( 'NONE', #331, #3077, #675 ) ;
#1620 = DIRECTION ( 'NONE',  ( 0.0000000000000000000, -2.220446049250310123E-16, -1.000000000000000000 ) ) ;
#1621 = DIRECTION ( 'NONE',  ( 0.7071067811865479058, -1.570092458683772455E-16, -0.7071067811865471286 ) ) ;
#1622 = ORIENTED_EDGE ( 'NONE', *, *, #129, .F. ) ;
#1623 = CARTESIAN_POINT ( 'NONE',  ( 1.149999999999999911, 0.01000000000000020144, 0.8999999999997000399 ) ) ;
#1624 = ORIENTED_EDGE ( 'NONE', *, *, #1089, .T. ) ;
#1625 = DIRECTION ( 'NONE',  ( -1.000000000000000000, 0.0000000000000000000, -0.0000000000000000000 ) ) ;
#1626 = EDGE_CURVE ( 'NONE', #3129, #2623, #535, .T. ) ;
#1627 = CARTESIAN_POINT ( 'NONE',  ( -0.8770868835903545824, 1.300000000000010925, 0.2781623137908162957 ) ) ;
#1628 = ORIENTED_EDGE ( 'NONE', *, *, #2950, .T. ) ;
#1629 = CARTESIAN_POINT ( 'NONE',  ( 0.2999999999996000866, 2.886579864025410062E-16, 1.300000000000000266 ) ) ;
#1630 = EDGE_CURVE ( 'NONE', #2436, #182, #1605, .T. ) ;
#1631 = CARTESIAN_POINT ( 'NONE',  ( -0.4000000000003999800, 0.01000000000000010082, 0.3999999999996999844 ) ) ;
#1632 = CARTESIAN_POINT ( 'NONE',  ( -0.3000000000004000023, 0.1200000000000000094, -1.540000000000000258 ) ) ;
#1633 = ORIENTED_EDGE ( 'NONE', *, *, #2886, .F. ) ;
#1634 = CARTESIAN_POINT ( 'NONE',  ( -0.4000000000003999245, 0.009999999999999911737, -0.4000000000003000600 ) ) ;
#1635 = EDGE_CURVE ( 'NONE', #668, #1806, #3346, .T. ) ;
#1636 = FILL_AREA_STYLE_COLOUR ( '', #2953 ) ;
#1637 = CARTESIAN_POINT ( 'NONE',  ( -1.300000000000000266, 0.3600000000000005418, 1.300000000000000266 ) ) ;
#1638 = ORIENTED_EDGE ( 'NONE', *, *, #1518, .T. ) ;
#1639 = CARTESIAN_POINT ( 'NONE',  ( 0.3999999999996000088, 0.009999999999999920411, -0.4000000000003000045 ) ) ;
#1640 = DIRECTION ( 'NONE',  ( 0.0000000000000000000, 1.000000000000000000, -2.220446049250310123E-16 ) ) ;
#1641 = ORIENTED_EDGE ( 'NONE', *, *, #700, .F. ) ;
#1642 = CARTESIAN_POINT ( 'NONE',  ( 0.4377591099160910160, 1.300000000000010481, -0.8103662017432791131 ) ) ;
#1643 = FACE_OUTER_BOUND ( 'NONE', #2943, .T. ) ;
#1644 = LINE ( 'NONE', #2725, #202 ) ;
#1645 = CARTESIAN_POINT ( 'NONE',  ( 0.009999999999566969860, 0.7633332860845400969, 0.9532808701386263905 ) ) ;
#1646 = PLANE ( 'NONE',  #1549 ) ;
#1647 = ADVANCED_FACE ( 'NONE', ( #17 ), #2722, .T. ) ;
#1648 = AXIS2_PLACEMENT_3D ( 'NONE', #1663, #2462, #54 ) ;
#1649 = CARTESIAN_POINT ( 'NONE',  ( 0.2999999999995999755, 0.01000000000000010082, 0.4999999999997000177 ) ) ;
#1650 = CARTESIAN_POINT ( 'NONE',  ( -1.149999999999999911, -2.886579864025410062E-16, -1.300000000000000266 ) ) ;
#1651 = ORIENTED_EDGE ( 'NONE', *, *, #2592, .F. ) ;
#1652 = LINE ( 'NONE', #1405, #1998 ) ;
#1653 = LINE ( 'NONE', #2470, #2112 ) ;
#1654 = ORIENTED_EDGE ( 'NONE', *, *, #1868, .T. ) ;
#1655 = SURFACE_STYLE_FILL_AREA ( #3005 ) ;
#1656 = EDGE_CURVE ( 'NONE', #1279, #1456, #869, .T. ) ;
#1657 = DIRECTION ( 'NONE',  ( 0.0000000000000000000, 0.0000000000000000000, -1.000000000000000000 ) ) ;
#1658 = FACE_OUTER_BOUND ( 'NONE', #1874, .T. ) ;
#1659 = ORIENTED_EDGE ( 'NONE', *, *, #1952, .F. ) ;
#1660 = CARTESIAN_POINT ( 'NONE',  ( 0.6040596844947270228, 1.300000000000010703, -0.6968218278895838003 ) ) ;
#1661 = CARTESIAN_POINT ( 'NONE',  ( 0.2999999999995999755, 0.1200000000000000372, 0.4999999999997000177 ) ) ;
#1662 = CARTESIAN_POINT ( 'NONE',  ( -0.7527480130590040730, 1.300000000000010703, -0.5357348480466030960 ) ) ;
#1663 = CARTESIAN_POINT ( 'NONE',  ( 1.445787933818109903E-12, 0.1200000000000000094, -1.175655333991199925 ) ) ;
#1664 = CARTESIAN_POINT ( 'NONE',  ( 0.3999999999996000088, 0.01000000000000010082, 0.3999999999996999844 ) ) ;
#1665 = CARTESIAN_POINT ( 'NONE',  ( -1.167612260354550013, 0.1199999999999999539, -0.2250000000002999878 ) ) ;
#1666 = VECTOR ( 'NONE', #3268, 1000.000000000000000 ) ;
#1667 = CARTESIAN_POINT ( 'NONE',  ( -4.332896328262529931E-13, 0.3599999999999999867, -3.000855110198611884E-13 ) ) ;
#1668 = ORIENTED_EDGE ( 'NONE', *, *, #2239, .T. ) ;
#1669 = VECTOR ( 'NONE', #299, 1000.000000000000000 ) ;
#1670 = EDGE_CURVE ( 'NONE', #3157, #2597, #319, .T. ) ;
#1671 =( NAMED_UNIT ( * ) PLANE_ANGLE_UNIT ( ) SI_UNIT ( $, .RADIAN. ) );
#1672 = ORIENTED_EDGE ( 'NONE', *, *, #1023, .T. ) ;
#1673 = CIRCLE ( 'NONE', #1391, 0.2500000000000000000 ) ;
#1674 = FILL_AREA_STYLE ('',( #865 ) ) ;
#1675 = CARTESIAN_POINT ( 'NONE',  ( 4.995668154198130212E-10, 0.01000000032200012122, -0.3499999998162000026 ) ) ;
#1676 = CARTESIAN_POINT ( 'NONE',  ( -0.01000000000044027303, 0.5300000000295584934, 0.9999499987496371922 ) ) ;
#1677 = ORIENTED_EDGE ( 'NONE', *, *, #1503, .F. ) ;
#1678 = DIRECTION ( 'NONE',  ( 0.0000000000000000000, 0.0000000000000000000, -1.000000000000000000 ) ) ;
#1679 = LINE ( 'NONE', #1977, #818 ) ;
#1680 = CARTESIAN_POINT ( 'NONE',  ( -1.149999999999999911, 0.01000000000000005225, 0.2249999999997000510 ) ) ;
#1681 = DIRECTION ( 'NONE',  ( 1.000000000000000000, 0.0000000000000000000, 0.0000000000000000000 ) ) ;
#1682 = DIRECTION ( 'NONE',  ( 0.0000000000000000000, -1.000000000000000000, 2.220446049250310123E-16 ) ) ;
#1683 = ORIENTED_EDGE ( 'NONE', *, *, #2616, .F. ) ;
#1684 = DIRECTION ( 'NONE',  ( 0.0000000000000000000, -2.436409376371920126E-16, -1.000000000000000000 ) ) ;
#1685 = LINE ( 'NONE', #2234, #551 ) ;
#1686 = PLANE ( 'NONE',  #2232 ) ;
#1687 = ORIENTED_EDGE ( 'NONE', *, *, #1218, .F. ) ;
#1688 =( NAMED_UNIT ( * ) PLANE_ANGLE_UNIT ( ) SI_UNIT ( $, .RADIAN. ) );
#1689 = EDGE_CURVE ( 'NONE', #2072, #6, #588, .T. ) ;
#1690 = LINE ( 'NONE', #1447, #3375 ) ;
#1691 = CARTESIAN_POINT ( 'NONE',  ( 0.009999999999566262093, 1.300000000000010036, 0.8899438184511792027 ) ) ;
#1692 = ORIENTED_EDGE ( 'NONE', *, *, #244, .T. ) ;
#1693 = CARTESIAN_POINT ( 'NONE',  ( 0.01000000001234983490, 1.299999999905994352, 0.9199456490348211224 ) ) ;
#1694 = ORIENTED_EDGE ( 'NONE', *, *, #483, .F. ) ;
#1695 = DIRECTION ( 'NONE',  ( 0.0000000000000000000, 0.0000000000000000000, 1.000000000000000000 ) ) ;
#1696 = CARTESIAN_POINT ( 'NONE',  ( 0.009999999999567042719, 0.6000000000110461418, 0.9299462350242639896 ) ) ;
#1697 = EDGE_CURVE ( 'NONE', #1528, #905, #66, .T. ) ;
#1698 = DIRECTION ( 'NONE',  ( 1.000000000000000000, 0.0000000000000000000, 0.0000000000000000000 ) ) ;
#1699 = ORIENTED_EDGE ( 'NONE', *, *, #678, .T. ) ;
#1700 = FACE_OUTER_BOUND ( 'NONE', #811, .T. ) ;
#1701 = CLOSED_SHELL ( 'NONE', ( #1731, #1463, #15, #264, #1791, #152 ) ) ;
#1702 = ORIENTED_EDGE ( 'NONE', *, *, #1626, .F. ) ;
#1703 = SURFACE_SIDE_STYLE ('',( #96 ) ) ;
#1704 = VECTOR ( 'NONE', #1784, 1000.000000000000000 ) ;
#1705 = ORIENTED_EDGE ( 'NONE', *, *, #161, .F. ) ;
#1706 = AXIS2_PLACEMENT_3D ( 'NONE', #822, #1332, #3477 ) ;
#1707 = CARTESIAN_POINT ( 'NONE',  ( -0.01000000000042500226, 0.7399999999595413547, 0.9299462349958412810 ) ) ;
#1708 = ORIENTED_EDGE ( 'NONE', *, *, #2013, .F. ) ;
#1709 = DIRECTION ( 'NONE',  ( 0.0000000000000000000, 0.0000000000000000000, -1.000000000000000000 ) ) ;
#1710 = EDGE_CURVE ( 'NONE', #3264, #631, #2149, .T. ) ;
#1711 = ORIENTED_EDGE ( 'NONE', *, *, #3321, .F. ) ;
#1712 = EDGE_CURVE ( 'NONE', #439, #3167, #1133, .T. ) ;
#1713 = LINE ( 'NONE', #2787, #1443 ) ;
#1714 = VECTOR ( 'NONE', #1186, 1000.000000000000000 ) ;
#1715 = AXIS2_PLACEMENT_3D ( 'NONE', #1886, #2128, #849 ) ;
#1716 = VERTEX_POINT ( 'NONE', #1661 ) ;
#1717 = ORIENTED_EDGE ( 'NONE', *, *, #903, .T. ) ;
#1718 = COLOUR_RGB ( '',0.9529411764705881804, 0.8980392156862745390, 0.6549019607843137303 ) ;
#1719 =( GEOMETRIC_REPRESENTATION_CONTEXT ( 3 ) GLOBAL_UNCERTAINTY_ASSIGNED_CONTEXT ( ( #2025 ) ) GLOBAL_UNIT_ASSIGNED_CONTEXT ( ( #77, #1671, #2735 ) ) REPRESENTATION_CONTEXT ( 'NONE', 'WORKASPACE' ) );
#1720 = LINE ( 'NONE', #1129, #3437 ) ;
#1721 = VECTOR ( 'NONE', #1118, 1000.000000000000000 ) ;
#1722 = CARTESIAN_POINT ( 'NONE',  ( -1.500000000000000000, 0.009999999999999809389, -0.9000000000003000045 ) ) ;
#1723 = VERTEX_POINT ( 'NONE', #608 ) ;
#1724 = AXIS2_PLACEMENT_3D ( 'NONE', #2828, #2111, #2171 ) ;
#1725 = LINE ( 'NONE', #1134, #27 ) ;
#1726 = ORIENTED_EDGE ( 'NONE', *, *, #2325, .T. ) ;
#1727 = PLANE ( 'NONE',  #2228 ) ;
#1728 = ADVANCED_FACE ( 'NONE', ( #837 ), #336, .F. ) ;
#1729 = ORIENTED_EDGE ( 'NONE', *, *, #483, .T. ) ;
#1730 = DIRECTION ( 'NONE',  ( 0.0000000000000000000, -1.000000000000000000, 2.220446049250310123E-16 ) ) ;
#1731 = ADVANCED_FACE ( 'NONE', ( #1908 ), #2970, .T. ) ;
#1732 = ORIENTED_EDGE ( 'NONE', *, *, #2777, .T. ) ;
#1733 = CARTESIAN_POINT ( 'NONE',  ( 1.002573667103114685, 1.220000001082299779, -0.5834293130672960626 ) ) ;
#1734 = ORIENTED_EDGE ( 'NONE', *, *, #2975, .T. ) ;
#1735 = CARTESIAN_POINT ( 'NONE',  ( -1.300000000000000266, 2.220446049250310123E-16, 1.000000000000000000 ) ) ;
#1736 = ADVANCED_FACE ( 'NONE', ( #2222 ), #34, .T. ) ;
#1737 = CARTESIAN_POINT ( 'NONE',  ( -0.3000000000004000023, 0.1199999999999999123, -0.5000000000003000933 ) ) ;
#1738 = EDGE_LOOP ( 'NONE', ( #1525, #1762, #1622, #1683, #1559, #1074, #1515, #3282 ) ) ;
#1739 = SURFACE_SIDE_STYLE ('',( #1975 ) ) ;
#1740 = CARTESIAN_POINT ( 'NONE',  ( 0.2999999999995999755, 1.110223024624489953E-16, 0.4999999999997000177 ) ) ;
#1741 = EDGE_LOOP ( 'NONE', ( #1672, #111 ) ) ;
#1742 = CYLINDRICAL_SURFACE ( 'NONE', #547, 0.8649999999999999911 ) ;
#1743 = LINE ( 'NONE', #411, #3175 ) ;
#1744 = DIRECTION ( 'NONE',  ( 0.0000000000000000000, 0.0000000000000000000, 1.000000000000000000 ) ) ;
#1745 = ADVANCED_FACE ( 'NONE', ( #1643 ), #1398, .F. ) ;
#1746 = ORIENTED_EDGE ( 'NONE', *, *, #692, .F. ) ;
#1747 = FACE_OUTER_BOUND ( 'NONE', #2862, .T. ) ;
#1748 = ORIENTED_EDGE ( 'NONE', *, *, #1344, .T. ) ;
#1749 = CARTESIAN_POINT ( 'NONE',  ( 4.995668050240820168E-10, 0.01000000003159576788, -0.3499999998273344293 ) ) ;
#1750 = EDGE_CURVE ( 'NONE', #1040, #566, #3216, .T. ) ;
#1751 = ORIENTED_EDGE ( 'NONE', *, *, #3387, .F. ) ;
#1752 = FACE_OUTER_BOUND ( 'NONE', #2031, .T. ) ;
#1753 = CIRCLE ( 'NONE', #237, 0.3499999997864319812 ) ;
#1754 = CARTESIAN_POINT ( 'NONE',  ( 0.3999999999996000088, 0.01000000000000010082, 0.3999999999996999844 ) ) ;
#1755 = EDGE_CURVE ( 'NONE', #2, #6, #812, .T. ) ;
#1756 = ORIENTED_EDGE ( 'NONE', *, *, #3360, .F. ) ;
#1757 = AXIS2_PLACEMENT_3D ( 'NONE', #3402, #128, #3083 ) ;
#1758 = DIRECTION ( 'NONE',  ( 1.000000000000000000, -0.0000000000000000000, 0.0000000000000000000 ) ) ;
#1759 = ORIENTED_EDGE ( 'NONE', *, *, #390, .F. ) ;
#1760 = DIRECTION ( 'NONE',  ( 1.000000000000000000, 0.0000000000000000000, 0.0000000000000000000 ) ) ;
#1761 = CARTESIAN_POINT ( 'NONE',  ( -1.300000000000000266, -2.886579864025410062E-16, -1.300000000000000266 ) ) ;
#1762 = ORIENTED_EDGE ( 'NONE', *, *, #1496, .F. ) ;
#1763 = DIRECTION ( 'NONE',  ( 0.0000000000000000000, 2.220446049250310123E-16, 1.000000000000000000 ) ) ;
#1764 = ORIENTED_EDGE ( 'NONE', *, *, #948, .T. ) ;
#1765 = CARTESIAN_POINT ( 'NONE',  ( 3.956694183926474266E-11, 1.299999999828629349, -0.9199999981936263227 ) ) ;
#1766 = EDGE_LOOP ( 'NONE', ( #2720, #802, #2819, #2602 ) ) ;
#1767 = CARTESIAN_POINT ( 'NONE',  ( -1.500000000000000222, 0.01000000000000020144, 0.8999999999997000399 ) ) ;
#1768 = AXIS2_PLACEMENT_3D ( 'NONE', #305, #2999, #1684 ) ;
#1769 = EDGE_CURVE ( 'NONE', #1810, #65, #1864, .T. ) ;
#1770 = LINE ( 'NONE', #954, #1558 ) ;
#1771 = ORIENTED_EDGE ( 'NONE', *, *, #1670, .F. ) ;
#1772 = AXIS2_PLACEMENT_3D ( 'NONE', #3293, #337, #103 ) ;
#1773 = AXIS2_PLACEMENT_3D ( 'NONE', #2243, #3310, #302 ) ;
#1774 = EDGE_CURVE ( 'NONE', #1408, #468, #491, .T. ) ;
#1775 = VECTOR ( 'NONE', #3302, 1000.000000000000000 ) ;
#1776 = VECTOR ( 'NONE', #60, 1000.000000000000000 ) ;
#1777 = CARTESIAN_POINT ( 'NONE',  ( -0.4000000000003999800, 0.01000000000000035236, 1.540000000000000036 ) ) ;
#1778 = AXIS2_PLACEMENT_3D ( 'NONE', #304, #1382, #3262 ) ;
#1779 = CYLINDRICAL_SURFACE ( 'NONE', #482, 0.8649999999999999911 ) ;
#1780 = EDGE_CURVE ( 'NONE', #1806, #240, #201, .T. ) ;
#1781 = CARTESIAN_POINT ( 'NONE',  ( -0.01000000000037727134, 1.269973505107083733, 0.9824202904647588719 ) ) ;
#1782 = CARTESIAN_POINT ( 'NONE',  ( -1.300000000000000266, -1.998401444325951861E-16, -0.9000000000003000045 ) ) ;
#1783 = DIRECTION ( 'NONE',  ( 0.0000000000000000000, -1.000000000000000000, 2.220446049250310123E-16 ) ) ;
#1784 = DIRECTION ( 'NONE',  ( 0.0000000000000000000, -1.000000000000000000, -0.0000000000000000000 ) ) ;
#1785 = EDGE_LOOP ( 'NONE', ( #2367, #3155, #2044, #3131, #1468, #2448, #164, #1213, #821, #3320 ) ) ;
#1786 = DIRECTION ( 'NONE',  ( 0.0000000000000000000, -2.226486605569892678E-16, -1.000000000000000000 ) ) ;
#1787 = ORIENTED_EDGE ( 'NONE', *, *, #3000, .F. ) ;
#1788 = FILL_AREA_STYLE ('',( #2806 ) ) ;
#1789 = LINE ( 'NONE', #2329, #1210 ) ;
#1790 = ORIENTED_EDGE ( 'NONE', *, *, #941, .F. ) ;
#1791 = ADVANCED_FACE ( 'NONE', ( #470 ), #774, .F. ) ;
#1792 = MANIFOLD_SOLID_BREP ( 'Body1', #119 ) ;
#1793 = DIRECTION ( 'NONE',  ( 4.397524011601313017E-13, 1.000000000000000000, 0.0000000000000000000 ) ) ;
#1794 = EDGE_LOOP ( 'NONE', ( #1063, #1294, #363, #3367 ) ) ;
#1795 = CARTESIAN_POINT ( 'NONE',  ( 1.149999999999999911, 0.1199999999999999539, -0.2250000000002999601 ) ) ;
#1796 = CARTESIAN_POINT ( 'NONE',  ( -1.149999999999999911, 0.009999999999999809389, -0.9000000000003000045 ) ) ;
#1797 = CARTESIAN_POINT ( 'NONE',  ( 0.8127333948359515281, 1.300000000000010925, 0.4333484149295504517 ) ) ;
#1798 = ADVANCED_FACE ( 'NONE', ( #2141 ), #2638, .T. ) ;
#1799 = ORIENTED_EDGE ( 'NONE', *, *, #1227, .F. ) ;
#1800 = CARTESIAN_POINT ( 'NONE',  ( -0.3000000000004000023, 0.1200000000000000094, -1.175655333991199925 ) ) ;
#1801 = ORIENTED_EDGE ( 'NONE', *, *, #116, .T. ) ;
#1802 = CARTESIAN_POINT ( 'NONE',  ( 0.9999903437672100770, 1.220000001082299779, 0.004394680206264864331 ) ) ;
#1803 = ORIENTED_EDGE ( 'NONE', *, *, #1959, .T. ) ;
#1804 = DIRECTION ( 'NONE',  ( -1.000000000000000000, 0.0000000000000000000, -0.0000000000000000000 ) ) ;
#1805 = CARTESIAN_POINT ( 'NONE',  ( -4.332611628267369764E-13, 0.5300000000000995026, -1.000000000059217742 ) ) ;
#1806 = VERTEX_POINT ( 'NONE', #1020 ) ;
#1807 = VECTOR ( 'NONE', #1401, 1000.000000000000000 ) ;
#1808 = MANIFOLD_SOLID_BREP ( 'Body3', #2257 ) ;
#1809 = CARTESIAN_POINT ( 'NONE',  ( 0.2999999999995999200, -1.801471567448089578E-16, -0.8113106679880742744 ) ) ;
#1810 = VERTEX_POINT ( 'NONE', #1038 ) ;
#1811 = VECTOR ( 'NONE', #1592, 1000.000000000000114 ) ;
#1812 = CARTESIAN_POINT ( 'NONE',  ( -1.000000000000000000, 2.886579864025407104E-16, 1.300000000000000266 ) ) ;
#1813 = ADVANCED_FACE ( 'NONE', ( #2102 ), #1060, .T. ) ;
#1814 = AXIS2_PLACEMENT_3D ( 'NONE', #734, #3353, #682 ) ;
#1815 = DIRECTION ( 'NONE',  ( 0.0000000000000000000, 1.000000000000000000, -2.220446049250310123E-16 ) ) ;
#1816 = CARTESIAN_POINT ( 'NONE',  ( 0.5672708657700202828, 1.300000000000010481, 0.7351125610324220627 ) ) ;
#1817 = CARTESIAN_POINT ( 'NONE',  ( -1.149999999999999911, 0.1200000000000000094, -3.001338066965790108E-13 ) ) ;
#1818 = EDGE_CURVE ( 'NONE', #2003, #58, #1387, .T. ) ;
#1819 = LINE ( 'NONE', #448, #1704 ) ;
#1820 = ORIENTED_EDGE ( 'NONE', *, *, #307, .T. ) ;
#1821 = VERTEX_POINT ( 'NONE', #579 ) ;
#1822 = LINE ( 'NONE', #2908, #806 ) ;
#1823 = DIRECTION ( 'NONE',  ( -0.0000000000000000000, -0.0000000000000000000, -1.000000000000000000 ) ) ;
#1824 = CARTESIAN_POINT ( 'NONE',  ( -0.01000000000043513651, 0.3599999999999998757, 0.9999499987496371922 ) ) ;
#1825 = VERTEX_POINT ( 'NONE', #2431 ) ;
#1826 = DIRECTION ( 'NONE',  ( 0.0000000000000000000, -2.220446049250310123E-16, -1.000000000000000000 ) ) ;
#1827 = CIRCLE ( 'NONE', #654, 0.8649999999999999911 ) ;
#1828 = CARTESIAN_POINT ( 'NONE',  ( 0.8352245207134999516, 0.01000000000000010082, 0.2249999999996999955 ) ) ;
#1829 = ORIENTED_EDGE ( 'NONE', *, *, #1542, .F. ) ;
#1830 = CARTESIAN_POINT ( 'NONE',  ( 0.2999999999995999755, 0.009999999999999899594, -0.5000000000002999823 ) ) ;
#1831 = VECTOR ( 'NONE', #3405, 1000.000000000000000 ) ;
#1832 = MECHANICAL_DESIGN_GEOMETRIC_PRESENTATION_REPRESENTATION (  '', ( #2389 ), #2836 ) ;
#1833 = FACE_OUTER_BOUND ( 'NONE', #353, .T. ) ;
#1834 = AXIS2_PLACEMENT_3D ( 'NONE', #2296, #2818, #1786 ) ;
#1835 = VECTOR ( 'NONE', #3160, 1000.000000000000000 ) ;
#1836 = CARTESIAN_POINT ( 'NONE',  ( 0.3511431112064350990, 1.300000000000010036, -0.8504673266415868627 ) ) ;
#1837 = EDGE_LOOP ( 'NONE', ( #3269, #474, #388, #1593, #2949 ) ) ;
#1838 = CARTESIAN_POINT ( 'NONE',  ( 0.2999999999995999755, 0.1200000000000000233, -0.8113106679824000356 ) ) ;
#1839 = EDGE_CURVE ( 'NONE', #1531, #754, #2751, .T. ) ;
#1840 = AXIS2_PLACEMENT_3D ( 'NONE', #1943, #2477, #1152 ) ;
#1841 = DIRECTION ( 'NONE',  ( -1.000000000000000000, 0.0000000000000000000, 0.0000000000000000000 ) ) ;
#1842 = VERTEX_POINT ( 'NONE', #947 ) ;
#1843 = CARTESIAN_POINT ( 'NONE',  ( -0.01000000000042999999, 0.3599999999999999867, 0.8899438179997000153 ) ) ;
#1844 = VERTEX_POINT ( 'NONE', #1216 ) ;
#1845 = CARTESIAN_POINT ( 'NONE',  ( -0.3000000000004000023, 0.1200000000000000094, 0.5199999999998500266 ) ) ;
#1846 =( NAMED_UNIT ( * ) SI_UNIT ( $, .STERADIAN. ) SOLID_ANGLE_UNIT ( ) );
#1847 = DIRECTION ( 'NONE',  ( 0.0000000000000000000, 0.0000000000000000000, -1.000000000000000000 ) ) ;
#1848 = ORIENTED_EDGE ( 'NONE', *, *, #1496, .T. ) ;
#1849 = EDGE_CURVE ( 'NONE', #3008, #2436, #1160, .T. ) ;
#1850 = CARTESIAN_POINT ( 'NONE',  ( -0.4000000000003999800, -8.881784197007910063E-17, -0.4000000000003000045 ) ) ;
#1851 = DIRECTION ( 'NONE',  ( 0.0000000000000000000, 1.000000000000000000, -2.220446049250310123E-16 ) ) ;
#1852 = VERTEX_POINT ( 'NONE', #1955 ) ;
#1853 = DIRECTION ( 'NONE',  ( 0.0000000000000000000, -2.220446049250309876E-16, -1.000000000000000000 ) ) ;
#1854 = CARTESIAN_POINT ( 'NONE',  ( -0.2829250520007544623, 1.300000000000010036, -0.8755621562461987084 ) ) ;
#1855 = ORIENTED_EDGE ( 'NONE', *, *, #2211, .T. ) ;
#1856 = CARTESIAN_POINT ( 'NONE',  ( -0.8352245207144000094, 4.996003610806539913E-17, 0.2249999999996999955 ) ) ;
#1857 = CARTESIAN_POINT ( 'NONE',  ( -1.149999999999999911, -1.998401444325950135E-16, -0.9000000000003000045 ) ) ;
#1858 = EDGE_CURVE ( 'NONE', #1150, #32, #1685, .T. ) ;
#1859 = VERTEX_POINT ( 'NONE', #2183 ) ;
#1860 = CARTESIAN_POINT ( 'NONE',  ( -0.3000000000004000023, 0.1199999999999997735, -0.5000000000003000933 ) ) ;
#1861 = ORIENTED_EDGE ( 'NONE', *, *, #617, .T. ) ;
#1862 = CARTESIAN_POINT ( 'NONE',  ( 1.149999999999999911, 0.009999999999999809389, -0.9000000000003000045 ) ) ;
#1863 = EDGE_CURVE ( 'NONE', #153, #468, #308, .T. ) ;
#1864 = LINE ( 'NONE', #3438, #1895 ) ;
#1865 = DIRECTION ( 'NONE',  ( 0.0000000000000000000, 0.0000000000000000000, 1.000000000000000000 ) ) ;
#1866 = ORIENTED_EDGE ( 'NONE', *, *, #539, .F. ) ;
#1867 = CARTESIAN_POINT ( 'NONE',  ( 0.8312358679996000310, 0.01000000000000020144, 0.8999999999997000399 ) ) ;
#1868 = EDGE_CURVE ( 'NONE', #472, #2736, #3248, .T. ) ;
#1869 = FACE_OUTER_BOUND ( 'NONE', #2293, .T. ) ;
#1870 = EDGE_LOOP ( 'NONE', ( #983, #1801, #479, #1030 ) ) ;
#1871 = DIRECTION ( 'NONE',  ( -4.397524011601310493E-13, -1.000000000000000000, 0.0000000000000000000 ) ) ;
#1872 = VECTOR ( 'NONE', #2880, 1000.000000000000000 ) ;
#1873 = DIRECTION ( 'NONE',  ( 1.000000000000000000, 0.0000000000000000000, 0.0000000000000000000 ) ) ;
#1874 = EDGE_LOOP ( 'NONE', ( #1309, #1298 ) ) ;
#1875 = CARTESIAN_POINT ( 'NONE',  ( -0.9176144565794678298, 1.299999999828630237, 0.5448411778524657745 ) ) ;
#1876 = DIRECTION ( 'NONE',  ( 0.0000000000000000000, 1.000000000000000000, -2.220446049250310123E-16 ) ) ;
#1877 = VERTEX_POINT ( 'NONE', #1425 ) ;
#1878 = FACE_OUTER_BOUND ( 'NONE', #3335, .T. ) ;
#1879 = ORIENTED_EDGE ( 'NONE', *, *, #2158, .F. ) ;
#1880 = CARTESIAN_POINT ( 'NONE',  ( -3.258498047547345854E-13, 1.223649167310336017, -9.740601415281479904E-14 ) ) ;
#1881 =( NAMED_UNIT ( * ) PLANE_ANGLE_UNIT ( ) SI_UNIT ( $, .RADIAN. ) );
#1882 = CARTESIAN_POINT ( 'NONE',  ( -0.3000000000004000023, 0.009999999999999899594, -0.5000000000002999823 ) ) ;
#1883 = VERTEX_POINT ( 'NONE', #618 ) ;
#1884 = EDGE_CURVE ( 'NONE', #2, #652, #2811, .T. ) ;
#1885 = CARTESIAN_POINT ( 'NONE',  ( -1.167612260354550013, 0.1200000000000000511, 0.2249999999996999955 ) ) ;
#1886 = CARTESIAN_POINT ( 'NONE',  ( -1.149999999999999911, 1.998401444324619918E-16, 0.8999999999997000399 ) ) ;
#1887 = ORIENTED_EDGE ( 'NONE', *, *, #2816, .F. ) ;
#1888 = DIRECTION ( 'NONE',  ( 0.0000000000000000000, 0.0000000000000000000, -1.000000000000000000 ) ) ;
#1889 = CARTESIAN_POINT ( 'NONE',  ( -0.8678622375604859718, 1.300000000000010703, 0.3056512401634543519 ) ) ;
#1890 = ORIENTED_EDGE ( 'NONE', *, *, #2531, .F. ) ;
#1891 = CARTESIAN_POINT ( 'NONE',  ( -0.5683507061881666322, 1.300000001092710633, -0.9668629141844145014 ) ) ;
#1892 = AXIS2_PLACEMENT_3D ( 'NONE', #688, #410, #134 ) ;
#1893 = EDGE_CURVE ( 'NONE', #434, #3053, #825, .T. ) ;
#1894 = CIRCLE ( 'NONE', #1778, 0.3499999998159000203 ) ;
#1895 = VECTOR ( 'NONE', #1311, 1000.000000000000000 ) ;
#1896 = CARTESIAN_POINT ( 'NONE',  ( -0.3000000000004000023, 0.009999999999999899594, -0.5000000000002999823 ) ) ;
#1897 = ORIENTED_EDGE ( 'NONE', *, *, #2039, .F. ) ;
#1898 = DIRECTION ( 'NONE',  ( 0.0000000000000000000, -1.000000000000000000, 2.220446049250310123E-16 ) ) ;
#1899 = AXIS2_PLACEMENT_3D ( 'NONE', #1761, #2846, #1231 ) ;
#1900 = CARTESIAN_POINT ( 'NONE',  ( -1.000000000000000000, 2.886579864025410062E-16, 1.300000000000000266 ) ) ;
#1901 = CARTESIAN_POINT ( 'NONE',  ( 1.149999999999999911, 0.01000000000000010082, 0.2249999999996999955 ) ) ;
#1902 = ORIENTED_EDGE ( 'NONE', *, *, #1630, .F. ) ;
#1903 = CARTESIAN_POINT ( 'NONE',  ( 0.8352245207134999516, 0.01000000000000010082, 0.2249999999996999955 ) ) ;
#1904 = MANIFOLD_SOLID_BREP ( 'Body5', #636 ) ;
#1905 = DIRECTION ( 'NONE',  ( 1.000000000000000000, -0.0000000000000000000, 0.0000000000000000000 ) ) ;
#1906 = ADVANCED_FACE ( 'NONE', ( #3026 ), #2963, .F. ) ;
#1907 = CARTESIAN_POINT ( 'NONE',  ( 0.3198000180050574737, 1.300000000000010925, 0.8627473735021756740 ) ) ;
#1908 = FACE_OUTER_BOUND ( 'NONE', #2335, .T. ) ;
#1909 = CARTESIAN_POINT ( 'NONE',  ( -0.3103634377166381020, 1.300000000000010703, -0.8661882479092406495 ) ) ;
#1910 = CARTESIAN_POINT ( 'NONE',  ( -1.149999999999999911, 0.009999999999999960310, -0.2250000000002999878 ) ) ;
#1911 = FACE_OUTER_BOUND ( 'NONE', #406, .T. ) ;
#1912 = EDGE_CURVE ( 'NONE', #1825, #1242, #1743, .T. ) ;
#1913 = CARTESIAN_POINT ( 'NONE',  ( 1.500000000000000000, 0.009999999999999809389, -0.9000000000003000045 ) ) ;
#1914 = ORIENTED_EDGE ( 'NONE', *, *, #2478, .F. ) ;
#1915 = DIRECTION ( 'NONE',  ( 0.0000000000000000000, -1.000000000000000000, 2.220446049250310123E-16 ) ) ;
#1916 = SURFACE_STYLE_USAGE ( .BOTH. , #2468 ) ;
#1917 = ORIENTED_EDGE ( 'NONE', *, *, #2390, .T. ) ;
#1918 = CARTESIAN_POINT ( 'NONE',  ( -0.4000000000003999800, 0.009999999999999899594, -0.5000000000002999823 ) ) ;
#1919 = DIRECTION ( 'NONE',  ( 0.0000000000000000000, 0.0000000000000000000, 1.000000000000000000 ) ) ;
#1920 = ORIENTED_EDGE ( 'NONE', *, *, #440, .T. ) ;
#1921 = CARTESIAN_POINT ( 'NONE',  ( 0.8644886730969756350, 1.300000000000010481, -0.3150664686943437376 ) ) ;
#1922 = CARTESIAN_POINT ( 'NONE',  ( -0.2390854998576394663, 1.300000000000010925, 0.8960569090038510431 ) ) ;
#1923 = VECTOR ( 'NONE', #100, 1000.000000000000000 ) ;
#1924 = FACE_OUTER_BOUND ( 'NONE', #896, .T. ) ;
#1925 = FACE_OUTER_BOUND ( 'NONE', #174, .T. ) ;
#1926 = EDGE_CURVE ( 'NONE', #1242, #937, #207, .T. ) ;
#1927 = VECTOR ( 'NONE', #3464, 1000.000000000000000 ) ;
#1928 = DIRECTION ( 'NONE',  ( -0.0000000000000000000, 1.000000000000000000, -2.220446049250310123E-16 ) ) ;
#1929 = CARTESIAN_POINT ( 'NONE',  ( 0.2999999999995998645, -1.110223024625828058E-16, -0.5000000000002999823 ) ) ;
#1930 = CARTESIAN_POINT ( 'NONE',  ( -0.4000000000004000356, -2.886579864025410062E-16, -1.300000000000000266 ) ) ;
#1931 = AXIS2_PLACEMENT_3D ( 'NONE', #1345, #20, #1612 ) ;
#1932 = ADVANCED_FACE ( 'NONE', ( #1833 ), #1571, .T. ) ;
#1933 = AXIS2_PLACEMENT_3D ( 'NONE', #2298, #3368, #2070 ) ;
#1934 = SURFACE_STYLE_FILL_AREA ( #1125 ) ;
#1935 = FILL_AREA_STYLE_COLOUR ( '', #1718 ) ;
#1936 = ORIENTED_EDGE ( 'NONE', *, *, #1413, .T. ) ;
#1937 = FACE_OUTER_BOUND ( 'NONE', #1331, .T. ) ;
#1938 = LINE ( 'NONE', #29, #1365 ) ;
#1939 = FACE_OUTER_BOUND ( 'NONE', #1567, .T. ) ;
#1940 = ORIENTED_EDGE ( 'NONE', *, *, #1190, .F. ) ;
#1941 = SHAPE_DEFINITION_REPRESENTATION ( #3427, #105 ) ;
#1942 = DIRECTION ( 'NONE',  ( 0.7071067811865475727, -1.570092458683769004E-16, -0.7071067811865475727 ) ) ;
#1943 = CARTESIAN_POINT ( 'NONE',  ( 4.995667725571750419E-10, 0.01000000032200019928, -2.999913954110550205E-13 ) ) ;
#1944 = ORIENTED_EDGE ( 'NONE', *, *, #1111, .F. ) ;
#1945 = CARTESIAN_POINT ( 'NONE',  ( -0.4000000000003999800, 0.009999999999999920411, -0.4000000000003000045 ) ) ;
#1946 = CARTESIAN_POINT ( 'NONE',  ( -0.9974070197990071440, 1.266862916074871004, 0.5922186725969630361 ) ) ;
#1947 = CONICAL_SURFACE ( 'NONE', #3290, 0.3499999997864320367, 0.6202494855987442657 ) ;
#1948 = FACE_OUTER_BOUND ( 'NONE', #62, .T. ) ;
#1949 = AXIS2_PLACEMENT_3D ( 'NONE', #133, #183, #685 ) ;
#1950 = CIRCLE ( 'NONE', #428, 0.09999999984918719886 ) ;
#1951 = CARTESIAN_POINT ( 'NONE',  ( -0.3000000000004000023, -1.110223024625821895E-16, -0.5000000000002998712 ) ) ;
#1952 = EDGE_CURVE ( 'NONE', #1557, #1470, #155, .T. ) ;
#1953 = ORIENTED_EDGE ( 'NONE', *, *, #1469, .F. ) ;
#1954 = DIRECTION ( 'NONE',  ( 0.0000000000000000000, -1.040834085583301004E-12, 1.000000000000000000 ) ) ;
#1955 = CARTESIAN_POINT ( 'NONE',  ( -4.333061728278609828E-13, 0.3599999999999995426, -0.8900000000003002176 ) ) ;
#1956 = VERTEX_POINT ( 'NONE', #3391 ) ;
#1957 = EDGE_LOOP ( 'NONE', ( #1175, #2631, #586, #900 ) ) ;
#1958 = VECTOR ( 'NONE', #2791, 1000.000000000000000 ) ;
#1959 = EDGE_CURVE ( 'NONE', #1551, #562, #1504, .T. ) ;
#1960 = ORIENTED_EDGE ( 'NONE', *, *, #171, .T. ) ;
#1961 =( NAMED_UNIT ( * ) PLANE_ANGLE_UNIT ( ) SI_UNIT ( $, .RADIAN. ) );
#1962 = CARTESIAN_POINT ( 'NONE',  ( -1.149999999999999911, 0.01000000000000020144, 0.8999999999997000399 ) ) ;
#1963 = ORIENTED_EDGE ( 'NONE', *, *, #2168, .F. ) ;
#1964 = CARTESIAN_POINT ( 'NONE',  ( -1.300000000000000266, 4.996003610713213354E-17, 0.2249999999955000773 ) ) ;
#1965 = DIRECTION ( 'NONE',  ( 0.0000000000000000000, 1.000000000000000000, -2.220446049250310123E-16 ) ) ;
#1966 = CARTESIAN_POINT ( 'NONE',  ( -4.332590166562743030E-13, 1.030000000000000027, 0.2499999999996997957 ) ) ;
#1967 = CARTESIAN_POINT ( 'NONE',  ( 0.8352245207136114180, -4.996003610763243159E-17, -0.2249999999980499821 ) ) ;
#1968 = ADVANCED_FACE ( 'NONE', ( #761 ), #2061, .T. ) ;
#1969 = CARTESIAN_POINT ( 'NONE',  ( 0.2999999999995999755, 0.1199999999999999123, -0.5000000000003000933 ) ) ;
#1970 = ORIENTED_EDGE ( 'NONE', *, *, #1712, .F. ) ;
#1971 = PRESENTATION_STYLE_ASSIGNMENT (( #389 ) ) ;
#1972 = ADVANCED_FACE ( 'NONE', ( #1535 ), #1249, .F. ) ;
#1973 = LINE ( 'NONE', #3055, #3267 ) ;
#1974 = DIRECTION ( 'NONE',  ( 2.014482671054278068E-14, -2.331617575139618572E-16, -1.000000000000000000 ) ) ;
#1975 = SURFACE_STYLE_FILL_AREA ( #939 ) ;
#1976 = ADVANCED_FACE ( 'NONE', ( #188 ), #708, .F. ) ;
#1977 = CARTESIAN_POINT ( 'NONE',  ( -0.3000000000004000023, -2.886579864025410062E-16, -1.300000000000000266 ) ) ;
#1978 = CARTESIAN_POINT ( 'NONE',  ( 0.2999999999995999755, 0.1199999999999999678, -0.5000000000003000933 ) ) ;
#1979 = DIRECTION ( 'NONE',  ( -1.110223024625152103E-16, 1.000000000000000000, -1.110223024625152103E-16 ) ) ;
#1980 = ORIENTED_EDGE ( 'NONE', *, *, #2401, .F. ) ;
#1981 = DIRECTION ( 'NONE',  ( -0.7071067811865474617, -0.0000000000000000000, 0.7071067811865474617 ) ) ;
#1982 = CLOSED_SHELL ( 'NONE', ( #1295, #1439, #5, #2303, #1798, #1647, #986, #2824, #247, #241 ) ) ;
#1983 = ORIENTED_EDGE ( 'NONE', *, *, #2531, .T. ) ;
#1984 = DIRECTION ( 'NONE',  ( 0.0000000000000000000, 1.000000000000000000, -2.220446049250310123E-16 ) ) ;
#1985 = VECTOR ( 'NONE', #1657, 1000.000000000000000 ) ;
#1986 = VERTEX_POINT ( 'NONE', #209 ) ;
#1987 = DIRECTION ( 'NONE',  ( 0.0000000000000000000, -1.000000000000000000, 2.220446049250310123E-16 ) ) ;
#1988 = ORIENTED_EDGE ( 'NONE', *, *, #99, .F. ) ;
#1989 = EDGE_CURVE ( 'NONE', #83, #2197, #1012, .T. ) ;
#1990 = CARTESIAN_POINT ( 'NONE',  ( 4.995667725571750419E-10, 0.01000000000000007827, 0.3499999998156000380 ) ) ;
#1991 = ORIENTED_EDGE ( 'NONE', *, *, #3317, .T. ) ;
#1992 = FACE_OUTER_BOUND ( 'NONE', #627, .T. ) ;
#1993 = CONICAL_SURFACE ( 'NONE', #540, 0.3499999997864320367, 0.6202494855987442657 ) ;
#1994 = CARTESIAN_POINT ( 'NONE',  ( -0.8352245207129955773, 0.009999999999999951636, -0.2250000000013492873 ) ) ;
#1995 = EDGE_CURVE ( 'NONE', #2853, #2197, #459, .T. ) ;
#1996 = ORIENTED_EDGE ( 'NONE', *, *, #1849, .F. ) ;
#1997 = DIRECTION ( 'NONE',  ( 0.0000000000000000000, 2.220446049250310123E-16, 1.000000000000000000 ) ) ;
#1998 = VECTOR ( 'NONE', #3313, 1000.000000000000000 ) ;
#1999 = CIRCLE ( 'NONE', #1772, 0.3499999998159000203 ) ;
#2000 = VECTOR ( 'NONE', #267, 1000.000000000000000 ) ;
#2001 = EDGE_LOOP ( 'NONE', ( #718, #1081, #3377, #3104, #2510 ) ) ;
#2002 = DIRECTION ( 'NONE',  ( 0.0000000000000000000, 0.0000000000000000000, -1.000000000000000000 ) ) ;
#2003 = VERTEX_POINT ( 'NONE', #227 ) ;
#2004 = STYLED_ITEM ( 'NONE', ( #620 ), #2991 ) ;
#2005 = PRESENTATION_LAYER_ASSIGNMENT (  '', '', ( #2445 ) ) ;
#2006 = AXIS2_PLACEMENT_3D ( 'NONE', #518, #1588, #1320 ) ;
#2007 = CARTESIAN_POINT ( 'NONE',  ( 0.009999999999566969860, 0.3600000000000000977, 0.9999499987496185405 ) ) ;
#2008 = ORIENTED_EDGE ( 'NONE', *, *, #2688, .T. ) ;
#2009 = VECTOR ( 'NONE', #2822, 1000.000000000000000 ) ;
#2010 = EDGE_CURVE ( 'NONE', #1464, #1576, #477, .T. ) ;
#2011 = CARTESIAN_POINT ( 'NONE',  ( 0.3999999999996000088, 0.1200000000000000233, 0.3999999999996999844 ) ) ;
#2012 = DIRECTION ( 'NONE',  ( 0.0000000000000000000, 2.220446049250310123E-16, 1.000000000000000000 ) ) ;
#2013 = EDGE_CURVE ( 'NONE', #1256, #2349, #1302, .T. ) ;
#2014 = LINE ( 'NONE', #1994, #2238 ) ;
#2015 = EDGE_LOOP ( 'NONE', ( #176, #1167 ) ) ;
#2016 = DIRECTION ( 'NONE',  ( 0.0000000000000000000, 1.000000000000000000, -2.220446049250310123E-16 ) ) ;
#2017 = EDGE_CURVE ( 'NONE', #2302, #1404, #172, .T. ) ;
#2018 = EDGE_LOOP ( 'NONE', ( #1488, #1329, #2381, #1363 ) ) ;
#2019 = CARTESIAN_POINT ( 'NONE',  ( 0.9974070204313055799, 1.220000001082299779, 0.5922186734798258190 ) ) ;
#2020 = ORIENTED_EDGE ( 'NONE', *, *, #2017, .T. ) ;
#2021 = CYLINDRICAL_SURFACE ( 'NONE', #1163, 0.3499999998159000203 ) ;
#2022 = ORIENTED_EDGE ( 'NONE', *, *, #2744, .T. ) ;
#2023 = DIRECTION ( 'NONE',  ( -0.0000000000000000000, 1.000000000000000000, -2.220446049250310123E-16 ) ) ;
#2024 = LINE ( 'NONE', #2781, #2385 ) ;
#2025 = UNCERTAINTY_MEASURE_WITH_UNIT (LENGTH_MEASURE( 1.000000000000000082E-05 ), #77, 'distance_accuracy_value', 'NONE');
#2026 = DIRECTION ( 'NONE',  ( 0.0000000000000000000, -2.168404344899676860E-16, -1.000000000000000000 ) ) ;
#2027 = CARTESIAN_POINT ( 'NONE',  ( 0.3999999999996000088, 0.1200000000000000233, 0.3999999999996999844 ) ) ;
#2028 = ORIENTED_EDGE ( 'NONE', *, *, #50, .F. ) ;
#2029 = CARTESIAN_POINT ( 'NONE',  ( -0.8352245207138391248, 0.1200000000000000233, 0.2249999999996999955 ) ) ;
#2030 = EDGE_CURVE ( 'NONE', #22, #3162, #1554, .T. ) ;
#2031 = EDGE_LOOP ( 'NONE', ( #498, #2433, #912, #1988 ) ) ;
#2032 = ORIENTED_EDGE ( 'NONE', *, *, #1007, .T. ) ;
#2033 = CYLINDRICAL_SURFACE ( 'NONE', #3097, 0.9300000000000000488 ) ;
#2034 = EDGE_CURVE ( 'NONE', #642, #1289, #1275, .T. ) ;
#2035 = AXIS2_PLACEMENT_3D ( 'NONE', #371, #635, #349 ) ;
#2036 = AXIS2_PLACEMENT_3D ( 'NONE', #2730, #541, #1403 ) ;
#2037 = DIRECTION ( 'NONE',  ( 1.000000000000000000, -0.0000000000000000000, 0.0000000000000000000 ) ) ;
#2038 = ORIENTED_EDGE ( 'NONE', *, *, #1989, .T. ) ;
#2039 = EDGE_CURVE ( 'NONE', #2579, #2659, #1644, .T. ) ;
#2040 = CARTESIAN_POINT ( 'NONE',  ( -0.4000000000003999245, -9.436895709320499920E-17, -0.4000000000003001710 ) ) ;
#2041 = VERTEX_POINT ( 'NONE', #2441 ) ;
#2042 = DIRECTION ( 'NONE',  ( 1.000000000000000000, 0.0000000000000000000, 0.0000000000000000000 ) ) ;
#2043 = CARTESIAN_POINT ( 'NONE',  ( -0.3000000000004000023, 0.01000000000000010082, 0.4999999999997000177 ) ) ;
#2044 = ORIENTED_EDGE ( 'NONE', *, *, #307, .F. ) ;
#2045 = CARTESIAN_POINT ( 'NONE',  ( 1.167612260356239995, 0.1200000000000002037, 0.8999999999997000399 ) ) ;
#2046 = DIRECTION ( 'NONE',  ( 0.0000000000000000000, -2.436409376371920126E-16, -1.000000000000000000 ) ) ;
#2047 = EDGE_LOOP ( 'NONE', ( #1996, #1641, #3122, #2514 ) ) ;
#2048 = CARTESIAN_POINT ( 'NONE',  ( 1.613549821848923257E-11, 1.300000001092710633, -0.9668629135552919696 ) ) ;
#2049 = EDGE_LOOP ( 'NONE', ( #1229, #2985, #3234, #248 ) ) ;
#2050 = EDGE_CURVE ( 'NONE', #2504, #2805, #3217, .T. ) ;
#2051 = DIRECTION ( 'NONE',  ( 0.0000000000000000000, -2.226486605569892678E-16, -1.000000000000000000 ) ) ;
#2052 = ORIENTED_EDGE ( 'NONE', *, *, #465, .F. ) ;
#2053 = COLOUR_RGB ( '',0.9529411764705881804, 0.8980392156862745390, 0.6549019607843137303 ) ;
#2054 = B_SPLINE_CURVE_WITH_KNOTS ( 'NONE', 3,
 ( #1696, #2706, #2496, #3242 ),
 .UNSPECIFIED., .F., .F.,
 ( 4, 4 ),
 ( 3.430284033037697555E-14, 9.899761073225930830E-05 ),
 .UNSPECIFIED. ) ;
#2055 =( GEOMETRIC_REPRESENTATION_CONTEXT ( 3 ) GLOBAL_UNCERTAINTY_ASSIGNED_CONTEXT ( ( #973 ) ) GLOBAL_UNIT_ASSIGNED_CONTEXT ( ( #862, #2489, #3003 ) ) REPRESENTATION_CONTEXT ( 'NONE', 'WORKASPACE' ) );
#2056 = VECTOR ( 'NONE', #138, 1000.000000000000114 ) ;
#2057 = EDGE_CURVE ( 'NONE', #1844, #937, #2139, .T. ) ;
#2058 = DIRECTION ( 'NONE',  ( 0.0000000000000000000, 0.0000000000000000000, 1.000000000000000000 ) ) ;
#2059 = ORIENTED_EDGE ( 'NONE', *, *, #3025, .T. ) ;
#2060 = DIRECTION ( 'NONE',  ( 0.0000000000000000000, 2.220446049250310123E-16, 1.000000000000000000 ) ) ;
#2061 = CONICAL_SURFACE ( 'NONE', #831, 1.000000000032896130, 0.7853981633974482790 ) ;
#2062 = UNCERTAINTY_MEASURE_WITH_UNIT (LENGTH_MEASURE( 1.000000000000000082E-05 ), #8, 'distance_accuracy_value', 'NONE');
#2063 = CARTESIAN_POINT ( 'NONE',  ( -0.01000000000039092535, 1.298047761351349694, 0.9375121731569607819 ) ) ;
#2064 = LINE ( 'NONE', #318, #830 ) ;
#2065 = EDGE_LOOP ( 'NONE', ( #1022, #3094, #1668, #1902 ) ) ;
#2066 = CARTESIAN_POINT ( 'NONE',  ( -1.500000000000000000, 0.01000000000000020144, 0.8999999999997000399 ) ) ;
#2067 = ORIENTED_EDGE ( 'NONE', *, *, #2430, .T. ) ;
#2068 = CARTESIAN_POINT ( 'NONE',  ( 0.2999999999995999755, 0.01000000000000039919, 1.540000000000000036 ) ) ;
#2069 = ORIENTED_EDGE ( 'NONE', *, *, #2621, .T. ) ;
#2070 = DIRECTION ( 'NONE',  ( 0.0000000000000000000, 1.000000000000000000, -2.220446049250310123E-16 ) ) ;
#2071 = DIRECTION ( 'NONE',  ( 0.0000000000000000000, 2.226486605382435661E-16, 1.000000000000000000 ) ) ;
#2072 = VERTEX_POINT ( 'NONE', #1044 ) ;
#2073 = EDGE_CURVE ( 'NONE', #1852, #2504, #200, .T. ) ;
#2074 = CARTESIAN_POINT ( 'NONE',  ( -4.332590228257060364E-13, 0.5300000000000997247, -3.001743585783939847E-13 ) ) ;
#2075 = ORIENTED_EDGE ( 'NONE', *, *, #1478, .F. ) ;
#2076 = DIRECTION ( 'NONE',  ( 0.0000000000000000000, 2.220446049250310123E-16, 1.000000000000000000 ) ) ;
#2077 = CARTESIAN_POINT ( 'NONE',  ( 0.06821245043851960344, 1.300000000000010703, 0.9193128677144979388 ) ) ;
#2078 = DIRECTION ( 'NONE',  ( 0.0000000000000000000, -2.213057180109501366E-16, -1.000000000000000000 ) ) ;
#2079 = CARTESIAN_POINT ( 'NONE',  ( 0.009999999999514562130, 1.287834073322345008, 0.9623572252210863542 ) ) ;
#2080 = EDGE_LOOP ( 'NONE', ( #2115, #998, #3386, #1861 ) ) ;
#2081 = CARTESIAN_POINT ( 'NONE',  ( -0.3000000000004000023, 0.009999999999999670611, -1.540000000000000036 ) ) ;
#2082 = VERTEX_POINT ( 'NONE', #557 ) ;
#2083 = FACE_OUTER_BOUND ( 'NONE', #3178, .T. ) ;
#2084 =( NAMED_UNIT ( * ) PLANE_ANGLE_UNIT ( ) SI_UNIT ( $, .RADIAN. ) );
#2085 = DIRECTION ( 'NONE',  ( 1.000000000000000000, 0.0000000000000000000, 0.0000000000000000000 ) ) ;
#2086 = AXIS2_PLACEMENT_3D ( 'NONE', #1903, #3481, #2163 ) ;
#2087 = CARTESIAN_POINT ( 'NONE',  ( -1.149999999999999911, -2.886579864025410062E-16, -1.300000000000000266 ) ) ;
#2088 = CARTESIAN_POINT ( 'NONE',  ( 0.8352245207128090598, 0.009999999999999951636, -0.2249999999988207822 ) ) ;
#2089 = EDGE_CURVE ( 'NONE', #6, #2773, #2391, .T. ) ;
#2090 = CARTESIAN_POINT ( 'NONE',  ( -4.332271828261990199E-13, 0.01000000000000000021, -2.972170954121060048E-13 ) ) ;
#2091 = CIRCLE ( 'NONE', #2996, 0.8650000000000001021 ) ;
#2092 = DIRECTION ( 'NONE',  ( 0.0000000000000000000, 1.000000000000000000, -2.220446049250310123E-16 ) ) ;
#2093 = ADVANCED_FACE ( 'NONE', ( #3197 ), #1606, .F. ) ;
#2094 = CARTESIAN_POINT ( 'NONE',  ( 0.8740115668550995087, 1.300000000000010481, -0.2876794341218174567 ) ) ;
#2095 = ORIENTED_EDGE ( 'NONE', *, *, #3478, .T. ) ;
#2096 = DIRECTION ( 'NONE',  ( 0.0000000000000000000, 1.000000000000000000, -2.220446049250310123E-16 ) ) ;
#2097 = EDGE_CURVE ( 'NONE', #632, #153, #1341, .T. ) ;
#2098 = ORIENTED_EDGE ( 'NONE', *, *, #2519, .T. ) ;
#2099 = DIRECTION ( 'NONE',  ( 0.0000000000000000000, 1.000000000000000000, -2.220446049250310123E-16 ) ) ;
#2100 = ORIENTED_EDGE ( 'NONE', *, *, #1386, .T. ) ;
#2101 = FACE_OUTER_BOUND ( 'NONE', #2363, .T. ) ;
#2102 = FACE_OUTER_BOUND ( 'NONE', #2675, .T. ) ;
#2103 = DIRECTION ( 'NONE',  ( 0.0000000000000000000, -1.000000000000000000, 2.220446049250310123E-16 ) ) ;
#2104 = ORIENTED_EDGE ( 'NONE', *, *, #334, .T. ) ;
#2105 = CARTESIAN_POINT ( 'NONE',  ( -0.4000000000003999245, 0.1199999999999999262, -0.4000000000003000600 ) ) ;
#2106 = AXIS2_PLACEMENT_3D ( 'NONE', #2074, #3138, #737 ) ;
#2107 = DIRECTION ( 'NONE',  ( 0.0000000000000000000, -1.000000000000000000, 2.220446049250310123E-16 ) ) ;
#2108 = ORIENTED_EDGE ( 'NONE', *, *, #2789, .T. ) ;
#2109 = FACE_OUTER_BOUND ( 'NONE', #1348, .T. ) ;
#2110 = EDGE_CURVE ( 'NONE', #1508, #882, #2423, .T. ) ;
#2111 = DIRECTION ( 'NONE',  ( -0.0000000000000000000, 1.000000000000000000, -2.220446049250310123E-16 ) ) ;
#2112 = VECTOR ( 'NONE', #2804, 1000.000000000000000 ) ;
#2113 = VECTOR ( 'NONE', #537, 1000.000000000000000 ) ;
#2114 = DIRECTION ( 'NONE',  ( -0.0000000000000000000, -1.000000000000000000, 0.0000000000000000000 ) ) ;
#2115 = ORIENTED_EDGE ( 'NONE', *, *, #405, .T. ) ;
#2116 = CARTESIAN_POINT ( 'NONE',  ( 0.009999999999527785927, 1.298047761354664820, 0.9375121731528971436 ) ) ;
#2117 = APPLICATION_CONTEXT ( 'automotive_design' ) ;
#2118 = EDGE_CURVE ( 'NONE', #3157, #1986, #18, .T. ) ;
#2119 = EDGE_LOOP ( 'NONE', ( #235, #345, #2148, #1734 ) ) ;
#2120 = CARTESIAN_POINT ( 'NONE',  ( 1.149999999999999911, 0.01000000000000010082, 0.2249999999996999955 ) ) ;
#2121 = EDGE_LOOP ( 'NONE', ( #1136, #190, #2714, #169 ) ) ;
#2122 = LINE ( 'NONE', #254, #2378 ) ;
#2123 = EDGE_CURVE ( 'NONE', #1161, #3365, #2779, .T. ) ;
#2124 = FILL_AREA_STYLE ('',( #1351 ) ) ;
#2125 = CARTESIAN_POINT ( 'NONE',  ( 1.500000000000000000, 0.1200000000000000094, -3.001338066965790108E-13 ) ) ;
#2126 = VERTEX_POINT ( 'NONE', #1453 ) ;
#2127 = DIRECTION ( 'NONE',  ( -0.7071067811865474617, -0.0000000000000000000, -0.7071067811865474617 ) ) ;
#2128 = DIRECTION ( 'NONE',  ( 1.000000000000000000, 0.0000000000000000000, 0.0000000000000000000 ) ) ;
#2129 = ORIENTED_EDGE ( 'NONE', *, *, #2050, .T. ) ;
#2130 = CARTESIAN_POINT ( 'NONE',  ( -4.333061728278609828E-13, 1.300000000000010036, -3.003006329441510194E-13 ) ) ;
#2131 = CARTESIAN_POINT ( 'NONE',  ( 1.167612260356239995, 0.1199999999999999539, -0.2250000000002999878 ) ) ;
#2132 = CARTESIAN_POINT ( 'NONE',  ( 1.149999999999999911, -4.996003610720007418E-17, -0.2249999999972999432 ) ) ;
#2133 = CARTESIAN_POINT ( 'NONE',  ( -0.9223677708392826746, 1.299999999828630015, -0.5367549674017009220 ) ) ;
#2134 = CARTESIAN_POINT ( 'NONE',  ( 0.8352245207124476822, 4.954397352444068022E-17, 0.2249999999995632161 ) ) ;
#2135 = ORIENTED_EDGE ( 'NONE', *, *, #903, .F. ) ;
#2136 = LINE ( 'NONE', #2081, #489 ) ;
#2137 = EDGE_CURVE ( 'NONE', #712, #1723, #892, .T. ) ;
#2138 = ORIENTED_EDGE ( 'NONE', *, *, #283, .F. ) ;
#2139 = B_SPLINE_CURVE_WITH_KNOTS ( 'NONE', 3,
 ( #2685, #781, #3239, #2650, #1854, #1909, #300, #838, #589, #3256, #1662, #37, #246, #2192, #2972, #1097, #2151, #280, #814, #572, #1627, #1889, #3445, #1376, #2915, #3469, #854, #1067, #322, #1, #2954, #1922, #2992, #2371 ),
 .UNSPECIFIED., .F., .F.,
 ( 4, 1, 1, 2, 2, 2, 1, 1, 2, 2, 2, 1, 1, 2, 2, 2, 1, 1, 2, 2, 4 ),
 ( 0.5000000000000000000, 0.5312500000000000000, 0.5468750000000000000, 0.5546875000000000000, 0.5625000000000000000, 0.6250000000000000000, 0.6562500000000001110, 0.6718750000000001110, 0.6796875000000001110, 0.6875000000000001110, 0.7500000000000003331, 0.7812500000000004441, 0.7968750000000004441, 0.8046875000000004441, 0.8125000000000004441, 0.8750000000000004441, 0.9062500000000004441, 0.9218750000000003331, 0.9296875000000002220, 0.9375000000000002220, 1.000000000000000000 ),
 .UNSPECIFIED. ) ;
#2140 = CARTESIAN_POINT ( 'NONE',  ( -0.3000000000003999467, 0.01000000000000010603, 0.4999999999997000177 ) ) ;
#2141 = FACE_OUTER_BOUND ( 'NONE', #776, .T. ) ;
#2142 = FACE_OUTER_BOUND ( 'NONE', #3086, .T. ) ;
#2143 = EDGE_CURVE ( 'NONE', #905, #275, #2253, .T. ) ;
#2144 = VERTEX_POINT ( 'NONE', #3012 ) ;
#2145 = CARTESIAN_POINT ( 'NONE',  ( -0.4000000000003999800, 4.440892098493945126E-17, 0.3999999999996999844 ) ) ;
#2146 = CARTESIAN_POINT ( 'NONE',  ( 4.995667725571750419E-10, 0.01000000008843934286, 0.3499999997861320544 ) ) ;
#2147 = ADVANCED_FACE ( 'NONE', ( #1415 ), #3034, .F. ) ;
#2148 = ORIENTED_EDGE ( 'NONE', *, *, #738, .T. ) ;
#2149 = LINE ( 'NONE', #2458, #2503 ) ;
#2150 = AXIS2_PLACEMENT_3D ( 'NONE', #558, #281, #2078 ) ;
#2151 = CARTESIAN_POINT ( 'NONE',  ( -0.9192873333112890899, 1.300000000000010703, -0.1212591125260426561 ) ) ;
#2152 =( GEOMETRIC_REPRESENTATION_CONTEXT ( 3 ) GLOBAL_UNCERTAINTY_ASSIGNED_CONTEXT ( ( #381 ) ) GLOBAL_UNIT_ASSIGNED_CONTEXT ( ( #1429, #1189, #599 ) ) REPRESENTATION_CONTEXT ( 'NONE', 'WORKASPACE' ) );
#2153 = DIRECTION ( 'NONE',  ( -0.7071067811865474617, 0.0000000000000000000, -0.7071067811865474617 ) ) ;
#2154 = CARTESIAN_POINT ( 'NONE',  ( -0.3000000000004000023, 0.1200000000000000372, -0.8113106679981364477 ) ) ;
#2155 = LINE ( 'NONE', #575, #2313 ) ;
#2156 = PLANE ( 'NONE',  #1214 ) ;
#2157 = DIRECTION ( 'NONE',  ( -0.0000000000000000000, -1.000000000000000000, 0.0000000000000000000 ) ) ;
#2158 = EDGE_CURVE ( 'NONE', #754, #2867, #891, .T. ) ;
#2159 = CARTESIAN_POINT ( 'NONE',  ( -1.149999999999999911, 0.01000000000000020144, 0.8999999999997000399 ) ) ;
#2160 = CARTESIAN_POINT ( 'NONE',  ( 1.149999999999999911, 0.1200000000000000372, 0.2249999999996999678 ) ) ;
#2161 = VERTEX_POINT ( 'NONE', #1693 ) ;
#2162 = TOROIDAL_SURFACE ( 'NONE', #931, 0.04999999999999588801, 0.1999999999999985678 ) ;
#2163 = DIRECTION ( 'NONE',  ( 0.0000000000000000000, -1.000000000000000000, 2.220446049250310123E-16 ) ) ;
#2164 = FACE_OUTER_BOUND ( 'NONE', #733, .T. ) ;
#2165 = ORIENTED_EDGE ( 'NONE', *, *, #853, .F. ) ;
#2166 = VECTOR ( 'NONE', #3448, 1000.000000000000000 ) ;
#2167 = CARTESIAN_POINT ( 'NONE',  ( 1.300000000000000266, 0.04999998641199999982, -0.9000000000003000045 ) ) ;
#2168 = EDGE_CURVE ( 'NONE', #1006, #2, #923, .T. ) ;
#2169 = VECTOR ( 'NONE', #394, 1000.000000000000000 ) ;
#2170 = AXIS2_PLACEMENT_3D ( 'NONE', #3179, #2610, #1026 ) ;
#2171 = DIRECTION ( 'NONE',  ( 0.0000000000000000000, -2.168404344971008868E-16, -1.000000000000000000 ) ) ;
#2172 = DIRECTION ( 'NONE',  ( -1.000000000000000000, 0.0000000000000000000, -0.0000000000000000000 ) ) ;
#2173 = MECHANICAL_DESIGN_GEOMETRIC_PRESENTATION_REPRESENTATION (  '', ( #2004 ), #2055 ) ;
#2174 = LINE ( 'NONE', #3373, #2599 ) ;
#2175 = VECTOR ( 'NONE', #279, 1000.000000000000000 ) ;
#2176 = AXIS2_PLACEMENT_3D ( 'NONE', #1017, #1073, #2099 ) ;
#2177 = CARTESIAN_POINT ( 'NONE',  ( -4.332590228257060364E-13, 0.5300000000000997247, -3.001743585783939847E-13 ) ) ;
#2178 = AXIS2_PLACEMENT_3D ( 'NONE', #796, #1873, #2933 ) ;
#2179 = CARTESIAN_POINT ( 'NONE',  ( -0.3000000000004000023, -2.886579864025410062E-16, -1.300000000000000266 ) ) ;
#2180 = ORIENTED_EDGE ( 'NONE', *, *, #1656, .F. ) ;
#2181 = LINE ( 'NONE', #385, #1543 ) ;
#2182 = AXIS2_PLACEMENT_3D ( 'NONE', #997, #1028, #2861 ) ;
#2183 = CARTESIAN_POINT ( 'NONE',  ( 0.009999999999567042719, 0.6000000000110461418, 0.9299462350242639896 ) ) ;
#2184 = ORIENTED_EDGE ( 'NONE', *, *, #1300, .T. ) ;
#2185 = DIRECTION ( 'NONE',  ( 0.0000000000000000000, -2.220446049250310123E-16, -1.000000000000000000 ) ) ;
#2186 = VERTEX_POINT ( 'NONE', #2797 ) ;
#2187 = DIRECTION ( 'NONE',  ( -1.110223024625152103E-16, 1.000000000000000000, -1.110223024625152103E-16 ) ) ;
#2188 = VERTEX_POINT ( 'NONE', #1169 ) ;
#2189 = LINE ( 'NONE', #728, #659 ) ;
#2190 = EDGE_CURVE ( 'NONE', #3167, #1716, #2265, .T. ) ;
#2191 = DIRECTION ( 'NONE',  ( 0.0000000000000000000, -1.000000000000000000, 2.220446049250310123E-16 ) ) ;
#2192 = CARTESIAN_POINT ( 'NONE',  ( -0.8418120373173483273, 1.300000000000010258, -0.3714873237087015223 ) ) ;
#2193 = CARTESIAN_POINT ( 'NONE',  ( 1.300000000000000266, 0.04999998641199999982, -0.9000001448429999495 ) ) ;
#2194 = DIRECTION ( 'NONE',  ( 1.784840457443369040E-25, -1.000000000000000000, 2.226486605569893171E-16 ) ) ;
#2195 = FACE_OUTER_BOUND ( 'NONE', #2255, .T. ) ;
#2196 = CARTESIAN_POINT ( 'NONE',  ( -0.01000000000042999999, 0.7866666227344145668, 0.9766154547592696966 ) ) ;
#2197 = VERTEX_POINT ( 'NONE', #2509 ) ;
#2198 = DIRECTION ( 'NONE',  ( 0.0000000000000000000, 2.220446049250310123E-16, 1.000000000000000000 ) ) ;
#2199 = VERTEX_POINT ( 'NONE', #1990 ) ;
#2200 = SURFACE_SIDE_STYLE ('',( #1389 ) ) ;
#2201 = ORIENTED_EDGE ( 'NONE', *, *, #2625, .T. ) ;
#2202 = CARTESIAN_POINT ( 'NONE',  ( -4.333012195217230379E-13, 1.220000000393089756, -0.9999999997870869795 ) ) ;
#2203 = ORIENTED_EDGE ( 'NONE', *, *, #1912, .T. ) ;
#2204 = DIRECTION ( 'NONE',  ( -0.0000000000000000000, 2.220446049250310123E-16, 1.000000000000000000 ) ) ;
#2205 = ADVANCED_FACE ( 'NONE', ( #674 ), #52, .F. ) ;
#2206 = DIRECTION ( 'NONE',  ( 0.0000000000000000000, -2.220446049250310123E-16, -1.000000000000000000 ) ) ;
#2207 = ORIENTED_EDGE ( 'NONE', *, *, #836, .F. ) ;
#2208 = VECTOR ( 'NONE', #2366, 1000.000000000000000 ) ;
#2209 = LINE ( 'NONE', #1964, #2869 ) ;
#2210 = DIRECTION ( 'NONE',  ( 0.0000000000000000000, -1.000000000000000000, 2.220446049250310123E-16 ) ) ;
#2211 = EDGE_CURVE ( 'NONE', #2520, #214, #1827, .T. ) ;
#2212 = VECTOR ( 'NONE', #2310, 1000.000000000000000 ) ;
#2213 = CARTESIAN_POINT ( 'NONE',  ( 0.2999999999995999755, 0.1200000000000000233, 0.4999999999996999067 ) ) ;
#2214 = ORIENTED_EDGE ( 'NONE', *, *, #1769, .F. ) ;
#2215 = ADVANCED_FACE ( 'NONE', ( #1435 ), #3340, .T. ) ;
#2216 = ORIENTED_EDGE ( 'NONE', *, *, #2010, .F. ) ;
#2217 = DIRECTION ( 'NONE',  ( 0.0000000000000000000, 2.220446049250310123E-16, 1.000000000000000000 ) ) ;
#2218 = ORIENTED_EDGE ( 'NONE', *, *, #948, .F. ) ;
#2219 = FACE_OUTER_BOUND ( 'NONE', #859, .T. ) ;
#2220 = DIRECTION ( 'NONE',  ( 0.0000000000000000000, 2.220446049250310123E-16, 1.000000000000000000 ) ) ;
#2221 = APPLICATION_PROTOCOL_DEFINITION ( 'draft international standard', 'automotive_design', 1998, #2117 ) ;
#2222 = FACE_OUTER_BOUND ( 'NONE', #1002, .T. ) ;
#2223 = DIRECTION ( 'NONE',  ( 0.7071067811865474617, 0.0000000000000000000, 0.7071067811865474617 ) ) ;
#2224 = DIRECTION ( 'NONE',  ( 0.0000000000000000000, 2.323290370833846057E-16, 1.000000000000000000 ) ) ;
#2225 = DIRECTION ( 'NONE',  ( 0.0000000000000000000, -2.220446049250310123E-16, -1.000000000000000000 ) ) ;
#2226 = EDGE_CURVE ( 'NONE', #214, #2545, #1679, .T. ) ;
#2227 = AXIS2_PLACEMENT_3D ( 'NONE', #2419, #553, #833 ) ;
#2228 = AXIS2_PLACEMENT_3D ( 'NONE', #2799, #1760, #2827 ) ;
#2229 = FACE_OUTER_BOUND ( 'NONE', #2049, .T. ) ;
#2230 = VERTEX_POINT ( 'NONE', #611 ) ;
#2231 = ADVANCED_FACE ( 'NONE', ( #2494 ), #2745, .F. ) ;
#2232 = AXIS2_PLACEMENT_3D ( 'NONE', #1426, #332, #2185 ) ;
#2233 = AXIS2_PLACEMENT_3D ( 'NONE', #2421, #556, #2476 ) ;
#2234 = CARTESIAN_POINT ( 'NONE',  ( 0.8312358679996000310, 0.009999999999999951636, -0.2250000000003000433 ) ) ;
#2235 = ORIENTED_EDGE ( 'NONE', *, *, #1230, .T. ) ;
#2236 = LINE ( 'NONE', #2432, #3064 ) ;
#2237 = ORIENTED_EDGE ( 'NONE', *, *, #2390, .F. ) ;
#2238 = VECTOR ( 'NONE', #383, 1000.000000000000000 ) ;
#2239 = EDGE_CURVE ( 'NONE', #3092, #182, #1999, .T. ) ;
#2240 = ORIENTED_EDGE ( 'NONE', *, *, #554, .F. ) ;
#2241 = DIRECTION ( 'NONE',  ( -1.776356839400259931E-15, 2.193472603294373168E-16, 1.000000000000000000 ) ) ;
#2242 = VERTEX_POINT ( 'NONE', #657 ) ;
#2243 = CARTESIAN_POINT ( 'NONE',  ( -4.332590228257060364E-13, 0.5300000000000001377, -3.001743585783939847E-13 ) ) ;
#2244 = DIRECTION ( 'NONE',  ( 0.0000000000000000000, 2.220446049250310123E-16, 1.000000000000000000 ) ) ;
#2245 = ORIENTED_EDGE ( 'NONE', *, *, #813, .F. ) ;
#2246 = CARTESIAN_POINT ( 'NONE',  ( 1.149999999999999911, 4.996003610806472120E-17, 0.2249999999997000510 ) ) ;
#2247 = EDGE_CURVE ( 'NONE', #1883, #978, #1725, .T. ) ;
#2248 = ORIENTED_EDGE ( 'NONE', *, *, #2190, .T. ) ;
#2249 = EDGE_CURVE ( 'NONE', #1576, #3443, #2809, .T. ) ;
#2250 = CARTESIAN_POINT ( 'NONE',  ( 1.300000000000000266, 0.1200000000000000372, 0.8999999999997000399 ) ) ;
#2251 = ORIENTED_EDGE ( 'NONE', *, *, #1173, .F. ) ;
#2252 = ADVANCED_FACE ( 'NONE', ( #1465 ), #723, .F. ) ;
#2253 = LINE ( 'NONE', #355, #1502 ) ;
#2254 = CARTESIAN_POINT ( 'NONE',  ( 0.2999999999995999755, 0.009999999999999830205, -1.540000000000000036 ) ) ;
#2255 = EDGE_LOOP ( 'NONE', ( #2059, #1590, #2803, #1708 ) ) ;
#2256 = CARTESIAN_POINT ( 'NONE',  ( -4.332271828261990199E-13, 0.1200000000000000511, -2.997515203126647184E-13 ) ) ;
#2257 = CLOSED_SHELL ( 'NONE', ( #1316, #1604, #1399, #785, #1968, #504, #1474, #3192, #1135, #458, #3030, #3033, #2410, #361, #726, #766 ) ) ;
#2258 = ORIENTED_EDGE ( 'NONE', *, *, #2464, .T. ) ;
#2259 = CARTESIAN_POINT ( 'NONE',  ( 0.5878296695030043040, 1.266862916443965092, -0.9999999996772716004 ) ) ;
#2260 = VECTOR ( 'NONE', #2447, 1000.000000000000000 ) ;
#2261 = ORIENTED_EDGE ( 'NONE', *, *, #2287, .F. ) ;
#2262 = DIRECTION ( 'NONE',  ( -0.0000000000000000000, 1.000000000000000000, -2.220446049250310123E-16 ) ) ;
#2263 = EDGE_CURVE ( 'NONE', #2560, #1500, #2554, .T. ) ;
#2264 = EDGE_CURVE ( 'NONE', #1576, #153, #168, .T. ) ;
#2265 = LINE ( 'NONE', #3308, #3354 ) ;
#2266 = ORIENTED_EDGE ( 'NONE', *, *, #813, .T. ) ;
#2267 = LINE ( 'NONE', #991, #1049 ) ;
#2268 = UNCERTAINTY_MEASURE_WITH_UNIT (LENGTH_MEASURE( 1.000000000000000082E-05 ), #1412, 'distance_accuracy_value', 'NONE');
#2269 = EDGE_CURVE ( 'NONE', #3195, #1396, #151, .T. ) ;
#2270 = PLANE ( 'NONE',  #1618 ) ;
#2271 = ORIENTED_EDGE ( 'NONE', *, *, #1490, .F. ) ;
#2272 = LINE ( 'NONE', #950, #2778 ) ;
#2273 = VECTOR ( 'NONE', #1234, 1000.000000000000000 ) ;
#2274 = VECTOR ( 'NONE', #2187, 1000.000000000000000 ) ;
#2275 = AXIS2_PLACEMENT_3D ( 'NONE', #798, #2096, #3163 ) ;
#2276 = EDGE_LOOP ( 'NONE', ( #1711, #868 ) ) ;
#2277 = CARTESIAN_POINT ( 'NONE',  ( 0.5326962727260883268, 1.299999999828630459, 0.9247177314442136531 ) ) ;
#2278 = ORIENTED_EDGE ( 'NONE', *, *, #3143, .F. ) ;
#2279 = FACE_OUTER_BOUND ( 'NONE', #3050, .T. ) ;
#2280 = VECTOR ( 'NONE', #2583, 1000.000000000000000 ) ;
#2281 = VECTOR ( 'NONE', #2694, 1000.000000000000000 ) ;
#2282 = CIRCLE ( 'NONE', #943, 0.07999999943553995352 ) ;
#2283 = VECTOR ( 'NONE', #2206, 1000.000000000000000 ) ;
#2284 = CARTESIAN_POINT ( 'NONE',  ( 1.149999999999999911, 4.996003610806539913E-17, 0.2249999999996999955 ) ) ;
#2285 = ORIENTED_EDGE ( 'NONE', *, *, #1697, .F. ) ;
#2286 = DIRECTION ( 'NONE',  ( -1.000000000000000000, 0.0000000000000000000, 8.016399230831059293E-10 ) ) ;
#2287 = EDGE_CURVE ( 'NONE', #1150, #754, #1244, .T. ) ;
#2288 = EDGE_LOOP ( 'NONE', ( #538, #1265, #3327, #1170 ) ) ;
#2289 = DIRECTION ( 'NONE',  ( 0.0000000000000000000, -1.000000000000000000, 2.220446049250310123E-16 ) ) ;
#2290 = DIRECTION ( 'NONE',  ( -0.0000000000000000000, -2.220446049250310123E-16, -1.000000000000000000 ) ) ;
#2291 = EDGE_CURVE ( 'NONE', #2436, #3113, #2723, .T. ) ;
#2292 = LINE ( 'NONE', #1782, #1611 ) ;
#2293 = EDGE_LOOP ( 'NONE', ( #2646, #311, #2581, #3315 ) ) ;
#2294 = CARTESIAN_POINT ( 'NONE',  ( -4.332271828261990199E-13, 0.01000000000000000021, -2.972170954121060048E-13 ) ) ;
#2295 = ORIENTED_EDGE ( 'NONE', *, *, #2837, .F. ) ;
#2296 = CARTESIAN_POINT ( 'NONE',  ( 4.995668050240820168E-10, 0.01000000008843926480, -2.999706039119753413E-13 ) ) ;
#2297 = ORIENTED_EDGE ( 'NONE', *, *, #2767, .T. ) ;
#2298 = CARTESIAN_POINT ( 'NONE',  ( 1.149999999999999911, -4.996003610819869814E-17, -0.2250000000002999878 ) ) ;
#2299 = DIRECTION ( 'NONE',  ( -1.000000000000000000, 0.0000000000000000000, -0.0000000000000000000 ) ) ;
#2300 = ORIENTED_EDGE ( 'NONE', *, *, #2073, .T. ) ;
#2301 = CARTESIAN_POINT ( 'NONE',  ( 0.3999999999996000088, 0.1199999999999999678, -0.4000000000002999490 ) ) ;
#2302 = VERTEX_POINT ( 'NONE', #2301 ) ;
#2303 = ADVANCED_FACE ( 'NONE', ( #2334 ), #1025, .T. ) ;
#2304 = CARTESIAN_POINT ( 'NONE',  ( -0.01000000000038351461, 1.246479433463237863, 0.9954404314458132896 ) ) ;
#2305 = ORIENTED_EDGE ( 'NONE', *, *, #1029, .F. ) ;
#2306 = LINE ( 'NONE', #432, #935 ) ;
#2307 = ORIENTED_EDGE ( 'NONE', *, *, #982, .T. ) ;
#2308 = CARTESIAN_POINT ( 'NONE',  ( 0.9223677721709118149, 1.299999999828630015, -0.5367549670778490878 ) ) ;
#2309 = ORIENTED_EDGE ( 'NONE', *, *, #2649, .F. ) ;
#2310 = DIRECTION ( 'NONE',  ( -0.0000000000000000000, 1.000000000000000000, 0.0000000000000000000 ) ) ;
#2311 = CIRCLE ( 'NONE', #3431, 0.8650000000000001021 ) ;
#2312 = EDGE_CURVE ( 'NONE', #65, #2853, #1550, .T. ) ;
#2313 = VECTOR ( 'NONE', #3220, 1000.000000000000000 ) ;
#2314 = DIRECTION ( 'NONE',  ( 1.784840457443369040E-25, -1.000000000000000000, 2.226486605569893171E-16 ) ) ;
#2315 = DIRECTION ( 'NONE',  ( 0.0000000000000000000, 2.220446049250310123E-16, 1.000000000000000000 ) ) ;
#2316 = VERTEX_POINT ( 'NONE', #2040 ) ;
#2317 = DIRECTION ( 'NONE',  ( 0.0000000000000000000, 1.000000000000000000, -2.220446049250310123E-16 ) ) ;
#2318 = CARTESIAN_POINT ( 'NONE',  ( -0.01000000001461102961, 1.299999999905402381, 0.9199456491621512688 ) ) ;
#2319 = ORIENTED_EDGE ( 'NONE', *, *, #1926, .F. ) ;
#2320 = LINE ( 'NONE', #3328, #1319 ) ;
#2321 = CARTESIAN_POINT ( 'NONE',  ( 0.2999999999995999755, 0.1200000000000000094, 0.4999999999997000177 ) ) ;
#2322 = EDGE_LOOP ( 'NONE', ( #1115, #2397 ) ) ;
#2323 = CIRCLE ( 'NONE', #1261, 0.8649999999999999911 ) ;
#2324 = CARTESIAN_POINT ( 'NONE',  ( 0.9643558580010100911, 1.300000001092711077, 0.5725942722315189304 ) ) ;
#2325 = EDGE_CURVE ( 'NONE', #843, #2570, #2569, .T. ) ;
#2326 = ORIENTED_EDGE ( 'NONE', *, *, #1689, .T. ) ;
#2327 = PLANE ( 'NONE',  #2647 ) ;
#2328 = VECTOR ( 'NONE', #2023, 1000.000000000000000 ) ;
#2329 = CARTESIAN_POINT ( 'NONE',  ( -1.300000000000000266, 0.1200000000000000094, -1.300000000000000266 ) ) ;
#2330 = VERTEX_POINT ( 'NONE', #1284 ) ;
#2331 = AXIS2_PLACEMENT_3D ( 'NONE', #1830, #2876, #245 ) ;
#2332 = CONICAL_SURFACE ( 'NONE', #1834, 0.3499999997864320367, 0.6202494855987442657 ) ;
#2333 = COLOUR_RGB ( '',0.6823529411764706065, 0.6745098039215686736, 0.6313725490196078205 ) ;
#2334 = FACE_OUTER_BOUND ( 'NONE', #317, .T. ) ;
#2335 = EDGE_LOOP ( 'NONE', ( #1223, #729, #2921, #466 ) ) ;
#2336 = CIRCLE ( 'NONE', #2793, 0.3499999998270344470 ) ;
#2337 = CARTESIAN_POINT ( 'NONE',  ( -4.342263828270610250E-13, 0.1199999999999999539, -3.002179203107887581E-13 ) ) ;
#2338 = UNCERTAINTY_MEASURE_WITH_UNIT (LENGTH_MEASURE( 1.000000000000000082E-05 ), #3207, 'distance_accuracy_value', 'NONE');
#2339 = CARTESIAN_POINT ( 'NONE',  ( 1.149999999999999911, 0.1200000000000000094, -3.001338066965790108E-13 ) ) ;
#2340 = CARTESIAN_POINT ( 'NONE',  ( -0.3000000000004000023, 1.110223024624489953E-16, 0.4999999999997000177 ) ) ;
#2341 = DIRECTION ( 'NONE',  ( 0.0000000000000000000, -2.220446049250310123E-16, -1.000000000000000000 ) ) ;
#2342 = CARTESIAN_POINT ( 'NONE',  ( 0.009999999814974696102, 1.220000001082300223, 0.9999499987813278423 ) ) ;
#2343 = FACE_OUTER_BOUND ( 'NONE', #3323, .T. ) ;
#2344 = ORIENTED_EDGE ( 'NONE', *, *, #3076, .F. ) ;
#2345 = CYLINDRICAL_SURFACE ( 'NONE', #1814, 0.3499999998159000203 ) ;
#2346 = EDGE_CURVE ( 'NONE', #418, #2360, #2874, .T. ) ;
#2347 = CARTESIAN_POINT ( 'NONE',  ( 1.500000000000000000, 0.009999999999999809389, -0.9000000000003000045 ) ) ;
#2348 = DIRECTION ( 'NONE',  ( -0.0000000000000000000, 1.000000000000000000, -2.220446049250310123E-16 ) ) ;
#2349 = VERTEX_POINT ( 'NONE', #3388 ) ;
#2350 = EDGE_CURVE ( 'NONE', #1716, #2634, #1499, .T. ) ;
#2351 = CARTESIAN_POINT ( 'NONE',  ( 0.2999999999995999755, 0.01000000000000039919, 1.540000000000000036 ) ) ;
#2352 = EDGE_LOOP ( 'NONE', ( #1726, #2884, #1176, #2067 ) ) ;
#2353 = EDGE_CURVE ( 'NONE', #562, #3450, #3423, .T. ) ;
#2354 = CARTESIAN_POINT ( 'NONE',  ( -1.500000000000000000, 0.009999999999999800715, -0.9000000000002998934 ) ) ;
#2355 = PLANE ( 'NONE',  #2182 ) ;
#2356 = DIRECTION ( 'NONE',  ( 0.0000000000000000000, 1.000000000000000000, -2.220446049250310123E-16 ) ) ;
#2357 = CARTESIAN_POINT ( 'NONE',  ( -0.01000000000043515733, 1.220000001082300223, 0.9999499987744815410 ) ) ;
#2358 = ORIENTED_EDGE ( 'NONE', *, *, #171, .F. ) ;
#2359 = DIRECTION ( 'NONE',  ( -0.0000000000000000000, 1.000000000000000000, -2.220446049250310123E-16 ) ) ;
#2360 = VERTEX_POINT ( 'NONE', #3087 ) ;
#2361 = DIRECTION ( 'NONE',  ( -0.0000000000000000000, 2.220446049250310123E-16, 1.000000000000000000 ) ) ;
#2362 = CARTESIAN_POINT ( 'NONE',  ( -0.01000000000929243855, 1.300000000000010036, 0.8899438184510797267 ) ) ;
#2363 = EDGE_LOOP ( 'NONE', ( #1524, #178, #3432, #127, #1960, #2790, #2683, #53 ) ) ;
#2364 = EDGE_CURVE ( 'NONE', #2003, #2360, #455, .T. ) ;
#2365 = VECTOR ( 'NONE', #303, 1000.000000000000000 ) ;
#2366 = DIRECTION ( 'NONE',  ( -0.0000000000000000000, -2.220446049250310123E-16, -1.000000000000000000 ) ) ;
#2367 = ORIENTED_EDGE ( 'NONE', *, *, #1386, .F. ) ;
#2368 = ADVANCED_FACE ( 'NONE', ( #3408 ), #2825, .F. ) ;
#2369 = DIRECTION ( 'NONE',  ( 1.784840457443369040E-25, -1.000000000000000000, 2.226486605569893171E-16 ) ) ;
#2370 = VECTOR ( 'NONE', #487, 1000.000000000000000 ) ;
#2371 = CARTESIAN_POINT ( 'NONE',  ( -0.01000000001461102961, 1.299999999905402381, 0.9199456491621512688 ) ) ;
#2372 = CARTESIAN_POINT ( 'NONE',  ( 0.3669067048525590513, 1.300000000000010258, -0.8438185876503938587 ) ) ;
#2373 = EDGE_CURVE ( 'NONE', #2867, #2560, #1264, .T. ) ;
#2374 = LINE ( 'NONE', #266, #860 ) ;
#2375 = DIRECTION ( 'NONE',  ( -0.0000000000000000000, 2.220446049250310123E-16, 1.000000000000000000 ) ) ;
#2376 = VERTEX_POINT ( 'NONE', #702 ) ;
#2377 = DIRECTION ( 'NONE',  ( 0.0000000000000000000, 2.220446049250310123E-16, 1.000000000000000000 ) ) ;
#2378 = VECTOR ( 'NONE', #1075, 1000.000000000000000 ) ;
#2379 = CARTESIAN_POINT ( 'NONE',  ( -4.332271828261990199E-13, 0.01000000000000000021, -2.972170954121060048E-13 ) ) ;
#2380 = DIRECTION ( 'NONE',  ( 2.857830140903110776E-10, -2.168404345142877007E-16, -1.000000000000000000 ) ) ;
#2381 = ORIENTED_EDGE ( 'NONE', *, *, #536, .F. ) ;
#2382 = VECTOR ( 'NONE', #3066, 1000.000000000000000 ) ;
#2383 = CARTESIAN_POINT ( 'NONE',  ( -0.3000000000004000023, 0.009999999999999670611, -1.540000000000000036 ) ) ;
#2384 = AXIS2_PLACEMENT_3D ( 'NONE', #3371, #989, #2842 ) ;
#2385 = VECTOR ( 'NONE', #2289, 1000.000000000000000 ) ;
#2386 = EDGE_LOOP ( 'NONE', ( #2069, #2826, #1980, #3393 ) ) ;
#2387 = LINE ( 'NONE', #2858, #137 ) ;
#2388 = VECTOR ( 'NONE', #3208, 1000.000000000000000 ) ;
#2389 = STYLED_ITEM ( 'NONE', ( #1564 ), #1808 ) ;
#2390 = EDGE_CURVE ( 'NONE', #2776, #197, #191, .T. ) ;
#2391 = LINE ( 'NONE', #2131, #2113 ) ;
#2392 = CIRCLE ( 'NONE', #2892, 0.2500000000000000000 ) ;
#2393 = DIRECTION ( 'NONE',  ( 0.0000000000000000000, -1.000000000000000000, 2.220446049250310123E-16 ) ) ;
#2394 = FACE_OUTER_BOUND ( 'NONE', #2288, .T. ) ;
#2395 = COLOUR_RGB ( '',0.9529411764705881804, 0.8980392156862745390, 0.6549019607843137303 ) ;
#2396 = LINE ( 'NONE', #3200, #67 ) ;
#2397 = ORIENTED_EDGE ( 'NONE', *, *, #3253, .F. ) ;
#2398 = DIRECTION ( 'NONE',  ( 0.0000000000000000000, -1.000000000000000000, 2.220446049250310123E-16 ) ) ;
#2399 = ORIENTED_EDGE ( 'NONE', *, *, #3387, .T. ) ;
#2400 = DIRECTION ( 'NONE',  ( 0.0000000000000000000, -2.226486605311605319E-16, -1.000000000000000000 ) ) ;
#2401 = EDGE_CURVE ( 'NONE', #770, #2746, #938, .T. ) ;
#2402 = DIRECTION ( 'NONE',  ( 0.0000000000000000000, 1.000000000000000000, -2.220446049250310123E-16 ) ) ;
#2403 = ORIENTED_EDGE ( 'NONE', *, *, #2841, .T. ) ;
#2404 = DIRECTION ( 'NONE',  ( -0.7071067811865474617, 0.0000000000000000000, -0.7071067811865474617 ) ) ;
#2405 = VERTEX_POINT ( 'NONE', #1809 ) ;
#2406 = DIRECTION ( 'NONE',  ( 0.0000000000000000000, 1.000000000000000000, -2.220446049250310123E-16 ) ) ;
#2407 = DIRECTION ( 'NONE',  ( 0.0000000000000000000, -1.000000000000000000, -0.0000000000000000000 ) ) ;
#2408 = ORIENTED_EDGE ( 'NONE', *, *, #3422, .F. ) ;
#2409 = PLANE ( 'NONE',  #2275 ) ;
#2410 = ADVANCED_FACE ( 'NONE', ( #1869 ), #497, .T. ) ;
#2411 = CARTESIAN_POINT ( 'NONE',  ( 1.149999999999999911, 1.998401444324611044E-16, 0.8999999999997001510 ) ) ;
#2412 = LINE ( 'NONE', #784, #35 ) ;
#2413 = ORIENTED_EDGE ( 'NONE', *, *, #341, .F. ) ;
#2414 = DIRECTION ( 'NONE',  ( 0.0000000000000000000, 1.000000000000000000, -2.220446049250310123E-16 ) ) ;
#2415 = CARTESIAN_POINT ( 'NONE',  ( -1.300000000000000266, 0.3599999999999999867, -1.300000000000000044 ) ) ;
#2416 = ORIENTED_EDGE ( 'NONE', *, *, #1780, .F. ) ;
#2417 = EDGE_CURVE ( 'NONE', #3330, #2126, #1569, .T. ) ;
#2418 = DIRECTION ( 'NONE',  ( -0.0000000000000000000, -2.220446049250310123E-16, -1.000000000000000000 ) ) ;
#2419 = CARTESIAN_POINT ( 'NONE',  ( -0.3000000000004000023, -1.110223024625820170E-16, -0.5000000000002999823 ) ) ;
#2420 = ORIENTED_EDGE ( 'NONE', *, *, #2857, .T. ) ;
#2421 = CARTESIAN_POINT ( 'NONE',  ( -0.3000000000004000023, 0.009999999999999830205, -0.8069385320003000794 ) ) ;
#2422 = VECTOR ( 'NONE', #2705, 1000.000000000000000 ) ;
#2423 = LINE ( 'NONE', #265, #321 ) ;
#2424 = CARTESIAN_POINT ( 'NONE',  ( 0.009999999814974696102, 0.8099999999968400255, 0.9999499987641173870 ) ) ;
#2425 = CARTESIAN_POINT ( 'NONE',  ( 1.149999999999999911, 1.998401444324619918E-16, 0.8999999999997000399 ) ) ;
#2426 = DIRECTION ( 'NONE',  ( 0.0000000000000000000, -2.220446049250310123E-16, -1.000000000000000000 ) ) ;
#2427 = DIRECTION ( 'NONE',  ( 0.0000000000000000000, -2.220446049250310123E-16, -1.000000000000000000 ) ) ;
#2428 = ORIENTED_EDGE ( 'NONE', *, *, #1393, .F. ) ;
#2429 = LINE ( 'NONE', #2962, #1480 ) ;
#2430 = EDGE_CURVE ( 'NONE', #158, #843, #1371, .T. ) ;
#2431 = CARTESIAN_POINT ( 'NONE',  ( -0.01000000000043515733, 0.8099999999963785058, 0.9999499987618097885 ) ) ;
#2432 = CARTESIAN_POINT ( 'NONE',  ( -0.3000000000004000023, 0.009999999999999899594, -0.5000000000002999823 ) ) ;
#2433 = ORIENTED_EDGE ( 'NONE', *, *, #2264, .T. ) ;
#2434 = PLANE ( 'NONE',  #1027 ) ;
#2435 = DIRECTION ( 'NONE',  ( 0.0000000000000000000, 2.220446049250310123E-16, 1.000000000000000000 ) ) ;
#2436 = VERTEX_POINT ( 'NONE', #2146 ) ;
#2437 = CARTESIAN_POINT ( 'NONE',  ( 0.3322976940088080977, 1.300000000000010258, 0.8580272229296860287 ) ) ;
#2438 = CARTESIAN_POINT ( 'NONE',  ( 1.500000000000000000, 0.01000000000000020144, 0.8999999999997000399 ) ) ;
#2439 = VECTOR ( 'NONE', #1758, 1000.000000000000000 ) ;
#2440 = VECTOR ( 'NONE', #1343, 1000.000000000000000 ) ;
#2441 = CARTESIAN_POINT ( 'NONE',  ( 0.009999999999567042719, 0.7399999999548619867, 0.9299462350000338162 ) ) ;
#2442 = CARTESIAN_POINT ( 'NONE',  ( 4.995667725571750419E-10, 0.1200000000000000094, -3.000158203175253125E-13 ) ) ;
#2443 = CONICAL_SURFACE ( 'NONE', #2890, 0.3499999997864320367, 0.6202494855987442657 ) ;
#2444 = CARTESIAN_POINT ( 'NONE',  ( -0.5790176886403280987, 1.220000000393090200, 1.005127970005241789 ) ) ;
#2445 = STYLED_ITEM ( 'NONE', ( #1597 ), #1792 ) ;
#2446 = AXIS2_PLACEMENT_3D ( 'NONE', #1843, #2905, #1361 ) ;
#2447 = DIRECTION ( 'NONE',  ( 0.0000000000000000000, -1.000000000000000000, 2.220446049250310123E-16 ) ) ;
#2448 = ORIENTED_EDGE ( 'NONE', *, *, #1523, .F. ) ;
#2449 = LINE ( 'NONE', #343, #185 ) ;
#2450 = VECTOR ( 'NONE', #3319, 1000.000000000000000 ) ;
#2451 = DIRECTION ( 'NONE',  ( 0.0000000000000000000, 0.0000000000000000000, -1.000000000000000000 ) ) ;
#2452 = ORIENTED_EDGE ( 'NONE', *, *, #625, .F. ) ;
#2453 = EDGE_CURVE ( 'NONE', #621, #1040, #3213, .T. ) ;
#2454 = CARTESIAN_POINT ( 'NONE',  ( 0.2999999999995999755, 2.886579864025407104E-16, 1.300000000000000266 ) ) ;
#2455 = DIRECTION ( 'NONE',  ( 0.0000000000000000000, 1.000000000000000000, -2.220446049250310123E-16 ) ) ;
#2456 = EDGE_LOOP ( 'NONE', ( #3209, #577, #980, #1677 ) ) ;
#2457 = FACE_OUTER_BOUND ( 'NONE', #2018, .T. ) ;
#2458 = CARTESIAN_POINT ( 'NONE',  ( -1.300000000000000266, -1.110223024625828058E-16, -0.5000000000002999823 ) ) ;
#2459 = EDGE_CURVE ( 'NONE', #2188, #1540, #2912, .T. ) ;
#2460 = DIRECTION ( 'NONE',  ( 0.7071067811865473507, 2.555489027805621591E-16, 0.7071067811865477948 ) ) ;
#2461 = ORIENTED_EDGE ( 'NONE', *, *, #2605, .F. ) ;
#2462 = DIRECTION ( 'NONE',  ( 0.0000000000000000000, 1.000000000000000000, -2.220446049250310123E-16 ) ) ;
#2463 = CARTESIAN_POINT ( 'NONE',  ( 0.008789275077820284110, 1.266862916074870782, 0.9999613736345834836 ) ) ;
#2464 = EDGE_CURVE ( 'NONE', #1810, #668, #2895, .T. ) ;
#2465 = CARTESIAN_POINT ( 'NONE',  ( 0.2999999999995999755, 0.009999999999999899594, -0.5000000000002999823 ) ) ;
#2466 = CARTESIAN_POINT ( 'NONE',  ( -0.3000000000004000023, -2.886579864025410062E-16, -1.300000000000000266 ) ) ;
#2467 = DIRECTION ( 'NONE',  ( 1.000000000000000000, 0.0000000000000000000, 0.0000000000000000000 ) ) ;
#2468 = SURFACE_SIDE_STYLE ('',( #1934 ) ) ;
#2469 = ORIENTED_EDGE ( 'NONE', *, *, #622, .F. ) ;
#2470 = CARTESIAN_POINT ( 'NONE',  ( 0.2999999999995999755, 0.009999999999999830205, -0.8113106679824000356 ) ) ;
#2471 = ORIENTED_EDGE ( 'NONE', *, *, #1260, .T. ) ;
#2472 = LINE ( 'NONE', #1675, #231 ) ;
#2473 = CARTESIAN_POINT ( 'NONE',  ( -4.332611628267369764E-13, 0.5999999999630747372, -3.003024017051081951E-13 ) ) ;
#2474 = ADVANCED_FACE ( 'NONE', ( #14 ), #1583, .F. ) ;
#2475 = ORIENTED_EDGE ( 'NONE', *, *, #1173, .T. ) ;
#2476 = DIRECTION ( 'NONE',  ( 0.0000000000000000000, -2.220446049250310123E-16, -1.000000000000000000 ) ) ;
#2477 = DIRECTION ( 'NONE',  ( 0.0000000000000000000, 1.000000000000000000, -2.220446049250310123E-16 ) ) ;
#2478 = EDGE_CURVE ( 'NONE', #2882, #797, #1602, .T. ) ;
#2479 = ORIENTED_EDGE ( 'NONE', *, *, #1912, .F. ) ;
#2480 = DIRECTION ( 'NONE',  ( 0.0000000000000000000, 1.000000000000000000, -2.220446049250310123E-16 ) ) ;
#2481 = DIRECTION ( 'NONE',  ( 1.452384421384057752E-25, -0.8137334714299754301, -0.5812381934065596889 ) ) ;
#2482 = VECTOR ( 'NONE', #81, 999.9999999999998863 ) ;
#2483 = ADVANCED_FACE ( 'NONE', ( #2164 ), #810, .F. ) ;
#2484 = DIRECTION ( 'NONE',  ( 0.0000000000000000000, 0.0000000000000000000, -1.000000000000000000 ) ) ;
#2485 = ORIENTED_EDGE ( 'NONE', *, *, #3257, .T. ) ;
#2486 = DIRECTION ( 'NONE',  ( 4.397524011601311502E-13, 1.000000000000000000, 1.039966723848121501E-12 ) ) ;
#2487 = CONICAL_SURFACE ( 'NONE', #1035, 0.9999999999760532665, 0.7853981633974482790 ) ;
#2488 = ORIENTED_EDGE ( 'NONE', *, *, #2877, .F. ) ;
#2489 =( NAMED_UNIT ( * ) PLANE_ANGLE_UNIT ( ) SI_UNIT ( $, .RADIAN. ) );
#2490 = ORIENTED_EDGE ( 'NONE', *, *, #2956, .T. ) ;
#2491 = CARTESIAN_POINT ( 'NONE',  ( -0.4000000000003999800, 0.1199999999999999817, 0.3999999999996999844 ) ) ;
#2492 = LINE ( 'NONE', #2775, #1666 ) ;
#2493 = ORIENTED_EDGE ( 'NONE', *, *, #1260, .F. ) ;
#2494 = FACE_OUTER_BOUND ( 'NONE', #3214, .T. ) ;
#2495 = DIRECTION ( 'NONE',  ( -0.0000000000000000000, -1.000000000000000000, 2.220446049250310123E-16 ) ) ;
#2496 = CARTESIAN_POINT ( 'NONE',  ( 0.009999999999566969860, 0.5533333772660063987, 0.9766154547862804236 ) ) ;
#2497 = VECTOR ( 'NONE', #93, 1000.000000000000000 ) ;
#2498 = ADVANCED_FACE ( 'NONE', ( #1315 ), #1297, .F. ) ;
#2499 = DIRECTION ( 'NONE',  ( -1.000000000000000000, 0.0000000000000000000, 0.0000000000000000000 ) ) ;
#2500 = EDGE_LOOP ( 'NONE', ( #333, #3372, #3263, #1991 ) ) ;
#2501 = LINE ( 'NONE', #647, #84 ) ;
#2502 = VECTOR ( 'NONE', #895, 1000.000000000000000 ) ;
#2503 = VECTOR ( 'NONE', #3235, 1000.000000000000000 ) ;
#2504 = VERTEX_POINT ( 'NONE', #3177 ) ;
#2505 = SURFACE_STYLE_FILL_AREA ( #1674 ) ;
#2506 = CARTESIAN_POINT ( 'NONE',  ( 0.3999999999996001199, -2.886579864025410062E-16, -1.300000000000000266 ) ) ;
#2507 = DIRECTION ( 'NONE',  ( 0.0000000000000000000, 1.000000000000000000, -0.0000000000000000000 ) ) ;
#2508 = ORIENTED_EDGE ( 'NONE', *, *, #2269, .F. ) ;
#2509 = CARTESIAN_POINT ( 'NONE',  ( -1.149999999999999911, 0.1200000000000000094, 0.8999999999997000399 ) ) ;
#2510 = ORIENTED_EDGE ( 'NONE', *, *, #113, .T. ) ;
#2511 = CARTESIAN_POINT ( 'NONE',  ( -1.908171469828000122, 1.300000000000010036, -2.103384973689999882 ) ) ;
#2512 = ADVANCED_FACE ( 'NONE', ( #3465, #778 ), #3194, .T. ) ;
#2513 = FACE_OUTER_BOUND ( 'NONE', #3198, .T. ) ;
#2514 = ORIENTED_EDGE ( 'NONE', *, *, #2291, .F. ) ;
#2515 = CARTESIAN_POINT ( 'NONE',  ( -0.3000000000004000023, 0.1199999999999999956, -1.300000000000000266 ) ) ;
#2516 = ORIENTED_EDGE ( 'NONE', *, *, #1121, .F. ) ;
#2517 = DIRECTION ( 'NONE',  ( 4.397524011601311502E-13, 1.000000000000000000, 1.039966723848121501E-12 ) ) ;
#2518 = CARTESIAN_POINT ( 'NONE',  ( -0.4000000000003999800, 0.01000000000000001062, 0.3999999999996999844 ) ) ;
#2519 = EDGE_CURVE ( 'NONE', #2867, #22, #792, .T. ) ;
#2520 = VERTEX_POINT ( 'NONE', #2967 ) ;
#2521 = APPLICATION_PROTOCOL_DEFINITION ( 'draft international standard', 'automotive_design', 1998, #2873 ) ;
#2522 = DIRECTION ( 'NONE',  ( -0.0000000000000000000, 1.000000000000000000, 0.0000000000000000000 ) ) ;
#2523 = EDGE_LOOP ( 'NONE', ( #1346, #16, #2493, #1472 ) ) ;
#2524 = LINE ( 'NONE', #120, #2947 ) ;
#2525 = ORIENTED_EDGE ( 'NONE', *, *, #667, .T. ) ;
#2526 = LINE ( 'NONE', #2830, #2595 ) ;
#2527 = VECTOR ( 'NONE', #1078, 1000.000000000000000 ) ;
#2528 = VERTEX_POINT ( 'NONE', #295 ) ;
#2529 = CARTESIAN_POINT ( 'NONE',  ( 1.500000000000000222, 0.1200000000000002037, 0.8999999999997000399 ) ) ;
#2530 = ORIENTED_EDGE ( 'NONE', *, *, #3280, .F. ) ;
#2531 = EDGE_CURVE ( 'NONE', #439, #612, #31, .T. ) ;
#2532 =( GEOMETRIC_REPRESENTATION_CONTEXT ( 3 ) GLOBAL_UNCERTAINTY_ASSIGNED_CONTEXT ( ( #2764 ) ) GLOBAL_UNIT_ASSIGNED_CONTEXT ( ( #3116, #1473, #2868 ) ) REPRESENTATION_CONTEXT ( 'NONE', 'WORKASPACE' ) );
#2533 = DIRECTION ( 'NONE',  ( 0.0000000000000000000, -2.168404344971008868E-16, -1.000000000000000000 ) ) ;
#2534 = ORIENTED_EDGE ( 'NONE', *, *, #793, .T. ) ;
#2535 = ADVANCED_FACE ( 'NONE', ( #1939 ), #64, .F. ) ;
#2536 = CARTESIAN_POINT ( 'NONE',  ( 4.995668115292950517E-10, 0.01000000008843926480, -2.999706039119785725E-13 ) ) ;
#2537 = VERTEX_POINT ( 'NONE', #2250 ) ;
#2538 = DIRECTION ( 'NONE',  ( 0.0000000000000000000, 1.000000000000000000, -2.220446049250310123E-16 ) ) ;
#2539 = VERTEX_POINT ( 'NONE', #1691 ) ;
#2540 = CARTESIAN_POINT ( 'NONE',  ( 1.387778780781450113E-16, 0.3599999999999999867, -2.187139358511560327E-16 ) ) ;
#2541 = VECTOR ( 'NONE', #3252, 1000.000000000000000 ) ;
#2542 = AXIS2_PLACEMENT_3D ( 'NONE', #282, #1360, #1099 ) ;
#2543 = ORIENTED_EDGE ( 'NONE', *, *, #2688, .F. ) ;
#2544 = CARTESIAN_POINT ( 'NONE',  ( -0.008498024280726943283, 1.300000001092711077, 0.9668255673596698463 ) ) ;
#2545 = VERTEX_POINT ( 'NONE', #624 ) ;
#2546 = FACE_OUTER_BOUND ( 'NONE', #206, .T. ) ;
#2547 = VECTOR ( 'NONE', #1625, 1000.000000000000000 ) ;
#2548 = VECTOR ( 'NONE', #911, 1000.000000000000000 ) ;
#2549 = AXIS2_PLACEMENT_3D ( 'NONE', #2899, #1815, #2878 ) ;
#2550 = DIRECTION ( 'NONE',  ( 1.784840457443369040E-25, -1.000000000000000000, 2.226486605569893171E-16 ) ) ;
#2551 = EDGE_LOOP ( 'NONE', ( #638, #2904, #1729, #2771, #358, #1803, #779, #2587 ) ) ;
#2552 = ADVANCED_FACE ( 'NONE', ( #2741 ), #2755, .T. ) ;
#2553 = VECTOR ( 'NONE', #461, 1000.000000000000000 ) ;
#2554 = LINE ( 'NONE', #1828, #3062 ) ;
#2555 = ORIENTED_EDGE ( 'NONE', *, *, #3189, .F. ) ;
#2556 = EDGE_CURVE ( 'NONE', #978, #1551, #2492, .T. ) ;
#2557 = CARTESIAN_POINT ( 'NONE',  ( 0.2999999999996000311, -8.881784197007910063E-17, -0.5000000000002999823 ) ) ;
#2558 = CARTESIAN_POINT ( 'NONE',  ( -0.01000000000037727134, 1.262981905979401631, 0.9880134742958244232 ) ) ;
#2559 = EDGE_CURVE ( 'NONE', #770, #3129, #879, .T. ) ;
#2560 = VERTEX_POINT ( 'NONE', #1166 ) ;
#2561 = LINE ( 'NONE', #142, #306 ) ;
#2562 = DIRECTION ( 'NONE',  ( 0.0000000000000000000, -1.000000000000000000, 2.220446049250310123E-16 ) ) ;
#2563 = ORIENTED_EDGE ( 'NONE', *, *, #3342, .F. ) ;
#2564 = CARTESIAN_POINT ( 'NONE',  ( -1.149999999999999911, -1.998401444325951368E-16, -0.9000000000003000045 ) ) ;
#2565 = ORIENTED_EDGE ( 'NONE', *, *, #3143, .T. ) ;
#2566 = CARTESIAN_POINT ( 'NONE',  ( -1.300000000000000266, 2.220446049250310123E-16, -1.300000000000000044 ) ) ;
#2567 = DIRECTION ( 'NONE',  ( 0.0000000000000000000, 0.0000000000000000000, -1.000000000000000000 ) ) ;
#2568 = ORIENTED_EDGE ( 'NONE', *, *, #2559, .F. ) ;
#2569 = LINE ( 'NONE', #3103, #1207 ) ;
#2570 = VERTEX_POINT ( 'NONE', #2518 ) ;
#2571 = DIRECTION ( 'NONE',  ( -3.092064099168620899E-30, -0.7071067811865476838, -0.7071067811865474617 ) ) ;
#2572 = UNCERTAINTY_MEASURE_WITH_UNIT (LENGTH_MEASURE( 1.000000000000000082E-05 ), #98, 'distance_accuracy_value', 'NONE');
#2573 = ADVANCED_FACE ( 'NONE', ( #1658 ), #3056, .T. ) ;
#2574 = DIRECTION ( 'NONE',  ( -0.0000000000000000000, 1.000000000000000000, -2.220446049250310123E-16 ) ) ;
#2575 = ORIENTED_EDGE ( 'NONE', *, *, #314, .F. ) ;
#2576 = PLANE ( 'NONE',  #2944 ) ;
#2577 = EDGE_CURVE ( 'NONE', #1464, #468, #3031, .T. ) ;
#2578 = DIRECTION ( 'NONE',  ( 0.0000000000000000000, -2.436409376371920126E-16, -1.000000000000000000 ) ) ;
#2579 = VERTEX_POINT ( 'NONE', #114 ) ;
#2580 = CARTESIAN_POINT ( 'NONE',  ( 0.9176144572411133460, 1.299999999828630015, 0.5448411786646996102 ) ) ;
#2581 = ORIENTED_EDGE ( 'NONE', *, *, #488, .T. ) ;
#2582 = FACE_OUTER_BOUND ( 'NONE', #2001, .T. ) ;
#2583 = DIRECTION ( 'NONE',  ( -0.7071067811865467956, -1.570092458683773441E-16, -0.7071067811865483499 ) ) ;
#2584 = VERTEX_POINT ( 'NONE', #1410 ) ;
#2585 = AXIS2_PLACEMENT_3D ( 'NONE', #3205, #7, #2692 ) ;
#2586 = CARTESIAN_POINT ( 'NONE',  ( 1.149999999999999911, -1.998401444325950135E-16, -0.9000000000003000045 ) ) ;
#2587 = ORIENTED_EDGE ( 'NONE', *, *, #625, .T. ) ;
#2588 = DIRECTION ( 'NONE',  ( 0.0000000000000000000, -2.193472603294373168E-16, -1.000000000000000000 ) ) ;
#2589 = CARTESIAN_POINT ( 'NONE',  ( 0.3999999999996000088, 0.1199999999999998013, -0.4000000000003000600 ) ) ;
#2590 = LINE ( 'NONE', #3161, #1271 ) ;
#2591 = CARTESIAN_POINT ( 'NONE',  ( 0.009999999999567136394, 1.299999999987539789, 0.9258372061262138963 ) ) ;
#2592 = EDGE_CURVE ( 'NONE', #83, #65, #3041, .T. ) ;
#2593 = CYLINDRICAL_SURFACE ( 'NONE', #922, 0.8900000000000000133 ) ;
#2594 = ORIENTED_EDGE ( 'NONE', *, *, #2693, .T. ) ;
#2595 = VECTOR ( 'NONE', #1199, 1000.000000000000000 ) ;
#2596 = CARTESIAN_POINT ( 'NONE',  ( -1.500000000000000000, 0.01000000000000020144, 0.8999999999997000399 ) ) ;
#2597 = VERTEX_POINT ( 'NONE', #48 ) ;
#2598 = VECTOR ( 'NONE', #1530, 1000.000000000000000 ) ;
#2599 = VECTOR ( 'NONE', #2810, 1000.000000000000000 ) ;
#2600 = SURFACE_SIDE_STYLE ('',( #2941 ) ) ;
#2601 = CARTESIAN_POINT ( 'NONE',  ( 4.995667725571750419E-10, 0.01000000032200019928, -2.999913954110550205E-13 ) ) ;
#2602 = ORIENTED_EDGE ( 'NONE', *, *, #116, .F. ) ;
#2603 = VECTOR ( 'NONE', #2085, 1000.000000000000000 ) ;
#2604 = AXIS2_PLACEMENT_3D ( 'NONE', #571, #3291, #1678 ) ;
#2605 = EDGE_CURVE ( 'NONE', #2041, #1859, #3305, .T. ) ;
#2606 = VECTOR ( 'NONE', #3203, 1000.000000000000114 ) ;
#2607 = CARTESIAN_POINT ( 'NONE',  ( 0.2999999999995999755, 0.1200000000000000094, -1.540000000000000036 ) ) ;
#2608 = ORIENTED_EDGE ( 'NONE', *, *, #3337, .T. ) ;
#2609 = AXIS2_PLACEMENT_3D ( 'NONE', #921, #407, #1477 ) ;
#2610 = DIRECTION ( 'NONE',  ( 0.0000000000000000000, 1.000000000000000000, -2.220446049250310123E-16 ) ) ;
#2611 = AXIS2_PLACEMENT_3D ( 'NONE', #1008, #3123, #1793 ) ;
#2612 = UNCERTAINTY_MEASURE_WITH_UNIT (LENGTH_MEASURE( 1.000000000000000082E-05 ), #1452, 'distance_accuracy_value', 'NONE');
#2613 = CARTESIAN_POINT ( 'NONE',  ( 0.8872907219480407059, 1.300000000000010258, -0.2464191064428037370 ) ) ;
#2614 = ORIENTED_EDGE ( 'NONE', *, *, #622, .T. ) ;
#2615 = CARTESIAN_POINT ( 'NONE',  ( 0.009999999999514562130, 1.283087743575613171, 0.9699494556720774652 ) ) ;
#2616 = EDGE_CURVE ( 'NONE', #1956, #3054, #1130, .T. ) ;
#2617 = ORIENTED_EDGE ( 'NONE', *, *, #1011, .F. ) ;
#2618 = DIRECTION ( 'NONE',  ( 0.0000000000000000000, 1.000000000000000000, -2.220446049250310123E-16 ) ) ;
#2619 = EDGE_LOOP ( 'NONE', ( #395, #1428, #3187, #451 ) ) ;
#2620 = DIRECTION ( 'NONE',  ( -0.0000000000000000000, -0.0000000000000000000, 1.000000000000000000 ) ) ;
#2621 = EDGE_CURVE ( 'NONE', #3129, #1877, #884, .T. ) ;
#2622 = CARTESIAN_POINT ( 'NONE',  ( 1.500000000000000222, 0.1199999999999998151, -0.9000000000003000045 ) ) ;
#2623 = VERTEX_POINT ( 'NONE', #1707 ) ;
#2624 = LINE ( 'NONE', #1064, #1301 ) ;
#2625 = EDGE_CURVE ( 'NONE', #2659, #2242, #372, .T. ) ;
#2626 = CARTESIAN_POINT ( 'NONE',  ( -0.8352245207188000453, 0.01000000000000010082, 0.2249999999996999955 ) ) ;
#2627 = ORIENTED_EDGE ( 'NONE', *, *, #1858, .T. ) ;
#2628 = DIRECTION ( 'NONE',  ( -0.0000000000000000000, 1.000000000000000000, -2.220446049250310123E-16 ) ) ;
#2629 = CARTESIAN_POINT ( 'NONE',  ( -0.01000000000038351461, 1.254928259736876717, 0.9924767347123113481 ) ) ;
#2630 = DIRECTION ( 'NONE',  ( 0.0000000000000000000, -2.226486605311605319E-16, -1.000000000000000000 ) ) ;
#2631 = ORIENTED_EDGE ( 'NONE', *, *, #1043, .F. ) ;
#2632 = CARTESIAN_POINT ( 'NONE',  ( -1.149999999999999911, 0.1200000000000000094, -0.9000000000003000045 ) ) ;
#2633 = CARTESIAN_POINT ( 'NONE',  ( -0.3000000000004000023, 0.1200000000000000094, -1.540000000000000036 ) ) ;
#2634 = VERTEX_POINT ( 'NONE', #101 ) ;
#2635 = CARTESIAN_POINT ( 'NONE',  ( -0.3000000000003999467, 0.1200000000000000233, 0.4999999999997000177 ) ) ;
#2636 = ORIENTED_EDGE ( 'NONE', *, *, #3257, .F. ) ;
#2637 = DIRECTION ( 'NONE',  ( 1.784840457443369040E-25, -1.000000000000000000, 2.226486605569893171E-16 ) ) ;
#2638 = PLANE ( 'NONE',  #2891 ) ;
#2639 = CARTESIAN_POINT ( 'NONE',  ( 1.300000000000000266, 2.913793338554793166E-16, -0.9000001448429999495 ) ) ;
#2640 = VECTOR ( 'NONE', #832, 1000.000000000000000 ) ;
#2641 = ORIENTED_EDGE ( 'NONE', *, *, #1750, .T. ) ;
#2642 = EDGE_CURVE ( 'NONE', #2144, #621, #1178, .T. ) ;
#2643 = CIRCLE ( 'NONE', #2927, 1.000000000000000000 ) ;
#2644 = FACE_OUTER_BOUND ( 'NONE', #3148, .T. ) ;
#2645 = DIRECTION ( 'NONE',  ( 1.000000000000000000, 0.0000000000000000000, 0.0000000000000000000 ) ) ;
#2646 = ORIENTED_EDGE ( 'NONE', *, *, #1442, .F. ) ;
#2647 = AXIS2_PLACEMENT_3D ( 'NONE', #3418, #1019, #1003 ) ;
#2648 = DIRECTION ( 'NONE',  ( 0.0000000000000000000, -2.213057180109501366E-16, -1.000000000000000000 ) ) ;
#2649 = EDGE_CURVE ( 'NONE', #1842, #2188, #1770, .T. ) ;
#2650 = CARTESIAN_POINT ( 'NONE',  ( -0.2415931633074090146, 1.300000000000010036, -0.8886168709960188261 ) ) ;
#2651 = ORIENTED_EDGE ( 'NONE', *, *, #2674, .F. ) ;
#2652 = LINE ( 'NONE', #230, #2832 ) ;
#2653 = LINE ( 'NONE', #592, #2765 ) ;
#2654 = ORIENTED_EDGE ( 'NONE', *, *, #2325, .F. ) ;
#2655 = DIRECTION ( 'NONE',  ( -0.0000000000000000000, -1.000000000000000000, 2.220446049250310123E-16 ) ) ;
#2656 = ORIENTED_EDGE ( 'NONE', *, *, #722, .T. ) ;
#2657 = CARTESIAN_POINT ( 'NONE',  ( 1.300000000000000266, -1.990080192651957784E-16, -0.9000000000003000045 ) ) ;
#2658 = CARTESIAN_POINT ( 'NONE',  ( 4.995666984671739875E-10, 1.220000000393089978, 1.336529209306239982E-10 ) ) ;
#2659 = VERTEX_POINT ( 'NONE', #2007 ) ;
#2660 = LINE ( 'NONE', #1623, #2640 ) ;
#2661 = VECTOR ( 'NONE', #1621, 1000.000000000000114 ) ;
#2662 = CIRCLE ( 'NONE', #1892, 0.8649999999999999911 ) ;
#2663 = CARTESIAN_POINT ( 'NONE',  ( 1.149999999999999911, 0.1200000000000000094, -3.001338066965790108E-13 ) ) ;
#2664 = ADVANCED_FACE ( 'NONE', ( #1241 ), #2808, .F. ) ;
#2665 = ORIENTED_EDGE ( 'NONE', *, *, #1689, .F. ) ;
#2666 = CARTESIAN_POINT ( 'NONE',  ( 4.995668154198130212E-10, 0.01000000032200012122, -0.3499999998162000026 ) ) ;
#2667 = VECTOR ( 'NONE', #633, 1000.000000000000000 ) ;
#2668 = MECHANICAL_DESIGN_GEOMETRIC_PRESENTATION_REPRESENTATION (  '', ( #2445 ), #484 ) ;
#2669 = DIRECTION ( 'NONE',  ( -0.0000000000000000000, -2.220446049250310123E-16, -1.000000000000000000 ) ) ;
#2670 = AXIS2_PLACEMENT_3D ( 'NONE', #3114, #932, #435 ) ;
#2671 = CARTESIAN_POINT ( 'NONE',  ( 1.149999999999999911, 0.009999999999999960310, -0.2250000000002999878 ) ) ;
#2672 = CARTESIAN_POINT ( 'NONE',  ( 0.009999999999567223130, 1.228953563621198786, 0.9999499987305906501 ) ) ;
#2673 = CARTESIAN_POINT ( 'NONE',  ( 1.149999999999999911, 1.998401444324619918E-16, 0.8999999999997000399 ) ) ;
#2674 = EDGE_CURVE ( 'NONE', #3365, #472, #672, .T. ) ;
#2675 = EDGE_LOOP ( 'NONE', ( #3004, #1651, #2038, #1237 ) ) ;
#2676 = DIRECTION ( 'NONE',  ( 1.000000000000000000, 0.0000000000000000000, 0.0000000000000000000 ) ) ;
#2677 = ORIENTED_EDGE ( 'NONE', *, *, #2845, .T. ) ;
#2678 = FACE_OUTER_BOUND ( 'NONE', #2551, .T. ) ;
#2679 = LINE ( 'NONE', #1579, #3296 ) ;
#2680 = ORIENTED_EDGE ( 'NONE', *, *, #2057, .T. ) ;
#2681 = PLANE ( 'NONE',  #63 ) ;
#2682 = CARTESIAN_POINT ( 'NONE',  ( 0.8312358679996000310, 0.009999999999999800715, -0.9000000000002998934 ) ) ;
#2683 = ORIENTED_EDGE ( 'NONE', *, *, #514, .T. ) ;
#2684 = CARTESIAN_POINT ( 'NONE',  ( 1.149999999999999911, -1.998401444325950135E-16, -0.2250000000002999323 ) ) ;
#2685 = CARTESIAN_POINT ( 'NONE',  ( 1.007158957304896035E-09, 1.299999999914320137, -0.9199999989612785978 ) ) ;
#2686 = LINE ( 'NONE', #1608, #460 ) ;
#2687 = CARTESIAN_POINT ( 'NONE',  ( -1.500000000000000222, 0.1200000000000000094, 0.8999999999997000399 ) ) ;
#2688 = EDGE_CURVE ( 'NONE', #606, #224, #3369, .T. ) ;
#2689 = PLANE ( 'NONE',  #1931 ) ;
#2690 = CARTESIAN_POINT ( 'NONE',  ( 1.300000000000000266, 0.3599999999999999867, -1.300000000000000266 ) ) ;
#2691 = EDGE_LOOP ( 'NONE', ( #2696, #131, #3421, #1273 ) ) ;
#2692 = DIRECTION ( 'NONE',  ( 0.0000000000000000000, 0.0000000000000000000, -1.000000000000000000 ) ) ;
#2693 = EDGE_CURVE ( 'NONE', #3074, #916, #1789, .T. ) ;
#2694 = DIRECTION ( 'NONE',  ( -1.000000000000000000, 0.0000000000000000000, -0.0000000000000000000 ) ) ;
#2695 = CARTESIAN_POINT ( 'NONE',  ( -4.333061728278609828E-13, 1.300000000000009814, -0.8900000000003003287 ) ) ;
#2696 = ORIENTED_EDGE ( 'NONE', *, *, #2556, .F. ) ;
#2697 = CARTESIAN_POINT ( 'NONE',  ( -0.3000000000004000023, -1.801471567460773229E-16, -0.8113106679937864829 ) ) ;
#2698 = CARTESIAN_POINT ( 'NONE',  ( 1.167612260356239995, 0.1200000000000000511, 0.2249999999996999955 ) ) ;
#2699 = ORIENTED_EDGE ( 'NONE', *, *, #1630, .T. ) ;
#2700 = CARTESIAN_POINT ( 'NONE',  ( 0.2295027477807228267, 1.300000000000010481, -0.8985351098154095162 ) ) ;
#2701 = CARTESIAN_POINT ( 'NONE',  ( 1.149999999999999911, 0.1200000000000000094, -3.001338066965790108E-13 ) ) ;
#2702 = VECTOR ( 'NONE', #1024, 1000.000000000000000 ) ;
#2703 = DIRECTION ( 'NONE',  ( 0.0000000000000000000, 2.220446049250310123E-16, 1.000000000000000000 ) ) ;
#2704 = AXIS2_PLACEMENT_3D ( 'NONE', #2177, #4, #1084 ) ;
#2705 = DIRECTION ( 'NONE',  ( 0.0000000000000000000, 1.000000000000000000, -0.0000000000000000000 ) ) ;
#2706 = CARTESIAN_POINT ( 'NONE',  ( 0.009999999999566969860, 0.5766667138960065442, 0.9532808701855126632 ) ) ;
#2707 = MECHANICAL_DESIGN_GEOMETRIC_PRESENTATION_REPRESENTATION (  '', ( #1248 ), #2532 ) ;
#2708 = DIRECTION ( 'NONE',  ( 0.0000000000000000000, -2.168404344971008868E-16, -1.000000000000000000 ) ) ;
#2709 = CARTESIAN_POINT ( 'NONE',  ( -4.332271828261990199E-13, 0.1200000000000001760, -2.972415203186477865E-13 ) ) ;
#2710 = ADVANCED_FACE ( 'NONE', ( #453 ), #3085, .F. ) ;
#2711 = ORIENTED_EDGE ( 'NONE', *, *, #196, .T. ) ;
#2712 = LINE ( 'NONE', #897, #1491 ) ;
#2713 = CARTESIAN_POINT ( 'NONE',  ( 4.995668478867199962E-10, 0.01000000008843934286, 0.3499999997861320544 ) ) ;
#2714 = ORIENTED_EDGE ( 'NONE', *, *, #2807, .F. ) ;
#2715 = FACE_OUTER_BOUND ( 'NONE', #2015, .T. ) ;
#2716 = ADVANCED_FACE ( 'NONE', ( #985 ), #2443, .F. ) ;
#2717 = ORIENTED_EDGE ( 'NONE', *, *, #2030, .F. ) ;
#2718 = CARTESIAN_POINT ( 'NONE',  ( 0.2999999999995999755, 0.1200000000000001205, 1.540000000000000036 ) ) ;
#2719 = EDGE_CURVE ( 'NONE', #1842, #1342, #683, .T. ) ;
#2720 = ORIENTED_EDGE ( 'NONE', *, *, #1131, .F. ) ;
#2721 = CARTESIAN_POINT ( 'NONE',  ( 0.8598205444402921005, 1.300000000000010481, -0.3276295253558270670 ) ) ;
#2722 = PLANE ( 'NONE',  #768 ) ;
#2723 = CIRCLE ( 'NONE', #480, 0.3499999997864319812 ) ;
#2724 = AXIS2_PLACEMENT_3D ( 'NONE', #1079, #795, #2076 ) ;
#2725 = CARTESIAN_POINT ( 'NONE',  ( 0.009999999999566969860, 0.3599999999999999867, -2.187139358511560327E-16 ) ) ;
#2726 = LINE ( 'NONE', #3295, #1807 ) ;
#2727 = CARTESIAN_POINT ( 'NONE',  ( -0.9643558576758405332, 1.300000001092711299, 0.5725942715674895434 ) ) ;
#2728 = VECTOR ( 'NONE', #3281, 1000.000000000000000 ) ;
#2729 = VECTOR ( 'NONE', #2676, 1000.000000000000000 ) ;
#2730 = CARTESIAN_POINT ( 'NONE',  ( -1.300000000000000266, 1.998401444324619918E-16, 0.8999999999997000399 ) ) ;
#2731 = LINE ( 'NONE', #2466, #2502 ) ;
#2732 = ORIENTED_EDGE ( 'NONE', *, *, #73, .T. ) ;
#2733 = DIRECTION ( 'NONE',  ( -0.0000000000000000000, -1.000000000000000000, 2.220446049250310123E-16 ) ) ;
#2734 = ADVANCED_FACE ( 'NONE', ( #3135 ), #2839, .F. ) ;
#2735 =( NAMED_UNIT ( * ) SI_UNIT ( $, .STERADIAN. ) SOLID_ANGLE_UNIT ( ) );
#2736 = VERTEX_POINT ( 'NONE', #720 ) ;
#2737 = LINE ( 'NONE', #581, #1958 ) ;
#2738 = ORIENTED_EDGE ( 'NONE', *, *, #1503, .T. ) ;
#2739 = SURFACE_SIDE_STYLE ('',( #2505 ) ) ;
#2740 = ADVANCED_FACE ( 'NONE', ( #1511 ), #2021, .T. ) ;
#2741 = FACE_OUTER_BOUND ( 'NONE', #1870, .T. ) ;
#2742 = ORIENTED_EDGE ( 'NONE', *, *, #2478, .T. ) ;
#2743 = CARTESIAN_POINT ( 'NONE',  ( -1.149999999999999911, 1.998401444324619918E-16, 0.2249999999997000510 ) ) ;
#2744 = EDGE_CURVE ( 'NONE', #3008, #3294, #316, .T. ) ;
#2745 = PLANE ( 'NONE',  #1394 ) ;
#2746 = VERTEX_POINT ( 'NONE', #1805 ) ;
#2747 = CARTESIAN_POINT ( 'NONE',  ( 0.009999999999567042719, 0.7399999999548619867, 0.9299462350000338162 ) ) ;
#2748 = DIRECTION ( 'NONE',  ( 0.7071067811865474617, -0.0000000000000000000, -0.7071067811865474617 ) ) ;
#2749 = DIRECTION ( 'NONE',  ( 0.0000000000000000000, 2.220446049250310123E-16, 1.000000000000000000 ) ) ;
#2750 = ORIENTED_EDGE ( 'NONE', *, *, #1755, .T. ) ;
#2751 = LINE ( 'NONE', #2982, #1776 ) ;
#2752 = EDGE_LOOP ( 'NONE', ( #1095, #519, #2165, #1142 ) ) ;
#2753 = EDGE_LOOP ( 'NONE', ( #2108, #2742, #398, #1369 ) ) ;
#2754 = FACE_OUTER_BOUND ( 'NONE', #271, .T. ) ;
#2755 = PLANE ( 'NONE',  #1101 ) ;
#2756 = ORIENTED_EDGE ( 'NONE', *, *, #2030, .T. ) ;
#2757 = EDGE_CURVE ( 'NONE', #418, #58, #936, .T. ) ;
#2758 = DIRECTION ( 'NONE',  ( -0.0000000000000000000, 1.000000000000000000, -2.220446049250310123E-16 ) ) ;
#2759 = ORIENTED_EDGE ( 'NONE', *, *, #292, .F. ) ;
#2760 = EDGE_CURVE ( 'NONE', #1986, #712, #3355, .T. ) ;
#2761 = CLOSED_SHELL ( 'NONE', ( #2860, #656, #1736, #961, #3379, #2573 ) ) ;
#2762 = DIRECTION ( 'NONE',  ( 0.0000000000000000000, 2.226486605382435661E-16, 1.000000000000000000 ) ) ;
#2763 = CARTESIAN_POINT ( 'NONE',  ( 0.008789275077820285845, 1.220000000393090200, 0.9999613736345837056 ) ) ;
#2764 = UNCERTAINTY_MEASURE_WITH_UNIT (LENGTH_MEASURE( 1.000000000000000082E-05 ), #3116, 'distance_accuracy_value', 'NONE');
#2765 = VECTOR ( 'NONE', #3019, 1000.000000000000000 ) ;
#2766 = FACE_OUTER_BOUND ( 'NONE', #757, .T. ) ;
#2767 = EDGE_CURVE ( 'NONE', #1877, #1859, #1165, .T. ) ;
#2768 = ORIENTED_EDGE ( 'NONE', *, *, #1362, .T. ) ;
#2769 = CARTESIAN_POINT ( 'NONE',  ( -4.110074910620986621E-13, 1.030000000000036664, -2.987947042564235093E-13 ) ) ;
#2770 = AXIS2_PLACEMENT_3D ( 'NONE', #23, #3149, #2377 ) ;
#2771 = ORIENTED_EDGE ( 'NONE', *, *, #2923, .F. ) ;
#2772 = CARTESIAN_POINT ( 'NONE',  ( -0.3000000000004000023, 0.1200000000000000233, 0.4999999999997000177 ) ) ;
#2773 = VERTEX_POINT ( 'NONE', #148 ) ;
#2774 = CARTESIAN_POINT ( 'NONE',  ( -0.8352245207160391427, 0.1200000000000000372, 0.2249999999996999955 ) ) ;
#2775 = CARTESIAN_POINT ( 'NONE',  ( -1.000000000000000000, 2.886579864025410062E-16, 1.300000000000000266 ) ) ;
#2776 = VERTEX_POINT ( 'NONE', #1281 ) ;
#2777 = EDGE_CURVE ( 'NONE', #3348, #2805, #1267, .T. ) ;
#2778 = VECTOR ( 'NONE', #3079, 1000.000000000000000 ) ;
#2779 = LINE ( 'NONE', #2011, #610 ) ;
#2780 = VERTEX_POINT ( 'NONE', #1737 ) ;
#2781 = CARTESIAN_POINT ( 'NONE',  ( -4.333012728249789759E-13, 1.220000000000009743, -1.000000000000300426 ) ) ;
#2782 = AXIS2_PLACEMENT_3D ( 'NONE', #2586, #441, #2058 ) ;
#2783 = CIRCLE ( 'NONE', #1324, 0.09999999984918719886 ) ;
#2784 = VECTOR ( 'NONE', #1847, 1000.000000000000000 ) ;
#2785 = VECTOR ( 'NONE', #1570, 1000.000000000000000 ) ;
#2786 = EDGE_LOOP ( 'NONE', ( #703, #1451, #2100, #2403 ) ) ;
#2787 = CARTESIAN_POINT ( 'NONE',  ( 4.995668478867199962E-10, 0.01000000008843934286, 0.3499999997861320544 ) ) ;
#2788 = VECTOR ( 'NONE', #2114, 1000.000000000000000 ) ;
#2789 = EDGE_CURVE ( 'NONE', #1040, #2882, #1475, .T. ) ;
#2790 = ORIENTED_EDGE ( 'NONE', *, *, #1635, .T. ) ;
#2791 = DIRECTION ( 'NONE',  ( 1.452384421384057752E-25, -0.8137334714299754301, -0.5812381934065596889 ) ) ;
#2792 = VERTEX_POINT ( 'NONE', #2622 ) ;
#2793 = AXIS2_PLACEMENT_3D ( 'NONE', #2900, #1572, #2630 ) ;
#2794 = VECTOR ( 'NONE', #500, 1000.000000000000000 ) ;
#2795 = DIRECTION ( 'NONE',  ( 1.000000000000000000, -0.0000000000000000000, 0.0000000000000000000 ) ) ;
#2796 = EDGE_LOOP ( 'NONE', ( #2872, #118, #2851, #1388 ) ) ;
#2797 = CARTESIAN_POINT ( 'NONE',  ( -4.332271828261990199E-13, 0.1199999999999999956, -0.8650000000002974199 ) ) ;
#2798 = ORIENTED_EDGE ( 'NONE', *, *, #1581, .F. ) ;
#2799 = CARTESIAN_POINT ( 'NONE',  ( 0.2999999999995999755, 0.009999999999999830205, -0.8113106679824000356 ) ) ;
#2800 = ORIENTED_EDGE ( 'NONE', *, *, #2464, .F. ) ;
#2801 = DIRECTION ( 'NONE',  ( 0.0000000000000000000, -2.193472603294373168E-16, -1.000000000000000000 ) ) ;
#2802 = ADVANCED_FACE ( 'NONE', ( #1062 ), #2964, .F. ) ;
#2803 = ORIENTED_EDGE ( 'NONE', *, *, #3442, .T. ) ;
#2804 = DIRECTION ( 'NONE',  ( 0.0000000000000000000, -1.000000000000000000, -0.0000000000000000000 ) ) ;
#2805 = VERTEX_POINT ( 'NONE', #1824 ) ;
#2806 = FILL_AREA_STYLE_COLOUR ( '', #3052 ) ;
#2807 = EDGE_CURVE ( 'NONE', #3028, #2792, #775, .T. ) ;
#2808 = PLANE ( 'NONE',  #38 ) ;
#2809 = LINE ( 'NONE', #1962, #2169 ) ;
#2810 = DIRECTION ( 'NONE',  ( 0.0000000000000000000, 0.0000000000000000000, -1.000000000000000000 ) ) ;
#2811 = LINE ( 'NONE', #845, #1211 ) ;
#2812 = AXIS2_PLACEMENT_3D ( 'NONE', #2442, #2495, #2224 ) ;
#2813 = VERTEX_POINT ( 'NONE', #3190 ) ;
#2814 = FACE_OUTER_BOUND ( 'NONE', #1282, .T. ) ;
#2815 = MECHANICAL_DESIGN_GEOMETRIC_PRESENTATION_REPRESENTATION (  '', ( #3048 ), #2152 ) ;
#2816 = EDGE_CURVE ( 'NONE', #2230, #3250, #220, .T. ) ;
#2817 = VERTEX_POINT ( 'NONE', #2362 ) ;
#2818 = DIRECTION ( 'NONE',  ( 1.784840457443369040E-25, -1.000000000000000000, 2.226486605569893171E-16 ) ) ;
#2819 = ORIENTED_EDGE ( 'NONE', *, *, #420, .T. ) ;
#2820 = SURFACE_STYLE_USAGE ( .BOTH. , #3134 ) ;
#2821 = EDGE_CURVE ( 'NONE', #1404, #582, #753, .T. ) ;
#2822 = DIRECTION ( 'NONE',  ( 0.0000000000000000000, -1.000000000000000000, -0.0000000000000000000 ) ) ;
#2823 = EDGE_LOOP ( 'NONE', ( #505, #494, #1206, #278 ) ) ;
#2824 = ADVANCED_FACE ( 'NONE', ( #2142 ), #2888, .T. ) ;
#2825 = PLANE ( 'NONE',  #2782 ) ;
#2826 = ORIENTED_EDGE ( 'NONE', *, *, #1434, .T. ) ;
#2827 = DIRECTION ( 'NONE',  ( 0.0000000000000000000, 0.0000000000000000000, -1.000000000000000000 ) ) ;
#2828 = CARTESIAN_POINT ( 'NONE',  ( -4.333012728249789759E-13, 0.8099999999999998312, -3.002388310930967250E-13 ) ) ;
#2829 = ORIENTED_EDGE ( 'NONE', *, *, #2995, .F. ) ;
#2830 = CARTESIAN_POINT ( 'NONE',  ( -0.3000000000004000023, 0.01000000000000010082, 0.4999999999997000177 ) ) ;
#2831 = AXIS2_PLACEMENT_3D ( 'NONE', #2473, #637, #1974 ) ;
#2832 = VECTOR ( 'NONE', #249, 1000.000000000000000 ) ;
#2833 = ORIENTED_EDGE ( 'NONE', *, *, #24, .F. ) ;
#2834 = CARTESIAN_POINT ( 'NONE',  ( 0.9999903433634842465, 1.266862916443965537, 0.004394680204490590027 ) ) ;
#2835 = ORIENTED_EDGE ( 'NONE', *, *, #2877, .T. ) ;
#2836 =( GEOMETRIC_REPRESENTATION_CONTEXT ( 3 ) GLOBAL_UNCERTAINTY_ASSIGNED_CONTEXT ( ( #2338 ) ) GLOBAL_UNIT_ASSIGNED_CONTEXT ( ( #3207, #1881, #219 ) ) REPRESENTATION_CONTEXT ( 'NONE', 'WORKASPACE' ) );
#2837 = EDGE_CURVE ( 'NONE', #436, #1242, #823, .T. ) ;
#2838 = AXIS2_PLACEMENT_3D ( 'NONE', #2179, #2499, #92 ) ;
#2839 = CYLINDRICAL_SURFACE ( 'NONE', #1609, 0.3499999998159000203 ) ;
#2840 = ORIENTED_EDGE ( 'NONE', *, *, #2674, .T. ) ;
#2841 = EDGE_CURVE ( 'NONE', #2780, #3279, #1565, .T. ) ;
#2842 = DIRECTION ( 'NONE',  ( 0.0000000000000000000, 0.0000000000000000000, 1.000000000000000000 ) ) ;
#2843 = ORIENTED_EDGE ( 'NONE', *, *, #3183, .F. ) ;
#2844 = LINE ( 'NONE', #972, #707 ) ;
#2845 = EDGE_CURVE ( 'NONE', #3162, #3028, #2679, .T. ) ;
#2846 = DIRECTION ( 'NONE',  ( -0.0000000000000000000, 2.220446049250310123E-16, 1.000000000000000000 ) ) ;
#2847 = DIRECTION ( 'NONE',  ( 1.000000000000000000, -0.0000000000000000000, 0.0000000000000000000 ) ) ;
#2848 = ORIENTED_EDGE ( 'NONE', *, *, #1277, .F. ) ;
#2849 = LINE ( 'NONE', #2066, #2382 ) ;
#2850 = DIRECTION ( 'NONE',  ( 0.0000000000000000000, 1.000000000000000000, -2.220446049250310123E-16 ) ) ;
#2851 = ORIENTED_EDGE ( 'NONE', *, *, #2519, .F. ) ;
#2852 = CARTESIAN_POINT ( 'NONE',  ( -0.008789275266287248367, 1.266862916443966203, 0.9999613732203995742 ) ) ;
#2853 = VERTEX_POINT ( 'NONE', #3458 ) ;
#2854 = DIRECTION ( 'NONE',  ( 1.000000000000000000, 0.0000000000000000000, 0.0000000000000000000 ) ) ;
#2855 = ORIENTED_EDGE ( 'NONE', *, *, #1011, .T. ) ;
#2856 = DIRECTION ( 'NONE',  ( 1.000000000000000000, -0.0000000000000000000, 0.0000000000000000000 ) ) ;
#2857 = EDGE_CURVE ( 'NONE', #3053, #2144, #9, .T. ) ;
#2858 = CARTESIAN_POINT ( 'NONE',  ( 0.009999999999565528305, 1.300000000000010258, 0.8899438184511793137 ) ) ;
#2859 = CARTESIAN_POINT ( 'NONE',  ( -1.149999999999999911, 0.1200000000000000094, 0.8999999999997000399 ) ) ;
#2860 = ADVANCED_FACE ( 'NONE', ( #3420 ), #2924, .T. ) ;
#2861 = DIRECTION ( 'NONE',  ( 0.0000000000000000000, 1.000000000000000000, -2.220446049250310123E-16 ) ) ;
#2862 = EDGE_LOOP ( 'NONE', ( #3434, #1638, #1748, #1046 ) ) ;
#2863 = CARTESIAN_POINT ( 'NONE',  ( 0.2999999999996000311, 0.009999999999999911737, -0.5000000000002999823 ) ) ;
#2864 = EDGE_CURVE ( 'NONE', #2316, #3264, #2942, .T. ) ;
#2865 = ORIENTED_EDGE ( 'NONE', *, *, #382, .F. ) ;
#2866 = FACE_OUTER_BOUND ( 'NONE', #2523, .T. ) ;
#2867 = VERTEX_POINT ( 'NONE', #274 ) ;
#2868 =( NAMED_UNIT ( * ) SI_UNIT ( $, .STERADIAN. ) SOLID_ANGLE_UNIT ( ) );
#2869 = VECTOR ( 'NONE', #2172, 1000.000000000000000 ) ;
#2870 = VECTOR ( 'NONE', #2562, 1000.000000000000000 ) ;
#2871 = CARTESIAN_POINT ( 'NONE',  ( -1.300000000000000266, -4.996003610819929594E-17, -0.2250000000003000433 ) ) ;
#2872 = ORIENTED_EDGE ( 'NONE', *, *, #2263, .T. ) ;
#2873 = APPLICATION_CONTEXT ( 'automotive_design' ) ;
#2874 = LINE ( 'NONE', #2351, #706 ) ;
#2875 = ORIENTED_EDGE ( 'NONE', *, *, #2932, .F. ) ;
#2876 = DIRECTION ( 'NONE',  ( 0.0000000000000000000, -2.220446049250310123E-16, -1.000000000000000000 ) ) ;
#2877 = EDGE_CURVE ( 'NONE', #2746, #3348, #529, .T. ) ;
#2878 = DIRECTION ( 'NONE',  ( 0.0000000000000000000, 2.220446049250310123E-16, 1.000000000000000000 ) ) ;
#2879 = CARTESIAN_POINT ( 'NONE',  ( 0.8997691559687366336, 1.300000000000010925, 0.2246159427391954955 ) ) ;
#2880 = DIRECTION ( 'NONE',  ( -0.0000000000000000000, -2.220446049250310123E-16, -1.000000000000000000 ) ) ;
#2881 = CARTESIAN_POINT ( 'NONE',  ( -4.333061728278609828E-13, 1.300000000000010036, -3.003006329441510194E-13 ) ) ;
#2882 = VERTEX_POINT ( 'NONE', #2160 ) ;
#2883 = DIRECTION ( 'NONE',  ( -0.7071067811865474617, 0.0000000000000000000, 0.7071067811865474617 ) ) ;
#2884 = ORIENTED_EDGE ( 'NONE', *, *, #639, .F. ) ;
#2885 = DIRECTION ( 'NONE',  ( -1.784840457443369040E-25, 1.000000000000000000, -2.226486605569893171E-16 ) ) ;
#2886 = EDGE_CURVE ( 'NONE', #2968, #472, #3479, .T. ) ;
#2887 = AXIS2_PLACEMENT_3D ( 'NONE', #1455, #154, #170 ) ;
#2888 = PLANE ( 'NONE',  #602 ) ;
#2889 = ORIENTED_EDGE ( 'NONE', *, *, #1230, .F. ) ;
#2890 = AXIS2_PLACEMENT_3D ( 'NONE', #1527, #2314, #2051 ) ;
#2891 = AXIS2_PLACEMENT_3D ( 'NONE', #2347, #1620, #1334 ) ;
#2892 = AXIS2_PLACEMENT_3D ( 'NONE', #57, #1682, #2960 ) ;
#2893 = VECTOR ( 'NONE', #1269, 1000.000000000000114 ) ;
#2894 = CARTESIAN_POINT ( 'NONE',  ( -1.300000000000000266, 2.886579864025410062E-16, 1.000000000000000000 ) ) ;
#2895 = LINE ( 'NONE', #2626, #3169 ) ;
#2896 = VERTEX_POINT ( 'NONE', #2415 ) ;
#2897 = DIRECTION ( 'NONE',  ( 0.0000000000000000000, -1.000000000000000000, 2.220446049250310123E-16 ) ) ;
#2898 = AXIS2_PLACEMENT_3D ( 'NONE', #1400, #3073, #2241 ) ;
#2899 = CARTESIAN_POINT ( 'NONE',  ( 1.445787933818109903E-12, 0.1200000000000000094, -1.175655333991199925 ) ) ;
#2900 = CARTESIAN_POINT ( 'NONE',  ( 4.995668050240820168E-10, 0.01000000003159584594, -2.999706039119626691E-13 ) ) ;
#2901 = EDGE_LOOP ( 'NONE', ( #2235, #3476, #516, #2608 ) ) ;
#2902 = CARTESIAN_POINT ( 'NONE',  ( -1.149999999999999911, 4.996003610713213354E-17, 0.2249999999969000686 ) ) ;
#2903 = DIRECTION ( 'NONE',  ( 0.0000000000000000000, 0.0000000000000000000, 1.000000000000000000 ) ) ;
#2904 = ORIENTED_EDGE ( 'NONE', *, *, #1893, .T. ) ;
#2905 = DIRECTION ( 'NONE',  ( -1.000000000000000000, 0.0000000000000000000, 0.0000000000000000000 ) ) ;
#2906 = EDGE_CURVE ( 'NONE', #3080, #1852, #3154, .T. ) ;
#2907 = ORIENTED_EDGE ( 'NONE', *, *, #2719, .F. ) ;
#2908 = CARTESIAN_POINT ( 'NONE',  ( 1.167612260356239995, 0.1200000000000000511, 0.2249999999996999955 ) ) ;
#2909 = CARTESIAN_POINT ( 'NONE',  ( 0.2999999999995999200, 0.01000000000000012164, 0.4999999999997000177 ) ) ;
#2910 = ORIENTED_EDGE ( 'NONE', *, *, #1209, .T. ) ;
#2911 = DIRECTION ( 'NONE',  ( -1.000000000000000000, 0.0000000000000000000, 0.0000000000000000000 ) ) ;
#2912 = LINE ( 'NONE', #261, #2541 ) ;
#2913 = ORIENTED_EDGE ( 'NONE', *, *, #3407, .F. ) ;
#2914 = CARTESIAN_POINT ( 'NONE',  ( -1.149999999999999911, 0.009999999999999800715, -0.9000000000002998934 ) ) ;
#2915 = CARTESIAN_POINT ( 'NONE',  ( -0.7442636049912478846, 1.300000000000010258, 0.5552102286552659249 ) ) ;
#2916 = CARTESIAN_POINT ( 'NONE',  ( 1.149999999999999911, 0.1199999999999998151, -0.9000000000003000045 ) ) ;
#2917 = CARTESIAN_POINT ( 'NONE',  ( 0.009999999999520742949, 1.246479433476897380, 0.9954404314510669760 ) ) ;
#2918 = DIRECTION ( 'NONE',  ( 0.0000000000000000000, -2.220446049250310123E-16, -1.000000000000000000 ) ) ;
#2919 = EDGE_LOOP ( 'NONE', ( #384, #731, #2344, #3474 ) ) ;
#2920 = PLANE ( 'NONE',  #550 ) ;
#2921 = ORIENTED_EDGE ( 'NONE', *, *, #283, .T. ) ;
#2922 = CARTESIAN_POINT ( 'NONE',  ( 1.149999999999999911, 0.1200000000000000927, 0.8999999999997000399 ) ) ;
#2923 = EDGE_CURVE ( 'NONE', #978, #2230, #565, .T. ) ;
#2924 = CYLINDRICAL_SURFACE ( 'NONE', #3460, 0.2500000000000000000 ) ;
#2925 = ORIENTED_EDGE ( 'NONE', *, *, #3321, .T. ) ;
#2926 = EDGE_CURVE ( 'NONE', #3443, #240, #1368, .T. ) ;
#2927 = AXIS2_PLACEMENT_3D ( 'NONE', #56, #1928, #2708 ) ;
#2928 = LINE ( 'NONE', #242, #2990 ) ;
#2929 = CARTESIAN_POINT ( 'NONE',  ( -0.4000000000003999800, 0.009999999999999920411, -0.4000000000003000045 ) ) ;
#2930 = EDGE_LOOP ( 'NONE', ( #619, #3098, #1746, #964, #3133, #2028, #951, #1848 ) ) ;
#2931 = DIRECTION ( 'NONE',  ( 0.0000000000000000000, -1.000000000000000000, 2.220446049250310123E-16 ) ) ;
#2932 = EDGE_CURVE ( 'NONE', #1132, #2405, #1021, .T. ) ;
#2933 = DIRECTION ( 'NONE',  ( 0.0000000000000000000, 0.0000000000000000000, -1.000000000000000000 ) ) ;
#2934 = PLANE ( 'NONE',  #173 ) ;
#2935 = CARTESIAN_POINT ( 'NONE',  ( 0.008086133097498900135, 1.299999999828630237, 0.9199644621547692358 ) ) ;
#2936 = PLANE ( 'NONE',  #804 ) ;
#2937 = ORIENTED_EDGE ( 'NONE', *, *, #1884, .T. ) ;
#2938 = PLANE ( 'NONE',  #2446 ) ;
#2939 = EDGE_LOOP ( 'NONE', ( #195, #2285, #2408, #3032 ) ) ;
#2940 = DIRECTION ( 'NONE',  ( 0.0000000000000000000, 2.331617575237643907E-16, 1.000000000000000000 ) ) ;
#2941 = SURFACE_STYLE_FILL_AREA ( #2124 ) ;
#2942 = LINE ( 'NONE', #548, #2661 ) ;
#2943 = EDGE_LOOP ( 'NONE', ( #2104, #2020, #2075, #914 ) ) ;
#2944 = AXIS2_PLACEMENT_3D ( 'NONE', #2540, #2016, #1763 ) ;
#2945 = DIRECTION ( 'NONE',  ( 0.0000000000000000000, 0.0000000000000000000, 1.000000000000000000 ) ) ;
#2946 = VECTOR ( 'NONE', #3226, 1000.000000000000000 ) ;
#2947 = VECTOR ( 'NONE', #643, 1000.000000000000000 ) ;
#2948 = CARTESIAN_POINT ( 'NONE',  ( -4.000272335602520694E-13, 0.1200000000000000094, 0.5199999999998500266 ) ) ;
#2949 = ORIENTED_EDGE ( 'NONE', *, *, #2767, .F. ) ;
#2950 = EDGE_CURVE ( 'NONE', #933, #2003, #2236, .T. ) ;
#2951 = CARTESIAN_POINT ( 'NONE',  ( -1.300000000000000266, 4.996003610806472120E-17, 0.2249999999997000510 ) ) ;
#2952 = VECTOR ( 'NONE', #630, 1000.000000000000000 ) ;
#2953 = COLOUR_RGB ( '',0.9529411764705881804, 0.8980392156862745390, 0.6549019607843137303 ) ;
#2954 = CARTESIAN_POINT ( 'NONE',  ( -0.3603878732124551343, 1.300000000000010703, 0.8465916268851906290 ) ) ;
#2955 = STYLED_ITEM ( 'NONE', ( #3336 ), #105 ) ;
#2956 = EDGE_CURVE ( 'NONE', #58, #400, #899, .T. ) ;
#2957 = CYLINDRICAL_SURFACE ( 'NONE', #2150, 0.8649999999999999911 ) ;
#2958 = CARTESIAN_POINT ( 'NONE',  ( -0.9693512960288854785, 1.300000001092710633, -0.5640961661311794106 ) ) ;
#2959 = CARTESIAN_POINT ( 'NONE',  ( -1.149999999999999911, 0.1199999999999999817, -0.2250000000002999601 ) ) ;
#2960 = DIRECTION ( 'NONE',  ( 0.0000000000000000000, 0.0000000000000000000, -1.000000000000000000 ) ) ;
#2961 = EDGE_LOOP ( 'NONE', ( #95, #243, #1041, #2641 ) ) ;
#2962 = CARTESIAN_POINT ( 'NONE',  ( 0.3999999999995999533, 0.009999999999999920411, -0.4000000000003000045 ) ) ;
#2963 = CYLINDRICAL_SURFACE ( 'NONE', #1619, 0.8650000000000001021 ) ;
#2964 = PLANE ( 'NONE',  #767 ) ;
#2965 = VERTEX_POINT ( 'NONE', #1969 ) ;
#2966 = DIRECTION ( 'NONE',  ( -1.000000000000000000, 0.0000000000000000000, 0.0000000000000000000 ) ) ;
#2967 = CARTESIAN_POINT ( 'NONE',  ( -4.332271828261990199E-13, -1.920685832601518084E-16, -0.8650000000002971978 ) ) ;
#2968 = VERTEX_POINT ( 'NONE', #3038 ) ;
#2969 = CARTESIAN_POINT ( 'NONE',  ( 0.5316358541825940698, 1.300000000000010258, -0.7556485415508035208 ) ) ;
#2970 = PLANE ( 'NONE',  #2233 ) ;
#2971 = ADVANCED_FACE ( 'NONE', ( #2715 ), #1686, .F. ) ;
#2972 = CARTESIAN_POINT ( 'NONE',  ( -0.8485463510835526968, 1.300000000000010258, -0.3557600978594852581 ) ) ;
#2973 = CARTESIAN_POINT ( 'NONE',  ( 0.009999999999566969860, 0.7866666227350297413, 0.9766154547598849822 ) ) ;
#2974 = CARTESIAN_POINT ( 'NONE',  ( -1.002573665742573006, 1.220000000393089756, -0.5834293134193091479 ) ) ;
#2975 = EDGE_CURVE ( 'NONE', #1161, #2736, #1407, .T. ) ;
#2976 = PLANE ( 'NONE',  #1088 ) ;
#2977 = MANIFOLD_SOLID_BREP ( 'Body2', #2761 ) ;
#2978 = DIRECTION ( 'NONE',  ( 0.0000000000000000000, -2.193472603294373168E-16, -1.000000000000000000 ) ) ;
#2979 = ORIENTED_EDGE ( 'NONE', *, *, #1893, .F. ) ;
#2980 = DIRECTION ( 'NONE',  ( 0.0000000000000000000, 0.0000000000000000000, -1.000000000000000000 ) ) ;
#2981 = ADVANCED_FACE ( 'NONE', ( #346 ), #846, .T. ) ;
#2982 = CARTESIAN_POINT ( 'NONE',  ( 1.167612260356239995, 0.1199999999999999539, -0.2250000000002999878 ) ) ;
#2983 = ORIENTED_EDGE ( 'NONE', *, *, #2211, .F. ) ;
#2984 =( NAMED_UNIT ( * ) PLANE_ANGLE_UNIT ( ) SI_UNIT ( $, .RADIAN. ) );
#2985 = ORIENTED_EDGE ( 'NONE', *, *, #2190, .F. ) ;
#2986 = LINE ( 'NONE', #584, #1985 ) ;
#2987 = ORIENTED_EDGE ( 'NONE', *, *, #2346, .F. ) ;
#2988 = CARTESIAN_POINT ( 'NONE',  ( 0.8070809886291199220, 1.300000000000011147, -0.4594273441731941965 ) ) ;
#2989 = DIRECTION ( 'NONE',  ( 0.0000000000000000000, 2.193472603294372921E-16, 1.000000000000000000 ) ) ;
#2990 = VECTOR ( 'NONE', #2418, 1000.000000000000000 ) ;
#2991 = MANIFOLD_SOLID_BREP ( 'Body6', #1701 ) ;
#2992 = CARTESIAN_POINT ( 'NONE',  ( -0.1267822226208297764, 1.300000000000011147, 0.9186762022769616731 ) ) ;
#2993 = CARTESIAN_POINT ( 'NONE',  ( 4.995668154198130212E-10, 0.009999999999999922146, -0.3499999998162000026 ) ) ;
#2994 = DIRECTION ( 'NONE',  ( 0.0000000000000000000, 0.0000000000000000000, -1.000000000000000000 ) ) ;
#2995 = EDGE_CURVE ( 'NONE', #3294, #3113, #2737, .T. ) ;
#2996 = AXIS2_PLACEMENT_3D ( 'NONE', #563, #1349, #3168 ) ;
#2997 = CARTESIAN_POINT ( 'NONE',  ( -0.3000000000003999467, 1.054711873393230474E-16, 0.4999999999997001288 ) ) ;
#2998 = CARTESIAN_POINT ( 'NONE',  ( 4.995668050240819134E-10, 0.3600000002847991709, -0.09999999984948725051 ) ) ;
#2999 = DIRECTION ( 'NONE',  ( -0.0000000000000000000, 1.000000000000000000, -2.220446049250310123E-16 ) ) ;
#3000 = EDGE_CURVE ( 'NONE', #2813, #1723, #1653, .T. ) ;
#3001 = DIRECTION ( 'NONE',  ( 1.000000000000000000, 0.0000000000000000000, 0.0000000000000000000 ) ) ;
#3002 = ORIENTED_EDGE ( 'NONE', *, *, #196, .F. ) ;
#3003 =( NAMED_UNIT ( * ) SI_UNIT ( $, .STERADIAN. ) SOLID_ANGLE_UNIT ( ) );
#3004 = ORIENTED_EDGE ( 'NONE', *, *, #2312, .F. ) ;
#3005 = FILL_AREA_STYLE ('',( #1462 ) ) ;
#3006 = EDGE_CURVE ( 'NONE', #1844, #436, #2282, .T. ) ;
#3007 = DIRECTION ( 'NONE',  ( 0.0000000000000000000, 2.220446049250310123E-16, 1.000000000000000000 ) ) ;
#3008 = VERTEX_POINT ( 'NONE', #1487 ) ;
#3009 = DIRECTION ( 'NONE',  ( -0.7071067811865474617, 0.0000000000000000000, -0.7071067811865474617 ) ) ;
#3010 = VECTOR ( 'NONE', #1432, 1000.000000000000000 ) ;
#3011 = VECTOR ( 'NONE', #2481, 1000.000000000000000 ) ;
#3012 = CARTESIAN_POINT ( 'NONE',  ( 1.300000000000000266, 1.998401444324606606E-16, 0.8999999999997002620 ) ) ;
#3013 = ORIENTED_EDGE ( 'NONE', *, *, #874, .F. ) ;
#3014 = DIRECTION ( 'NONE',  ( 1.000000000000000000, 0.0000000000000000000, 0.0000000000000000000 ) ) ;
#3015 = AXIS2_PLACEMENT_3D ( 'NONE', #1225, #2348, #2533 ) ;
#3016 = CARTESIAN_POINT ( 'NONE',  ( -0.5790176886403279877, 1.266862916074871004, 1.005127970005241789 ) ) ;
#3017 = PRODUCT_DEFINITION_CONTEXT ( 'detailed design', #2873, 'design' ) ;
#3018 = VECTOR ( 'NONE', #1979, 1000.000000000000000 ) ;
#3019 = DIRECTION ( 'NONE',  ( 0.0000000000000000000, 2.220446049250310123E-16, 1.000000000000000000 ) ) ;
#3020 = VECTOR ( 'NONE', #3272, 1000.000000000000000 ) ;
#3021 = DIRECTION ( 'NONE',  ( 0.0000000000000000000, 1.000000000000000000, -2.220446049250310123E-16 ) ) ;
#3022 = ORIENTED_EDGE ( 'NONE', *, *, #2693, .F. ) ;
#3023 = CARTESIAN_POINT ( 'NONE',  ( 0.3999999999996000088, 8.881784196994589407E-17, 0.3999999999996999844 ) ) ;
#3024 = MECHANICAL_DESIGN_GEOMETRIC_PRESENTATION_REPRESENTATION (  '', ( #2955 ), #719 ) ;
#3025 = EDGE_CURVE ( 'NONE', #1256, #3054, #732, .T. ) ;
#3026 = FACE_OUTER_BOUND ( 'NONE', #1016, .T. ) ;
#3027 = ORIENTED_EDGE ( 'NONE', *, *, #2137, .F. ) ;
#3028 = VERTEX_POINT ( 'NONE', #2529 ) ;
#3029 = CARTESIAN_POINT ( 'NONE',  ( -4.332611628267369764E-13, 0.5300000000261209099, -3.003240017784847282E-13 ) ) ;
#3030 = ADVANCED_FACE ( 'NONE', ( #2866 ), #315, .T. ) ;
#3031 = LINE ( 'NONE', #1722, #600 ) ;
#3032 = ORIENTED_EDGE ( 'NONE', *, *, #3137, .F. ) ;
#3033 = ADVANCED_FACE ( 'NONE', ( #680 ), #3331, .T. ) ;
#3034 = PLANE ( 'NONE',  #3463 ) ;
#3035 = ORIENTED_EDGE ( 'NONE', *, *, #1300, .F. ) ;
#3036 = FACE_OUTER_BOUND ( 'NONE', #1233, .T. ) ;
#3037 = DIRECTION ( 'NONE',  ( 0.0000000000000000000, 2.323290370833846057E-16, 1.000000000000000000 ) ) ;
#3038 = CARTESIAN_POINT ( 'NONE',  ( 0.2999999999995999755, 0.01000000000000025521, 0.4999999999996999067 ) ) ;
#3039 = VERTEX_POINT ( 'NONE', #1749 ) ;
#3040 = DIRECTION ( 'NONE',  ( 0.0000000000000000000, 1.000000000000000000, -2.220446049250310123E-16 ) ) ;
#3041 = LINE ( 'NONE', #1192, #3010 ) ;
#3042 = ORIENTED_EDGE ( 'NONE', *, *, #3126, .T. ) ;
#3043 = PRODUCT_CONTEXT ( 'NONE', #2117, 'mechanical' ) ;
#3044 = CARTESIAN_POINT ( 'NONE',  ( -0.4000000000003999800, 8.881784196994589407E-17, 0.3999999999996999844 ) ) ;
#3045 = EDGE_LOOP ( 'NONE', ( #2485, #1339, #1855, #1624 ) ) ;
#3046 = CARTESIAN_POINT ( 'NONE',  ( -4.332590166562743030E-13, 0.3600000000000000422, 0.2499999999996999067 ) ) ;
#3047 = ADVANCED_FACE ( 'NONE', ( #717 ), #2332, .F. ) ;
#3048 = STYLED_ITEM ( 'NONE', ( #1971 ), #653 ) ;
#3049 = DIRECTION ( 'NONE',  ( 0.0000000000000000000, 1.000000000000000000, -2.220446049250310123E-16 ) ) ;
#3050 = EDGE_LOOP ( 'NONE', ( #782, #1239, #544, #716 ) ) ;
#3051 = PLANE ( 'NONE',  #424 ) ;
#3052 = COLOUR_RGB ( '',0.9529411764705881804, 0.8980392156862745390, 0.6549019607843137303 ) ;
#3053 = VERTEX_POINT ( 'NONE', #1238 ) ;
#3054 = VERTEX_POINT ( 'NONE', #3366 ) ;
#3055 = CARTESIAN_POINT ( 'NONE',  ( 0.3999999999996000088, 8.881784196994589407E-17, -0.4000000000002999490 ) ) ;
#3056 = PLANE ( 'NONE',  #1112 ) ;
#3057 = AXIS2_PLACEMENT_3D ( 'NONE', #1174, #330, #1143 ) ;
#3058 = DIRECTION ( 'NONE',  ( 0.7071067811865475727, -1.570092458683769004E-16, -0.7071067811865475727 ) ) ;
#3059 = ADVANCED_FACE ( 'NONE', ( #3095 ), #3400, .T. ) ;
#3060 = ORIENTED_EDGE ( 'NONE', *, *, #1818, .F. ) ;
#3061 = PLANE ( 'NONE',  #1381 ) ;
#3062 = VECTOR ( 'NONE', #425, 1000.000000000000000 ) ;
#3063 = CIRCLE ( 'NONE', #2887, 0.1000000000002674028 ) ;
#3064 = VECTOR ( 'NONE', #2217, 1000.000000000000000 ) ;
#3065 = VERTEX_POINT ( 'NONE', #2564 ) ;
#3066 = DIRECTION ( 'NONE',  ( -1.000000000000000000, -0.0000000000000000000, -0.0000000000000000000 ) ) ;
#3067 = ORIENTED_EDGE ( 'NONE', *, *, #352, .T. ) ;
#3068 = CARTESIAN_POINT ( 'NONE',  ( -0.008789275269835743198, 1.220000001082300223, 0.9999613736241139694 ) ) ;
#3069 = ORIENTED_EDGE ( 'NONE', *, *, #883, .T. ) ;
#3070 = AXIS2_PLACEMENT_3D ( 'NONE', #223, #1640, #1355 ) ;
#3071 = CARTESIAN_POINT ( 'NONE',  ( -1.149999999999999911, -4.996003610819869814E-17, -0.2250000000002999878 ) ) ;
#3072 = VERTEX_POINT ( 'NONE', #163 ) ;
#3073 = DIRECTION ( 'NONE',  ( -0.0000000000000000000, -1.000000000000000000, 2.220446049250310123E-16 ) ) ;
#3074 = VERTEX_POINT ( 'NONE', #2515 ) ;
#3075 = CARTESIAN_POINT ( 'NONE',  ( -1.149999999999999911, 0.1200000000000000372, 0.2249999999997000233 ) ) ;
#3076 = EDGE_CURVE ( 'NONE', #2504, #2817, #3132, .T. ) ;
#3077 = DIRECTION ( 'NONE',  ( 0.0000000000000000000, 1.000000000000000000, -2.220446049250310123E-16 ) ) ;
#3078 = VERTEX_POINT ( 'NONE', #2635 ) ;
#3079 = DIRECTION ( 'NONE',  ( 0.0000000000000000000, -1.000000000000000000, 2.220446049250310123E-16 ) ) ;
#3080 = VERTEX_POINT ( 'NONE', #1308 ) ;
#3081 = CARTESIAN_POINT ( 'NONE',  ( 0.5878296697403287974, 1.220000001082299335, -1.000000000081001650 ) ) ;
#3082 = ORIENTED_EDGE ( 'NONE', *, *, #1769, .T. ) ;
#3083 = DIRECTION ( 'NONE',  ( 0.0000000000000000000, 0.0000000000000000000, -1.000000000000000000 ) ) ;
#3084 = ADVANCED_FACE ( 'NONE', ( #1085 ), #1575, .F. ) ;
#3085 = PLANE ( 'NONE',  #887 ) ;
#3086 = EDGE_LOOP ( 'NONE', ( #3042, #1584, #2717, #1018 ) ) ;
#3087 = CARTESIAN_POINT ( 'NONE',  ( 0.2999999999995999755, 0.01000000000000038705, 1.540000000000000036 ) ) ;
#3088 = DIRECTION ( 'NONE',  ( 0.0000000000000000000, -1.000000000000000000, 2.220446049250310123E-16 ) ) ;
#3089 = DIRECTION ( 'NONE',  ( 0.0000000000000000000, 2.220446049250310123E-16, 1.000000000000000000 ) ) ;
#3090 = AXIS2_PLACEMENT_3D ( 'NONE', #1945, #71, #1695 ) ;
#3091 = EDGE_CURVE ( 'NONE', #3279, #843, #234, .T. ) ;
#3092 = VERTEX_POINT ( 'NONE', #543 ) ;
#3093 = DIRECTION ( 'NONE',  ( 0.0000000000000000000, -2.436409376371920126E-16, -1.000000000000000000 ) ) ;
#3094 = ORIENTED_EDGE ( 'NONE', *, *, #341, .T. ) ;
#3095 = FACE_OUTER_BOUND ( 'NONE', #930, .T. ) ;
#3096 = EDGE_CURVE ( 'NONE', #2082, #2545, #3452, .T. ) ;
#3097 = AXIS2_PLACEMENT_3D ( 'NONE', #1617, #2414, #2940 ) ;
#3098 = ORIENTED_EDGE ( 'NONE', *, *, #2459, .F. ) ;
#3099 = DIRECTION ( 'NONE',  ( 1.110223024625151857E-16, -1.000000000000000000, 1.110223024625151857E-16 ) ) ;
#3100 = DIRECTION ( 'NONE',  ( 1.000000000000000000, 0.0000000000000000000, 0.0000000000000000000 ) ) ;
#3101 = ADVANCED_FACE ( 'NONE', ( #1541 ), #506, .T. ) ;
#3102 = EDGE_LOOP ( 'NONE', ( #3356, #1759, #1659, #2278, #3429, #763, #1705, #665, #739, #2452 ) ) ;
#3103 = CARTESIAN_POINT ( 'NONE',  ( -0.4000000000003999800, 0.009999999999999899594, -0.5000000000002999823 ) ) ;
#3104 = ORIENTED_EDGE ( 'NONE', *, *, #2034, .F. ) ;
#3105 = CARTESIAN_POINT ( 'NONE',  ( -0.01000000000037776227, 1.283087743566286854, 0.9699494556735182016 ) ) ;
#3106 = LINE ( 'NONE', #122, #1058 ) ;
#3107 = ORIENTED_EDGE ( 'NONE', *, *, #3407, .T. ) ;
#3108 = DIRECTION ( 'NONE',  ( 1.000000000000000000, -0.0000000000000000000, 0.0000000000000000000 ) ) ;
#3109 = VECTOR ( 'NONE', #414, 1000.000000000000000 ) ;
#3110 = VECTOR ( 'NONE', #130, 1000.000000000000000 ) ;
#3111 = FACE_OUTER_BOUND ( 'NONE', #204, .T. ) ;
#3112 = VECTOR ( 'NONE', #2748, 1000.000000000000114 ) ;
#3113 = VERTEX_POINT ( 'NONE', #3475 ) ;
#3114 = CARTESIAN_POINT ( 'NONE',  ( -4.332590228257060364E-13, 0.5300000000000001377, -3.001743585783939847E-13 ) ) ;
#3115 = ORIENTED_EDGE ( 'NONE', *, *, #1750, .F. ) ;
#3116 =( LENGTH_UNIT ( ) NAMED_UNIT ( * ) SI_UNIT ( .MILLI., .METRE. ) );
#3117 = CIRCLE ( 'NONE', #88, 0.9299999999822560204 ) ;
#3118 = AXIS2_PLACEMENT_3D ( 'NONE', #3270, #1942, #3009 ) ;
#3119 = ADVANCED_FACE ( 'NONE', ( #1347, #1055 ), #2156, .F. ) ;
#3120 = AXIS2_PLACEMENT_3D ( 'NONE', #2709, #1141, #2978 ) ;
#3121 = DIRECTION ( 'NONE',  ( 0.0000000000000000000, 0.0000000000000000000, -1.000000000000000000 ) ) ;
#3122 = ORIENTED_EDGE ( 'NONE', *, *, #2995, .T. ) ;
#3123 = DIRECTION ( 'NONE',  ( 1.000000000000000000, -4.397524011601313017E-13, 1.224646794574074597E-16 ) ) ;
#3124 = ORIENTED_EDGE ( 'NONE', *, *, #2926, .T. ) ;
#3125 = DIRECTION ( 'NONE',  ( -1.000000000000000000, 4.397524011601311502E-13, 4.573278639388464290E-25 ) ) ;
#3126 = EDGE_CURVE ( 'NONE', #1500, #555, #270, .T. ) ;
#3127 = DIRECTION ( 'NONE',  ( -4.372838984771210343E-30, -1.000000000000000000, 2.168404344899676860E-16 ) ) ;
#3128 = DIRECTION ( 'NONE',  ( 1.000000000000000000, -0.0000000000000000000, 0.0000000000000000000 ) ) ;
#3129 = VERTEX_POINT ( 'NONE', #467 ) ;
#3130 = DIRECTION ( 'NONE',  ( 1.784840457443369040E-25, -1.000000000000000000, 2.226486605569893171E-16 ) ) ;
#3131 = ORIENTED_EDGE ( 'NONE', *, *, #2956, .F. ) ;
#3132 = LINE ( 'NONE', #110, #3462 ) ;
#3133 = ORIENTED_EDGE ( 'NONE', *, *, #1007, .F. ) ;
#3134 = SURFACE_SIDE_STYLE ('',( #984 ) ) ;
#3135 = FACE_OUTER_BOUND ( 'NONE', #80, .T. ) ;
#3136 = ORIENTED_EDGE ( 'NONE', *, *, #1755, .F. ) ;
#3137 = EDGE_CURVE ( 'NONE', #652, #2072, #2412, .T. ) ;
#3138 = DIRECTION ( 'NONE',  ( 0.0000000000000000000, -1.000000000000000000, 2.220446049250310123E-16 ) ) ;
#3139 = ORIENTED_EDGE ( 'NONE', *, *, #773, .T. ) ;
#3140 = PLANE ( 'NONE',  #2331 ) ;
#3141 = CARTESIAN_POINT ( 'NONE',  ( -0.01000000000039092535, 1.299341293411528042, 0.9317643718999006897 ) ) ;
#3142 = CARTESIAN_POINT ( 'NONE',  ( 0.2513492796696050191, 1.300000000000010925, 0.8858930367837091202 ) ) ;
#3143 = EDGE_CURVE ( 'NONE', #582, #1557, #3433, .T. ) ;
#3144 = EDGE_LOOP ( 'NONE', ( #2248, #850, #1890, #449 ) ) ;
#3145 = CARTESIAN_POINT ( 'NONE',  ( 0.009999999999527785927, 1.299341293422711763, 0.9317643718558741295 ) ) ;
#3146 = LINE ( 'NONE', #232, #2870 ) ;
#3147 = LINE ( 'NONE', #769, #143 ) ;
#3148 = EDGE_LOOP ( 'NONE', ( #1459, #1109, #296, #3303, #2910, #2627, #431, #3246 ) ) ;
#3149 = DIRECTION ( 'NONE',  ( 0.0000000000000000000, 1.000000000000000000, -2.220446049250310123E-16 ) ) ;
#3150 = CIRCLE ( 'NONE', #521, 0.8650000000000001021 ) ;
#3151 = B_SPLINE_CURVE_WITH_KNOTS ( 'NONE', 3,
 ( #2424, #2973, #1645, #2747 ),
 .UNSPECIFIED., .F., .F.,
 ( 4, 4 ),
 ( 5.393972912729715736E-15, 9.899761082007246078E-05 ),
 .UNSPECIFIED. ) ;
#3152 = AXIS2_PLACEMENT_3D ( 'NONE', #3285, #2517, #3316 ) ;
#3153 = FILL_AREA_STYLE ('',( #238 ) ) ;
#3154 = LINE ( 'NONE', #2695, #2946 ) ;
#3155 = ORIENTED_EDGE ( 'NONE', *, *, #898, .F. ) ;
#3156 = FACE_OUTER_BOUND ( 'NONE', #2752, .T. ) ;
#3157 = VERTEX_POINT ( 'NONE', #3221 ) ;
#3158 = PLANE ( 'NONE',  #2724 ) ;
#3159 = ADVANCED_FACE ( 'NONE', ( #801 ), #2920, .T. ) ;
#3160 = DIRECTION ( 'NONE',  ( 0.0000000000000000000, 2.220446049250310123E-16, 1.000000000000000000 ) ) ;
#3161 = CARTESIAN_POINT ( 'NONE',  ( -0.4000000000003999800, 0.01000000000000009909, 0.3999999999996999844 ) ) ;
#3162 = VERTEX_POINT ( 'NONE', #1034 ) ;
#3163 = DIRECTION ( 'NONE',  ( 0.0000000000000000000, 2.220446049250310123E-16, 1.000000000000000000 ) ) ;
#3164 = ADVANCED_FACE ( 'NONE', ( #2343 ), #3416, .F. ) ;
#3165 = ORIENTED_EDGE ( 'NONE', *, *, #1050, .T. ) ;
#3166 = CARTESIAN_POINT ( 'NONE',  ( 0.2999999999995999755, 1.554312234474718131E-16, 0.4999999999997001288 ) ) ;
#3167 = VERTEX_POINT ( 'NONE', #3166 ) ;
#3168 = DIRECTION ( 'NONE',  ( 0.0000000000000000000, 2.213057180109501119E-16, 1.000000000000000000 ) ) ;
#3169 = VECTOR ( 'NONE', #1338, 1000.000000000000000 ) ;
#3170 = CIRCLE ( 'NONE', #2542, 0.8649999999999999911 ) ;
#3171 = DIRECTION ( 'NONE',  ( -0.0000000000000000000, -1.000000000000000000, 2.220446049250310123E-16 ) ) ;
#3172 = DIRECTION ( 'NONE',  ( -1.000000000000000000, 0.0000000000000000000, 0.0000000000000000000 ) ) ;
#3173 = ORIENTED_EDGE ( 'NONE', *, *, #2923, .T. ) ;
#3174 = AXIS2_PLACEMENT_3D ( 'NONE', #471, #1545, #203 ) ;
#3175 = VECTOR ( 'NONE', #1482, 1000.000000000000000 ) ;
#3176 = DIRECTION ( 'NONE',  ( 1.776356839400259931E-15, 2.193472603294372921E-16, 1.000000000000000000 ) ) ;
#3177 = CARTESIAN_POINT ( 'NONE',  ( -0.01000000000042918467, 0.3599999999999998757, 0.8899438184511795358 ) ) ;
#3178 = EDGE_LOOP ( 'NONE', ( #2295, #1603, #1322, #2203 ) ) ;
#3179 = CARTESIAN_POINT ( 'NONE',  ( -1.300000000000000266, 0.3599999999999999867, -1.300000000000000266 ) ) ;
#3180 = CARTESIAN_POINT ( 'NONE',  ( -0.01000000000042999999, 0.3599999999999999867, 0.8899438179997000153 ) ) ;
#3181 = ORIENTED_EDGE ( 'NONE', *, *, #1959, .F. ) ;
#3182 = DIRECTION ( 'NONE',  ( 1.000000000000000000, -0.0000000000000000000, 0.0000000000000000000 ) ) ;
#3183 = EDGE_CURVE ( 'NONE', #1986, #3195, #2136, .T. ) ;
#3184 = CARTESIAN_POINT ( 'NONE',  ( -1.500000000000000222, 0.1199999999999999400, -0.9000000000003000045 ) ) ;
#3185 = ORIENTED_EDGE ( 'NONE', *, *, #1578, .T. ) ;
#3186 = DIRECTION ( 'NONE',  ( 0.0000000000000000000, 0.0000000000000000000, 1.000000000000000000 ) ) ;
#3187 = ORIENTED_EDGE ( 'NONE', *, *, #1839, .F. ) ;
#3188 = CARTESIAN_POINT ( 'NONE',  ( -0.4000000000003999800, -8.881784197007910063E-17, 0.3999999999996999289 ) ) ;
#3189 = EDGE_CURVE ( 'NONE', #1531, #32, #3147, .T. ) ;
#3190 = CARTESIAN_POINT ( 'NONE',  ( 0.2999999999995999755, 0.1200000000000000927, -0.8113106679880743854 ) ) ;
#3191 = ORIENTED_EDGE ( 'NONE', *, *, #3360, .T. ) ;
#3192 = ADVANCED_FACE ( 'NONE', ( #1878 ), #2938, .F. ) ;
#3193 = CARTESIAN_POINT ( 'NONE',  ( -1.149999999999999911, 0.1199999999999998845, -0.9000000000003000045 ) ) ;
#3194 = PLANE ( 'NONE',  #1323 ) ;
#3195 = VERTEX_POINT ( 'NONE', #1632 ) ;
#3196 = CARTESIAN_POINT ( 'NONE',  ( 0.2999999999995999755, 0.1200000000000000233, 1.540000000000000036 ) ) ;
#3197 = FACE_OUTER_BOUND ( 'NONE', #233, .T. ) ;
#3198 = EDGE_LOOP ( 'NONE', ( #2237, #920, #1148, #1953 ) ) ;
#3199 = CARTESIAN_POINT ( 'NONE',  ( -0.9199911137093752522, 1.299999999828630015, 0.004043105225382447043 ) ) ;
#3200 = CARTESIAN_POINT ( 'NONE',  ( -0.3000000000004000023, -1.110223024625820170E-16, -0.5000000000002999823 ) ) ;
#3201 = EDGE_CURVE ( 'NONE', #2545, #3074, #2731, .T. ) ;
#3202 = ORIENTED_EDGE ( 'NONE', *, *, #2592, .T. ) ;
#3203 = DIRECTION ( 'NONE',  ( -0.7071067811865474617, 1.557251126319051959E-16, 0.7071067811865474617 ) ) ;
#3204 = VERTEX_POINT ( 'NONE', #2213 ) ;
#3205 = CARTESIAN_POINT ( 'NONE',  ( -4.332896328262529931E-13, 1.030000000000000027, -3.002342809051609756E-13 ) ) ;
#3206 = ADVANCED_FACE ( 'NONE', ( #614, #21 ), #42, .F. ) ;
#3207 =( LENGTH_UNIT ( ) NAMED_UNIT ( * ) SI_UNIT ( .MILLI., .METRE. ) );
#3208 = DIRECTION ( 'NONE',  ( -1.000000000000000000, 0.0000000000000000000, -0.0000000000000000000 ) ) ;
#3209 = ORIENTED_EDGE ( 'NONE', *, *, #2760, .F. ) ;
#3210 = CONICAL_SURFACE ( 'NONE', #1032, 1.000000000032896130, 0.7853981633974482790 ) ;
#3211 = PLANE ( 'NONE',  #1424 ) ;
#3212 = EDGE_CURVE ( 'NONE', #695, #1464, #1123, .T. ) ;
#3213 = LINE ( 'NONE', #568, #492 ) ;
#3214 = EDGE_LOOP ( 'NONE', ( #416, #162, #115, #2008 ) ) ;
#3215 = AXIS2_PLACEMENT_3D ( 'NONE', #3222, #2361, #1898 ) ;
#3216 = LINE ( 'NONE', #2951, #2547 ) ;
#3217 = LINE ( 'NONE', #3180, #1721 ) ;
#3218 = CARTESIAN_POINT ( 'NONE',  ( 1.149999999999999911, 0.009999999999999953371, -0.2250000000003000433 ) ) ;
#3219 = CARTESIAN_POINT ( 'NONE',  ( -0.5326962725828230383, 1.299999999828630237, 0.9247177308075092972 ) ) ;
#3220 = DIRECTION ( 'NONE',  ( 1.000000000000000000, 0.0000000000000000000, 0.0000000000000000000 ) ) ;
#3221 = CARTESIAN_POINT ( 'NONE',  ( -0.3000000000004000023, 0.009999999999999830205, -0.8113106679981365588 ) ) ;
#3222 = CARTESIAN_POINT ( 'NONE',  ( -1.000000000000000000, 2.886579864025410062E-16, 1.300000000000000266 ) ) ;
#3223 = AXIS2_PLACEMENT_3D ( 'NONE', #1880, #2486, #1954 ) ;
#3224 = VECTOR ( 'NONE', #3108, 1000.000000000000000 ) ;
#3225 = CARTESIAN_POINT ( 'NONE',  ( -1.500000000000000000, 0.1200000000000000094, -0.9000000000003000045 ) ) ;
#3226 = DIRECTION ( 'NONE',  ( 0.0000000000000000000, -1.000000000000000000, 2.220446049250310123E-16 ) ) ;
#3227 = ORIENTED_EDGE ( 'NONE', *, *, #2226, .F. ) ;
#3228 = VECTOR ( 'NONE', #533, 1000.000000000000000 ) ;
#3229 = AXIS2_PLACEMENT_3D ( 'NONE', #225, #1299, #2588 ) ;
#3230 = EDGE_CURVE ( 'NONE', #631, #673, #342, .T. ) ;
#3231 = DIRECTION ( 'NONE',  ( 0.0000000000000000000, 0.0000000000000000000, 1.000000000000000000 ) ) ;
#3232 =( GEOMETRIC_REPRESENTATION_CONTEXT ( 3 ) GLOBAL_UNCERTAINTY_ASSIGNED_CONTEXT ( ( #910 ) ) GLOBAL_UNIT_ASSIGNED_CONTEXT ( ( #1108, #2984, #1126 ) ) REPRESENTATION_CONTEXT ( 'NONE', 'WORKASPACE' ) );
#3233 = CARTESIAN_POINT ( 'NONE',  ( -4.333012728249789759E-13, 1.220000000000009965, -3.003298693811160060E-13 ) ) ;
#3234 = ORIENTED_EDGE ( 'NONE', *, *, #957, .T. ) ;
#3235 = DIRECTION ( 'NONE',  ( 1.000000000000000000, -0.0000000000000000000, 0.0000000000000000000 ) ) ;
#3236 = EDGE_CURVE ( 'NONE', #2584, #2776, #2392, .T. ) ;
#3237 = CIRCLE ( 'NONE', #259, 1.000000000000000000 ) ;
#3238 = AXIS2_PLACEMENT_3D ( 'NONE', #2379, #1544, #3457 ) ;
#3239 = CARTESIAN_POINT ( 'NONE',  ( -0.1439319188529647464, 1.300000000000010481, -0.9120348377896144720 ) ) ;
#3240 = VECTOR ( 'NONE', #3426, 1000.000000000000000 ) ;
#3241 = DIRECTION ( 'NONE',  ( -0.0000000000000000000, -1.000000000000000000, 2.220446049250310123E-16 ) ) ;
#3242 = CARTESIAN_POINT ( 'NONE',  ( 0.009999999999566969860, 0.5300000000139730716, 0.9999499987652050725 ) ) ;
#3243 = ADVANCED_FACE ( 'NONE', ( #2229 ), #328, .F. ) ;
#3244 = CARTESIAN_POINT ( 'NONE',  ( -0.4000000000003999800, 0.01000000000000010082, 0.3999999999996999844 ) ) ;
#3245 = CARTESIAN_POINT ( 'NONE',  ( -4.000272335602520694E-13, 0.1200000000000000094, 0.5199999999998500266 ) ) ;
#3246 = ORIENTED_EDGE ( 'NONE', *, *, #2417, .T. ) ;
#3247 = DIRECTION ( 'NONE',  ( -0.0000000000000000000, 1.000000000000000000, 0.0000000000000000000 ) ) ;
#3248 = LINE ( 'NONE', #1145, #2728 ) ;
#3249 = CARTESIAN_POINT ( 'NONE',  ( -0.8352245207091000267, 0.009999999999999960310, -0.2250000000002999878 ) ) ;
#3250 = VERTEX_POINT ( 'NONE', #2690 ) ;
#3251 = CARTESIAN_POINT ( 'NONE',  ( -0.3000000000004000023, 0.1200000000000000233, 0.4999999999997000177 ) ) ;
#3252 = DIRECTION ( 'NONE',  ( -0.0000000000000000000, -2.220446049250310123E-16, -1.000000000000000000 ) ) ;
#3253 = EDGE_CURVE ( 'NONE', #1406, #2528, #1673, .T. ) ;
#3254 = ORIENTED_EDGE ( 'NONE', *, *, #1131, .T. ) ;
#3255 = CARTESIAN_POINT ( 'NONE',  ( -1.300000000000000266, 0.1200000000000000927, 0.8999999999997000399 ) ) ;
#3256 = CARTESIAN_POINT ( 'NONE',  ( -0.6935285546206811924, 1.300000000000009814, -0.6078378936100571339 ) ) ;
#3257 = EDGE_CURVE ( 'NONE', #1250, #2186, #320, .T. ) ;
#3258 = DIRECTION ( 'NONE',  ( 0.0000000000000000000, 0.0000000000000000000, -1.000000000000000000 ) ) ;
#3259 = DIRECTION ( 'NONE',  ( 0.0000000000000000000, 0.0000000000000000000, -1.000000000000000000 ) ) ;
#3260 = FACE_OUTER_BOUND ( 'NONE', #1595, .T. ) ;
#3261 = EDGE_CURVE ( 'NONE', #1289, #1825, #3237, .T. ) ;
#3262 = DIRECTION ( 'NONE',  ( 0.0000000000000000000, 2.323290370833846057E-16, 1.000000000000000000 ) ) ;
#3263 = ORIENTED_EDGE ( 'NONE', *, *, #1581, .T. ) ;
#3264 = VERTEX_POINT ( 'NONE', #1951 ) ;
#3265 = CARTESIAN_POINT ( 'NONE',  ( 1.149999999999999911, -1.998401444325950382E-16, -0.9000000000003000045 ) ) ;
#3266 = CARTESIAN_POINT ( 'NONE',  ( 0.3999999999996000088, 9.436895709307150914E-17, 0.3999999999997000955 ) ) ;
#3267 = VECTOR ( 'NONE', #886, 1000.000000000000000 ) ;
#3268 = DIRECTION ( 'NONE',  ( 0.0000000000000000000, -1.000000000000000000, 2.220446049250310123E-16 ) ) ;
#3269 = ORIENTED_EDGE ( 'NONE', *, *, #2621, .F. ) ;
#3270 = CARTESIAN_POINT ( 'NONE',  ( 0.3999999999996000088, -8.881784197007910063E-17, -0.4000000000003000045 ) ) ;
#3271 =( GEOMETRIC_REPRESENTATION_CONTEXT ( 3 ) GLOBAL_UNCERTAINTY_ASSIGNED_CONTEXT ( ( #2572 ) ) GLOBAL_UNIT_ASSIGNED_CONTEXT ( ( #98, #1688, #47 ) ) REPRESENTATION_CONTEXT ( 'NONE', 'WORKASPACE' ) );
#3272 = DIRECTION ( 'NONE',  ( -0.0000000000000000000, 2.220446049250310123E-16, 1.000000000000000000 ) ) ;
#3273 = ORIENTED_EDGE ( 'NONE', *, *, #1004, .F. ) ;
#3274 = CARTESIAN_POINT ( 'NONE',  ( -1.500000000000000000, 0.009999999999999809389, 0.8999999999996999289 ) ) ;
#3275 = CARTESIAN_POINT ( 'NONE',  ( -0.9668535768523630614, 1.300000001092711077, 0.004249052718155046406 ) ) ;
#3276 = EDGE_CURVE ( 'NONE', #2584, #1406, #285, .T. ) ;
#3277 = DIRECTION ( 'NONE',  ( 0.7071067811865474617, 0.0000000000000000000, 0.7071067811865474617 ) ) ;
#3278 = DIRECTION ( 'NONE',  ( 0.7071067811865486830, 1.570092458683770976E-16, 0.7071067811865464625 ) ) ;
#3279 = VERTEX_POINT ( 'NONE', #842 ) ;
#3280 = EDGE_CURVE ( 'NONE', #2623, #1825, #327, .T. ) ;
#3281 = DIRECTION ( 'NONE',  ( -0.0000000000000000000, -2.220446049250310123E-16, -1.000000000000000000 ) ) ;
#3282 = ORIENTED_EDGE ( 'NONE', *, *, #423, .F. ) ;
#3283 = FILL_AREA_STYLE ('',( #1935 ) ) ;
#3284 = ORIENTED_EDGE ( 'NONE', *, *, #773, .F. ) ;
#3285 = CARTESIAN_POINT ( 'NONE',  ( -4.110074910620986621E-13, 1.030000000000036664, -2.987947042564235093E-13 ) ) ;
#3286 = CARTESIAN_POINT ( 'NONE',  ( 0.009999999999566995881, 1.300000000000010036, -2.103384973689999882 ) ) ;
#3287 = CARTESIAN_POINT ( 'NONE',  ( -0.01000000000042999999, 0.5533333772644650761, 0.9766154547878216352 ) ) ;
#3288 = VERTEX_POINT ( 'NONE', #3299 ) ;
#3289 = FILL_AREA_STYLE_COLOUR ( '', #2395 ) ;
#3290 = AXIS2_PLACEMENT_3D ( 'NONE', #399, #3130, #447 ) ;
#3291 = DIRECTION ( 'NONE',  ( 0.0000000000000000000, -1.000000000000000000, 2.220446049250310123E-16 ) ) ;
#3292 = VECTOR ( 'NONE', #2507, 1000.000000000000000 ) ;
#3293 = CARTESIAN_POINT ( 'NONE',  ( 4.995667725571750419E-10, 0.1200000000000000094, -3.000158203175253125E-13 ) ) ;
#3294 = VERTEX_POINT ( 'NONE', #2998 ) ;
#3295 = CARTESIAN_POINT ( 'NONE',  ( -1.300000000000000266, 2.220446049250310123E-16, 0.8999999999997000399 ) ) ;
#3296 = VECTOR ( 'NONE', #256, 1000.000000000000000 ) ;
#3297 = LINE ( 'NONE', #1629, #1208 ) ;
#3298 = VECTOR ( 'NONE', #880, 1000.000000000000000 ) ;
#3299 = CARTESIAN_POINT ( 'NONE',  ( 4.995667725571750419E-10, 0.1200000000000000788, 0.3499999998156000380 ) ) ;
#3300 = EDGE_CURVE ( 'NONE', #2792, #2126, #362, .T. ) ;
#3301 = DIRECTION ( 'NONE',  ( -1.214162170383057855E-39, -1.039966723848121501E-12, 1.000000000000000000 ) ) ;
#3302 = DIRECTION ( 'NONE',  ( 0.0000000000000000000, 2.220446049250310123E-16, 1.000000000000000000 ) ) ;
#3303 = ORIENTED_EDGE ( 'NONE', *, *, #2263, .F. ) ;
#3304 = DIRECTION ( 'NONE',  ( 0.7071067811865475727, 1.570092458683768511E-16, 0.7071067811865475727 ) ) ;
#3305 = LINE ( 'NONE', #904, #1494 ) ;
#3306 = ADVANCED_FACE ( 'NONE', ( #2766 ), #1440, .F. ) ;
#3307 = ORIENTED_EDGE ( 'NONE', *, *, #3201, .F. ) ;
#3308 = CARTESIAN_POINT ( 'NONE',  ( 0.2999999999995999755, 2.886579864025410062E-16, 0.4999999999997000177 ) ) ;
#3309 = EDGE_LOOP ( 'NONE', ( #2129, #1486, #1866, #1897, #2307, #2300 ) ) ;
#3310 = DIRECTION ( 'NONE',  ( 0.0000000000000000000, -1.000000000000000000, 2.220446049250310123E-16 ) ) ;
#3311 = CARTESIAN_POINT ( 'NONE',  ( -0.01000000000043515733, 0.8099999999963785058, 0.9999499987618097885 ) ) ;
#3312 = ORIENTED_EDGE ( 'NONE', *, *, #3337, .F. ) ;
#3313 = DIRECTION ( 'NONE',  ( 0.0000000000000000000, -1.000000000000000000, -0.0000000000000000000 ) ) ;
#3314 = ORIENTED_EDGE ( 'NONE', *, *, #1421, .T. ) ;
#3315 = ORIENTED_EDGE ( 'NONE', *, *, #2034, .T. ) ;
#3316 = DIRECTION ( 'NONE',  ( -1.214162170383057855E-39, -1.039966723848121501E-12, 1.000000000000000000 ) ) ;
#3317 = EDGE_CURVE ( 'NONE', #3065, #1842, #1172, .T. ) ;
#3318 = DIRECTION ( 'NONE',  ( -0.0000000000000000000, -1.000000000000000000, 0.0000000000000000000 ) ) ;
#3319 = DIRECTION ( 'NONE',  ( 0.0000000000000000000, 0.0000000000000000000, -1.000000000000000000 ) ) ;
#3320 = ORIENTED_EDGE ( 'NONE', *, *, #1164, .F. ) ;
#3321 = EDGE_CURVE ( 'NONE', #182, #3092, #1894, .T. ) ;
#3322 = CARTESIAN_POINT ( 'NONE',  ( 0.2999999999995999755, 0.009999999999999830205, -0.8069385320003000794 ) ) ;
#3323 = EDGE_LOOP ( 'NONE', ( #1756, #1476, #2309, #123 ) ) ;
#3324 = AXIS2_PLACEMENT_3D ( 'NONE', #1377, #1153, #39 ) ;
#3325 = AXIS2_PLACEMENT_3D ( 'NONE', #1431, #1113, #1987 ) ;
#3326 = CARTESIAN_POINT ( 'NONE',  ( -4.332590228257060364E-13, 0.3599999999999995426, -1.000000000000300204 ) ) ;
#3327 = ORIENTED_EDGE ( 'NONE', *, *, #2837, .T. ) ;
#3328 = CARTESIAN_POINT ( 'NONE',  ( 4.995667725571750419E-10, 0.01000000032200027734, 0.3499999998156000380 ) ) ;
#3329 = VECTOR ( 'NONE', #1257, 1000.000000000000114 ) ;
#3330 = VERTEX_POINT ( 'NONE', #1217 ) ;
#3331 = CYLINDRICAL_SURFACE ( 'NONE', #2670, 1.000000000000000000 ) ;
#3332 = ORIENTED_EDGE ( 'NONE', *, *, #314, .T. ) ;
#3333 = DIRECTION ( 'NONE',  ( -1.000000000000000000, 0.0000000000000000000, 8.016399230831059293E-10 ) ) ;
#3334 = CARTESIAN_POINT ( 'NONE',  ( 4.995668115292950517E-10, 0.01000000000000000021, -2.999706039119589835E-13 ) ) ;
#3335 = EDGE_LOOP ( 'NONE', ( #2568, #2617, #26, #486, #2759, #2319, #2479, #2530, #1702 ) ) ;
#3336 = PRESENTATION_STYLE_ASSIGNMENT (( #889 ) ) ;
#3337 = EDGE_CURVE ( 'NONE', #1006, #2773, #3106, .T. ) ;
#3338 = AXIS2_PLACEMENT_3D ( 'NONE', #3023, #2467, #2980 ) ;
#3339 = AXIS2_PLACEMENT_3D ( 'NONE', #2294, #3363, #960 ) ;
#3340 = CYLINDRICAL_SURFACE ( 'NONE', #1840, 0.3499999998159000203 ) ;
#3341 = EDGE_LOOP ( 'NONE', ( #2798, #2848, #3380, #2399 ) ) ;
#3342 = EDGE_CURVE ( 'NONE', #2316, #1557, #3392, .T. ) ;
#3343 = FACE_OUTER_BOUND ( 'NONE', #3045, .T. ) ;
#3344 = VECTOR ( 'NONE', #2856, 1000.000000000000000 ) ;
#3345 = VECTOR ( 'NONE', #826, 1000.000000000000000 ) ;
#3346 = CIRCLE ( 'NONE', #603, 0.8650000000000001021 ) ;
#3347 = EDGE_CURVE ( 'NONE', #2537, #1528, #444, .T. ) ;
#3348 = VERTEX_POINT ( 'NONE', #3326 ) ;
#3349 = FACE_OUTER_BOUND ( 'NONE', #3309, .T. ) ;
#3350 = ORIENTED_EDGE ( 'NONE', *, *, #2401, .T. ) ;
#3351 = DIRECTION ( 'NONE',  ( -1.000000000000000000, 0.0000000000000000000, -0.0000000000000000000 ) ) ;
#3352 = EDGE_LOOP ( 'NONE', ( #1305, #949, #2098, #2756, #2677, #1411, #1580, #1546 ) ) ;
#3353 = DIRECTION ( 'NONE',  ( 0.0000000000000000000, 1.000000000000000000, -2.220446049250310123E-16 ) ) ;
#3354 = VECTOR ( 'NONE', #2522, 1000.000000000000000 ) ;
#3355 = LINE ( 'NONE', #1205, #1385 ) ;
#3356 = ORIENTED_EDGE ( 'NONE', *, *, #883, .F. ) ;
#3357 = EDGE_CURVE ( 'NONE', #141, #2199, #828, .T. ) ;
#3358 = CARTESIAN_POINT ( 'NONE',  ( -1.149999999999999911, 0.01000000000000020144, 0.8999999999997000399 ) ) ;
#3359 = DIRECTION ( 'NONE',  ( 0.0000000000000000000, 2.213057180109501366E-16, 1.000000000000000000 ) ) ;
#3360 = EDGE_CURVE ( 'NONE', #569, #1342, #2014, .T. ) ;
#3361 = CARTESIAN_POINT ( 'NONE',  ( -0.01000000000042953682, 1.299999999977363263, 0.9258372062128288338 ) ) ;
#3362 = EDGE_LOOP ( 'NONE', ( #1336, #1920, #646, #3332, #373, #2680 ) ) ;
#3363 = DIRECTION ( 'NONE',  ( 0.0000000000000000000, -1.000000000000000000, 2.220446049250310123E-16 ) ) ;
#3364 = ADVANCED_FACE ( 'NONE', ( #1519 ), #2270, .T. ) ;
#3365 = VERTEX_POINT ( 'NONE', #2027 ) ;
#3366 = CARTESIAN_POINT ( 'NONE',  ( -1.300000000000000266, 2.053912595556035813E-16, 0.8999999999997001510 ) ) ;
#3367 = ORIENTED_EDGE ( 'NONE', *, *, #1578, .F. ) ;
#3368 = DIRECTION ( 'NONE',  ( 0.0000000000000000000, -2.220446049250310123E-16, -1.000000000000000000 ) ) ;
#3369 = LINE ( 'NONE', #698, #2280 ) ;
#3370 = ORIENTED_EDGE ( 'NONE', *, *, #1218, .T. ) ;
#3371 = CARTESIAN_POINT ( 'NONE',  ( 1.149999999999999911, 0.009999999999999809389, -0.9000000000003000045 ) ) ;
#3372 = ORIENTED_EDGE ( 'NONE', *, *, #2459, .T. ) ;
#3373 = CARTESIAN_POINT ( 'NONE',  ( 1.500000000000000000, 0.01000000000000020144, 0.8999999999997000399 ) ) ;
#3374 = CARTESIAN_POINT ( 'NONE',  ( -0.01000000000037776227, 1.292580631819490344, 0.9547646288535618364 ) ) ;
#3375 = VECTOR ( 'NONE', #3318, 1000.000000000000000 ) ;
#3376 = DIRECTION ( 'NONE',  ( 0.0000000000000000000, 0.0000000000000000000, -1.000000000000000000 ) ) ;
#3377 = ORIENTED_EDGE ( 'NONE', *, *, #3261, .F. ) ;
#3378 = CARTESIAN_POINT ( 'NONE',  ( 0.2999999999995998645, -2.886579864025410062E-16, -1.300000000000000266 ) ) ;
#3379 = ADVANCED_FACE ( 'NONE', ( #412 ), #711, .F. ) ;
#3380 = ORIENTED_EDGE ( 'NONE', *, *, #2110, .T. ) ;
#3381 = DIRECTION ( 'NONE',  ( -1.000000000000000000, -6.345657645796767549E-26, -2.857830140903109742E-10 ) ) ;
#3382 = ORIENTED_EDGE ( 'NONE', *, *, #2816, .T. ) ;
#3383 = FACE_OUTER_BOUND ( 'NONE', #1738, .T. ) ;
#3384 = EDGE_CURVE ( 'NONE', #2041, #2623, #3117, .T. ) ;
#3385 = DIRECTION ( 'NONE',  ( 0.0000000000000000000, 1.000000000000000000, -2.220446049250310123E-16 ) ) ;
#3386 = ORIENTED_EDGE ( 'NONE', *, *, #1164, .T. ) ;
#3387 = EDGE_CURVE ( 'NONE', #882, #3065, #2292, .T. ) ;
#3388 = CARTESIAN_POINT ( 'NONE',  ( -1.149999999999999911, 0.1200000000000001343, 0.8999999999997000399 ) ) ;
#3389 = VERTEX_POINT ( 'NONE', #3255 ) ;
#3390 = DIRECTION ( 'NONE',  ( 1.110223024625152103E-16, 1.000000000000000000, -1.110223024625152103E-16 ) ) ;
#3391 = CARTESIAN_POINT ( 'NONE',  ( -1.300000000000000044, 2.386979502944083505E-16, 1.000000000000000000 ) ) ;
#3392 = LINE ( 'NONE', #1197, #3018 ) ;
#3393 = ORIENTED_EDGE ( 'NONE', *, *, #2559, .T. ) ;
#3394 = CARTESIAN_POINT ( 'NONE',  ( 0.2999999999995999200, 0.009999999999999899594, -0.5000000000002999823 ) ) ;
#3395 = VECTOR ( 'NONE', #1997, 1000.000000000000000 ) ;
#3396 = LINE ( 'NONE', #2633, #526 ) ;
#3397 = AXIS2_PLACEMENT_3D ( 'NONE', #499, #3125, #1871 ) ;
#3398 = EDGE_CURVE ( 'NONE', #3078, #606, #835, .T. ) ;
#3399 = VERTEX_POINT ( 'NONE', #744 ) ;
#3400 = PLANE ( 'NONE',  #772 ) ;
#3401 = EDGE_LOOP ( 'NONE', ( #1628, #1383, #2490, #1202 ) ) ;
#3402 = CARTESIAN_POINT ( 'NONE',  ( 4.995668050240819134E-10, 0.3600000002847991709, -3.000485309432140176E-13 ) ) ;
#3403 = VECTOR ( 'NONE', #3376, 1000.000000000000000 ) ;
#3404 = PRESENTATION_LAYER_ASSIGNMENT (  '', '', ( #1449 ) ) ;
#3405 = DIRECTION ( 'NONE',  ( -1.000000000000000000, -0.0000000000000000000, -0.0000000000000000000 ) ) ;
#3406 = ORIENTED_EDGE ( 'NONE', *, *, #1089, .F. ) ;
#3407 = EDGE_CURVE ( 'NONE', #2570, #933, #2590, .T. ) ;
#3408 = FACE_OUTER_BOUND ( 'NONE', #549, .T. ) ;
#3409 = ORIENTED_EDGE ( 'NONE', *, *, #700, .T. ) ;
#3410 = DIRECTION ( 'NONE',  ( -0.0000000000000000000, -1.000000000000000000, 2.220446049250310123E-16 ) ) ;
#3411 = CARTESIAN_POINT ( 'NONE',  ( -4.332611628267369764E-13, 0.5300000000261209099, -3.003240017784847282E-13 ) ) ;
#3412 = DIRECTION ( 'NONE',  ( 0.7071067811865473507, 1.557251126319051713E-16, 0.7071067811865477948 ) ) ;
#3413 = FACE_OUTER_BOUND ( 'NONE', #2456, .T. ) ;
#3414 = CARTESIAN_POINT ( 'NONE',  ( 0.009999999999520742949, 1.238030600977667373, 0.9984041303700817993 ) ) ;
#3415 = CARTESIAN_POINT ( 'NONE',  ( 0.009999999999566969860, 0.3599999999999999867, 0.8899438179997000153 ) ) ;
#3416 = PLANE ( 'NONE',  #2176 ) ;
#3417 = ORIENTED_EDGE ( 'NONE', *, *, #1868, .F. ) ;
#3418 = CARTESIAN_POINT ( 'NONE',  ( -1.149999999999999911, 0.009999999999999960310, -0.2250000000002999878 ) ) ;
#3419 = SURFACE_STYLE_USAGE ( .BOTH. , #2600 ) ;
#3420 = FACE_OUTER_BOUND ( 'NONE', #1416, .T. ) ;
#3421 = ORIENTED_EDGE ( 'NONE', *, *, #180, .F. ) ;
#3422 = EDGE_CURVE ( 'NONE', #2072, #1528, #2189, .T. ) ;
#3423 = LINE ( 'NONE', #956, #2328 ) ;
#3424 = VERTEX_POINT ( 'NONE', #1536 ) ;
#3425 = LINE ( 'NONE', #457, #824 ) ;
#3426 = DIRECTION ( 'NONE',  ( -0.0000000000000000000, -0.0000000000000000000, 1.000000000000000000 ) ) ;
#3427 = PRODUCT_DEFINITION_SHAPE ( 'NONE', 'NONE',  #1534 ) ;
#3428 = CARTESIAN_POINT ( 'NONE',  ( 0.1539855172281257012, 1.300000000000010703, 0.9103560468278746320 ) ) ;
#3429 = ORIENTED_EDGE ( 'NONE', *, *, #2821, .F. ) ;
#3430 = CARTESIAN_POINT ( 'NONE',  ( 0.009999999999520742949, 1.254928259750074826, 0.9924767347160396991 ) ) ;
#3431 = AXIS2_PLACEMENT_3D ( 'NONE', #276, #496, #1568 ) ;
#3432 = ORIENTED_EDGE ( 'NONE', *, *, #420, .F. ) ;
#3433 = LINE ( 'NONE', #1860, #609 ) ;
#3434 = ORIENTED_EDGE ( 'NONE', *, *, #1070, .F. ) ;
#3435 = LINE ( 'NONE', #1845, #2370 ) ;
#3436 = AXIS2_PLACEMENT_3D ( 'NONE', #1418, #2480, #339 ) ;
#3437 = VECTOR ( 'NONE', #2795, 1000.000000000000000 ) ;
#3438 = CARTESIAN_POINT ( 'NONE',  ( -1.500000000000000000, 0.01000000000000005225, 0.2249999999997000510 ) ) ;
#3439 = CARTESIAN_POINT ( 'NONE',  ( -4.000272335602520694E-13, 0.1199999999999997735, -0.5000000000003000933 ) ) ;
#3440 = ORIENTED_EDGE ( 'NONE', *, *, #1023, .F. ) ;
#3441 = CARTESIAN_POINT ( 'NONE',  ( -0.4000000000003999800, 0.1200000000000000649, 0.3999999999996999844 ) ) ;
#3442 = EDGE_CURVE ( 'NONE', #3389, #2349, #2064, .T. ) ;
#3443 = VERTEX_POINT ( 'NONE', #1272 ) ;
#3444 = LINE ( 'NONE', #3196, #765 ) ;
#3445 = CARTESIAN_POINT ( 'NONE',  ( -0.8633309396396233737, 1.300000000000010703, 0.3182642951790453645 ) ) ;
#3446 = LINE ( 'NONE', #1045, #2553 ) ;
#3447 = ORIENTED_EDGE ( 'NONE', *, *, #1140, .F. ) ;
#3448 = DIRECTION ( 'NONE',  ( -0.0000000000000000000, -0.0000000000000000000, 1.000000000000000000 ) ) ;
#3449 = EDGE_CURVE ( 'NONE', #2161, #1844, #150, .T. ) ;
#3450 = VERTEX_POINT ( 'NONE', #1287 ) ;
#3451 = AXIS2_PLACEMENT_3D ( 'NONE', #175, #1783, #3093 ) ;
#3452 = LINE ( 'NONE', #1278, #2729 ) ;
#3453 = EDGE_LOOP ( 'NONE', ( #1692, #1054, #3069, #87 ) ) ;
#3454 = DIRECTION ( 'NONE',  ( 0.0000000000000000000, -2.226486605569892678E-16, -1.000000000000000000 ) ) ;
#3455 = VECTOR ( 'NONE', #2645, 1000.000000000000000 ) ;
#3456 = AXIS2_PLACEMENT_3D ( 'NONE', #2425, #856, #1378 ) ;
#3457 = DIRECTION ( 'NONE',  ( 0.0000000000000000000, 2.213057180109501119E-16, 1.000000000000000000 ) ) ;
#3458 = CARTESIAN_POINT ( 'NONE',  ( -1.149999999999999911, 0.01000000000000020144, 0.8999999999997000399 ) ) ;
#3459 = ORIENTED_EDGE ( 'NONE', *, *, #1190, .T. ) ;
#3460 = AXIS2_PLACEMENT_3D ( 'NONE', #1091, #1352, #1335 ) ;
#3461 = PRESENTATION_LAYER_ASSIGNMENT (  '', '', ( #2389 ) ) ;
#3462 = VECTOR ( 'NONE', #2359, 1000.000000000000000 ) ;
#3463 = AXIS2_PLACEMENT_3D ( 'NONE', #1740, #117, #626 ) ;
#3464 = DIRECTION ( 'NONE',  ( 0.0000000000000000000, 2.220446049250310123E-16, 1.000000000000000000 ) ) ;
#3465 = FACE_BOUND ( 'NONE', #1741, .T. ) ;
#3466 = ORIENTED_EDGE ( 'NONE', *, *, #1235, .F. ) ;
#3467 = LINE ( 'NONE', #2666, #2785 ) ;
#3468 = ADVANCED_FACE ( 'NONE', ( #2457 ), #2355, .F. ) ;
#3469 = CARTESIAN_POINT ( 'NONE',  ( -0.6115981487010107021, 1.300000000000010925, 0.6902147965079432623 ) ) ;
#3470 = DIRECTION ( 'NONE',  ( 0.0000000000000000000, -2.220446049250310123E-16, -1.000000000000000000 ) ) ;
#3471 = CARTESIAN_POINT ( 'NONE',  ( 9.997638054073456739E-10, 1.299999999828629793, -0.9199999981936259896 ) ) ;
#3472 = EDGE_CURVE ( 'NONE', #3039, #368, #2336, .T. ) ;
#3473 = CARTESIAN_POINT ( 'NONE',  ( 1.149999999999999911, 0.01000000000000016848, 0.8999999999997000399 ) ) ;
#3474 = ORIENTED_EDGE ( 'NONE', *, *, #2073, .F. ) ;
#3475 = CARTESIAN_POINT ( 'NONE',  ( 4.995668154198130212E-10, 0.01000000008843918674, -0.3499999997867319634 ) ) ;
#3476 = ORIENTED_EDGE ( 'NONE', *, *, #926, .T. ) ;
#3477 = DIRECTION ( 'NONE',  ( 0.0000000000000000000, -2.168404344971008868E-16, -1.000000000000000000 ) ) ;
#3478 = EDGE_CURVE ( 'NONE', #275, #3250, #3446, .T. ) ;
#3479 = LINE ( 'NONE', #2909, #1051 ) ;
#3480 = ORIENTED_EDGE ( 'NONE', *, *, #639, .T. ) ;
#3481 = DIRECTION ( 'NONE',  ( -0.0000000000000000000, 2.220446049250310123E-16, 1.000000000000000000 ) ) ;
#3482 = ORIENTED_EDGE ( 'NONE', *, *, #3472, .F. ) ;
#3483 = B_SPLINE_CURVE_WITH_KNOTS ( 'NONE', 3,
 ( #2342, #2672, #3414, #2917, #3430, #764, #1048, #1031, #2615, #2079, #1082, #503, #2116, #3145, #2591, #816 ),
 .UNSPECIFIED., .F., .F.,
 ( 4, 3, 3, 3, 3, 4 ),
 ( 9.356751383817200285E-15, 2.686068757391622610E-05, 5.372133952200652059E-05, 8.058255992571638333E-05, 0.0001074450858305686440, 0.0001249761819928058124 ),
 .UNSPECIFIED. ) ;
ENDSEC;
END-ISO-10303-21;
